/*******************************************************************************
 * Size: 20 px
 * Bpp: 4
 * Generated by device/generate-assets.mjs. Font: CG UI 20px weight 800 (Pretendard subset, SIL OFL 1.1).
 ******************************************************************************/

#ifdef LV_LVGL_H_INCLUDE_SIMPLE
#include "lvgl.h"
#else
#include "lvgl/lvgl.h"
#endif

#ifndef CG_FONT_20_BOLD
#define CG_FONT_20_BOLD 1
#endif

#if CG_FONT_20_BOLD

/*-----------------
 *    BITMAPS
 *----------------*/

/*Store the image of the glyphs*/
static LV_ATTRIBUTE_LARGE_CONST const uint8_t glyph_bitmap[] = {
    /* U+0020 " " */

    /* U+0021 "!" */
    0x7f, 0xfe, 0x6f, 0xfe, 0x6f, 0xfd, 0x5f, 0xfd,
    0x5f, 0xfc, 0x4f, 0xfc, 0x4f, 0xfb, 0x3f, 0xfb,
    0x3f, 0xfa, 0x2f, 0xfa, 0x7, 0x92, 0x5f, 0xfd,
    0x7f, 0xfe, 0x1c, 0xf6,

    /* U+0022 "\"" */
    0x2f, 0xf1, 0x9f, 0xa2, 0xff, 0x19, 0xfa, 0x2f,
    0xf1, 0x9f, 0xa2, 0xff, 0x19, 0xfa, 0x2f, 0xf1,
    0x9f, 0xa1, 0xaa, 0x6, 0xa6,

    /* U+0023 "#" */
    0x0, 0x4, 0xff, 0x20, 0x5f, 0xf1, 0x0, 0x0,
    0x7f, 0xf0, 0x7, 0xff, 0x0, 0x0, 0xa, 0xfc,
    0x0, 0xaf, 0xc0, 0x0, 0xbf, 0xff, 0xff, 0xff,
    0xff, 0xf6, 0xe, 0xff, 0xff, 0xff, 0xff, 0xff,
    0x40, 0x89, 0xff, 0xa8, 0x9f, 0xf9, 0x81, 0x0,
    0x4f, 0xf2, 0x5, 0xff, 0x10, 0x0, 0x7, 0xff,
    0x0, 0x7f, 0xf0, 0x0, 0x8f, 0xff, 0xff, 0xff,
    0xff, 0xf9, 0xb, 0xff, 0xff, 0xff, 0xff, 0xff,
    0x70, 0x68, 0xff, 0xb8, 0x8f, 0xfb, 0x82, 0x0,
    0x2f, 0xf5, 0x2, 0xff, 0x40, 0x0, 0x4, 0xff,
    0x20, 0x5f, 0xf2, 0x0, 0x0, 0x7f, 0xf0, 0x7,
    0xff, 0x0, 0x0,

    /* U+0024 "$" */
    0x0, 0x0, 0x0, 0x80, 0x0, 0x0, 0x0, 0x0,
    0x0, 0x1f, 0x10, 0x0, 0x0, 0x0, 0x0, 0x1,
    0xf1, 0x0, 0x0, 0x0, 0x0, 0x6b, 0xff, 0xfb,
    0x50, 0x0, 0x0, 0xcf, 0xff, 0xff, 0xff, 0xb0,
    0x0, 0x8f, 0xff, 0xff, 0xff, 0xff, 0x70, 0xe,
    0xff, 0xb1, 0xf1, 0xaf, 0xfd, 0x0, 0xef, 0xf9,
    0x1f, 0x11, 0x55, 0x50, 0xa, 0xff, 0xfb, 0xf3,
    0x0, 0x0, 0x0, 0x1d, 0xff, 0xff, 0xfe, 0x91,
    0x0, 0x0, 0x6, 0xbf, 0xff, 0xff, 0xe3, 0x0,
    0x0, 0x0, 0x1f, 0x8e, 0xff, 0xd0, 0x3c, 0xcb,
    0x1, 0xf1, 0x5f, 0xff, 0x12, 0xff, 0xf7, 0x1f,
    0x1a, 0xff, 0xf0, 0xc, 0xff, 0xff, 0xff, 0xff,
    0xfc, 0x0, 0x2e, 0xff, 0xff, 0xff, 0xfe, 0x20,
    0x0, 0x17, 0xcf, 0xff, 0xc8, 0x10, 0x0, 0x0,
    0x0, 0x1f, 0x10, 0x0, 0x0, 0x0, 0x0, 0x0,
    0x80, 0x0, 0x0, 0x0,

    /* U+0025 "%" */
    0x3, 0xbf, 0xfc, 0x30, 0x0, 0x0, 0xcf, 0x90,
    0x0, 0x1e, 0xff, 0xff, 0xe1, 0x0, 0x7, 0xfd,
    0x0, 0x0, 0x5f, 0xe1, 0x1e, 0xf5, 0x0, 0x3f,
    0xf3, 0x0, 0x0, 0x5f, 0xe1, 0x1e, 0xf5, 0x0,
    0xdf, 0x80, 0x0, 0x0, 0x1f, 0xff, 0xff, 0xf1,
    0x9, 0xfc, 0x0, 0x0, 0x0, 0x3, 0xcf, 0xfc,
    0x30, 0x4f, 0xf2, 0x0, 0x0, 0x0, 0x0, 0x0,
    0x0, 0x1, 0xef, 0x62, 0xbf, 0xe9, 0x0, 0x0,
    0x0, 0x0, 0xa, 0xfb, 0xd, 0xff, 0xff, 0xa0,
    0x0, 0x0, 0x0, 0x5f, 0xe1, 0x5f, 0xe1, 0x5f,
    0xf1, 0x0, 0x0, 0x1, 0xff, 0x50, 0x8f, 0xb0,
    0xf, 0xf3, 0x0, 0x0, 0xb, 0xfa, 0x0, 0x8f,
    0xa0, 0xf, 0xf3, 0x0, 0x0, 0x7f, 0xe1, 0x0,
    0x5f, 0xe1, 0x5f, 0xf1, 0x0, 0x2, 0xff, 0x40,
    0x0, 0xe, 0xff, 0xff, 0xa0, 0x0, 0xd, 0xf9,
    0x0, 0x0, 0x2, 0xbf, 0xe9, 0x0,

    /* U+0026 "&" */
    0x0, 0x4, 0xcf, 0xfb, 0x20, 0x0, 0x0, 0x0,
    0x5f, 0xff, 0xff, 0xf2, 0x0, 0x0, 0x0, 0xdf,
    0xfc, 0xdf, 0xf8, 0x0, 0x0, 0x0, 0xff, 0xc0,
    0xf, 0xfa, 0x0, 0x0, 0x0, 0xff, 0xe0, 0x4f,
    0xf6, 0x0, 0x0, 0x0, 0x9f, 0xfc, 0xff, 0xd0,
    0x0, 0x0, 0x0, 0x1f, 0xff, 0xfb, 0x11, 0x44,
    0x10, 0x0, 0xbf, 0xff, 0xf4, 0x5, 0xff, 0x60,
    0xb, 0xff, 0xdf, 0xff, 0x38, 0xff, 0x40, 0x3f,
    0xff, 0x15, 0xff, 0xff, 0xff, 0x0, 0x4f, 0xff,
    0x0, 0x6f, 0xff, 0xf9, 0x0, 0x1f, 0xff, 0xc7,
    0x9f, 0xff, 0xf2, 0x0, 0x6, 0xff, 0xff, 0xff,
    0xff, 0xfd, 0x10, 0x0, 0x4b, 0xef, 0xeb, 0x49,
    0xff, 0xc0,

    /* U+0027 "'" */
    0x2f, 0xf1, 0x2f, 0xf1, 0x2f, 0xf1, 0x2f, 0xf1,
    0x2f, 0xf1, 0x1a, 0xa0,

    /* U+0028 "(" */
    0x0, 0x1, 0x22, 0x10, 0x0, 0xdf, 0xf5, 0x0,
    0x7f, 0xfd, 0x0, 0xe, 0xff, 0x60, 0x6, 0xff,
    0xf0, 0x0, 0xcf, 0xfb, 0x0, 0x1f, 0xff, 0x60,
    0x4, 0xff, 0xf3, 0x0, 0x6f, 0xff, 0x0, 0x7,
    0xff, 0xf0, 0x0, 0x8f, 0xfe, 0x0, 0x7, 0xff,
    0xf0, 0x0, 0x6f, 0xff, 0x10, 0x3, 0xff, 0xf3,
    0x0, 0xf, 0xff, 0x70, 0x0, 0xbf, 0xfc, 0x0,
    0x5, 0xff, 0xf1, 0x0, 0xd, 0xff, 0x70, 0x0,
    0x5f, 0xfe, 0x0, 0x0, 0xcf, 0xf7,

    /* U+0029 ")" */
    0x12, 0x21, 0x0, 0x3, 0xff, 0xe1, 0x0, 0xb,
    0xff, 0x90, 0x0, 0x4f, 0xff, 0x10, 0x0, 0xef,
    0xf8, 0x0, 0x9, 0xff, 0xe0, 0x0, 0x4f, 0xff,
    0x20, 0x1, 0xff, 0xf6, 0x0, 0xe, 0xff, 0x80,
    0x0, 0xdf, 0xf9, 0x0, 0xc, 0xff, 0xa0, 0x0,
    0xdf, 0xf9, 0x0, 0xf, 0xff, 0x80, 0x1, 0xff,
    0xf5, 0x0, 0x5f, 0xff, 0x20, 0x9, 0xff, 0xd0,
    0x0, 0xef, 0xf7, 0x0, 0x5f, 0xff, 0x10, 0xc,
    0xff, 0x70, 0x5, 0xff, 0xd0, 0x0,

    /* U+002A "*" */
    0x0, 0x5, 0xf9, 0x0, 0x0, 0x74, 0x4f, 0x82,
    0x90, 0x1f, 0xfb, 0xfc, 0xff, 0x50, 0x5d, 0xff,
    0xfe, 0x70, 0x3, 0xaf, 0xff, 0xc4, 0x2, 0xff,
    0xdf, 0xdf, 0xf5, 0x9, 0x64, 0xf7, 0x4b, 0x0,
    0x0, 0x5f, 0x90, 0x0, 0x0, 0x0, 0x21, 0x0,
    0x0,

    /* U+002B "+" */
    0x0, 0x0, 0xbf, 0xf0, 0x0, 0x0, 0x0, 0xb,
    0xff, 0x0, 0x0, 0x0, 0x0, 0xbf, 0xf0, 0x0,
    0x0, 0x0, 0xb, 0xff, 0x0, 0x0, 0x5f, 0xff,
    0xff, 0xff, 0xff, 0x95, 0xff, 0xff, 0xff, 0xff,
    0xf9, 0x4c, 0xcc, 0xff, 0xfc, 0xcc, 0x70, 0x0,
    0xb, 0xff, 0x0, 0x0, 0x0, 0x0, 0xbf, 0xf0,
    0x0, 0x0, 0x0, 0xb, 0xff, 0x0, 0x0,

    /* U+002C "," */
    0x7, 0xcc, 0x40, 0xcf, 0xf1, 0xf, 0xfd, 0x1,
    0xff, 0x80, 0x4f, 0xf3, 0x7, 0xfe, 0x0,

    /* U+002D "-" */
    0x79, 0x99, 0x99, 0x7b, 0xff, 0xff, 0xfc, 0xbf,
    0xff, 0xff, 0xc0,

    /* U+002E "." */
    0x18, 0x70, 0xaf, 0xf8, 0xcf, 0xf9, 0x4e, 0xd2,

    /* U+002F "/" */
    0x0, 0x0, 0x28, 0x83, 0x0, 0x0, 0x8f, 0xf4,
    0x0, 0x0, 0xdf, 0xf0, 0x0, 0x1, 0xff, 0xc0,
    0x0, 0x5, 0xff, 0x80, 0x0, 0x9, 0xff, 0x30,
    0x0, 0xd, 0xff, 0x0, 0x0, 0x1f, 0xfb, 0x0,
    0x0, 0x6f, 0xf7, 0x0, 0x0, 0xaf, 0xf3, 0x0,
    0x0, 0xef, 0xe0, 0x0, 0x2, 0xff, 0xa0, 0x0,
    0x6, 0xff, 0x60, 0x0, 0xa, 0xff, 0x20, 0x0,
    0xe, 0xfe, 0x0, 0x0, 0x3f, 0xfa, 0x0, 0x0,
    0x7f, 0xf5, 0x0, 0x0, 0xbf, 0xf1, 0x0, 0x0,

    /* U+0030 "0" */
    0x0, 0x1, 0x9d, 0xff, 0xc6, 0x0, 0x0, 0x3,
    0xff, 0xff, 0xff, 0xfc, 0x0, 0x1, 0xef, 0xff,
    0xde, 0xff, 0xfa, 0x0, 0x7f, 0xff, 0x40, 0xa,
    0xff, 0xf2, 0xd, 0xff, 0xb0, 0x0, 0x1f, 0xff,
    0x70, 0xff, 0xf7, 0x0, 0x0, 0xcf, 0xfa, 0x1f,
    0xff, 0x50, 0x0, 0xb, 0xff, 0xb1, 0xff, 0xf5,
    0x0, 0x0, 0xbf, 0xfb, 0xf, 0xff, 0x70, 0x0,
    0xc, 0xff, 0xa0, 0xcf, 0xfb, 0x0, 0x1, 0xff,
    0xf7, 0x7, 0xff, 0xf4, 0x0, 0xaf, 0xff, 0x20,
    0x1e, 0xff, 0xfd, 0xef, 0xff, 0xa0, 0x0, 0x3f,
    0xff, 0xff, 0xff, 0xc0, 0x0, 0x0, 0x19, 0xdf,
    0xfc, 0x60, 0x0,

    /* U+0031 "1" */
    0x0, 0x7, 0xff, 0xf7, 0x3, 0xdf, 0xff, 0xf7,
    0x1f, 0xff, 0xff, 0xf7, 0x1f, 0xf7, 0xdf, 0xf7,
    0x1a, 0x10, 0xdf, 0xf7, 0x0, 0x0, 0xdf, 0xf7,
    0x0, 0x0, 0xdf, 0xf7, 0x0, 0x0, 0xdf, 0xf7,
    0x0, 0x0, 0xdf, 0xf7, 0x0, 0x0, 0xdf, 0xf7,
    0x0, 0x0, 0xdf, 0xf7, 0x0, 0x0, 0xdf, 0xf7,
    0x0, 0x0, 0xdf, 0xf7, 0x0, 0x0, 0xdf, 0xf7,

    /* U+0032 "2" */
    0x0, 0x8, 0xdf, 0xfd, 0x92, 0x0, 0x1, 0xdf,
    0xff, 0xff, 0xff, 0x40, 0xa, 0xff, 0xfb, 0xbf,
    0xff, 0xe0, 0xf, 0xff, 0x50, 0x3, 0xff, 0xf3,
    0x19, 0x99, 0x0, 0x0, 0xef, 0xf4, 0x0, 0x0,
    0x0, 0x3, 0xff, 0xf1, 0x0, 0x0, 0x0, 0x2d,
    0xff, 0x80, 0x0, 0x0, 0x3, 0xef, 0xfa, 0x0,
    0x0, 0x0, 0x5f, 0xff, 0xa0, 0x0, 0x0, 0x8,
    0xff, 0xf8, 0x0, 0x0, 0x0, 0xaf, 0xff, 0x70,
    0x0, 0x0, 0xc, 0xff, 0xff, 0xcc, 0xcc, 0xc6,
    0xf, 0xff, 0xff, 0xff, 0xff, 0xf7, 0xf, 0xff,
    0xff, 0xff, 0xff, 0xf7,

    /* U+0033 "3" */
    0x0, 0x6, 0xce, 0xfe, 0xb5, 0x0, 0x0, 0xc,
    0xff, 0xff, 0xff, 0xfa, 0x0, 0x8, 0xff, 0xfc,
    0xad, 0xff, 0xf5, 0x0, 0xad, 0xd6, 0x0, 0xc,
    0xff, 0x70, 0x0, 0x0, 0x0, 0x4, 0xef, 0xf4,
    0x0, 0x0, 0x3, 0xff, 0xff, 0xd6, 0x0, 0x0,
    0x0, 0x3f, 0xff, 0xfb, 0x40, 0x0, 0x0, 0x1,
    0x77, 0xbf, 0xff, 0x60, 0x0, 0x0, 0x0, 0x0,
    0xaf, 0xfe, 0x1, 0x88, 0x82, 0x0, 0x7, 0xff,
    0xf0, 0xf, 0xff, 0xa0, 0x1, 0xdf, 0xfe, 0x0,
    0x9f, 0xff, 0xfd, 0xff, 0xff, 0x80, 0x0, 0xbf,
    0xff, 0xff, 0xff, 0xb0, 0x0, 0x0, 0x6b, 0xef,
    0xeb, 0x50, 0x0,

    /* U+0034 "4" */
    0x0, 0x0, 0x0, 0x9f, 0xff, 0xe0, 0x0, 0x0,
    0x0, 0x4f, 0xff, 0xfe, 0x0, 0x0, 0x0, 0xd,
    0xff, 0xff, 0xe0, 0x0, 0x0, 0x8, 0xff, 0xef,
    0xfe, 0x0, 0x0, 0x3, 0xff, 0xf5, 0xff, 0xe0,
    0x0, 0x0, 0xdf, 0xf7, 0x3f, 0xfe, 0x0, 0x0,
    0x7f, 0xfc, 0x3, 0xff, 0xe0, 0x0, 0x2f, 0xff,
    0x20, 0x3f, 0xfe, 0x0, 0xc, 0xff, 0x70, 0x3,
    0xff, 0xe0, 0x2, 0xff, 0xff, 0xff, 0xff, 0xff,
    0xfa, 0x2f, 0xff, 0xff, 0xff, 0xff, 0xff, 0xa1,
    0xcc, 0xcc, 0xcc, 0xdf, 0xff, 0xc7, 0x0, 0x0,
    0x0, 0x4, 0xff, 0xe0, 0x0, 0x0, 0x0, 0x0,
    0x4f, 0xfe, 0x0,

    /* U+0035 "5" */
    0xf, 0xff, 0xff, 0xff, 0xff, 0x11, 0xff, 0xff,
    0xff, 0xff, 0xf1, 0x2f, 0xff, 0xcc, 0xcc, 0xcc,
    0x14, 0xff, 0xb0, 0x0, 0x0, 0x0, 0x5f, 0xf9,
    0x7e, 0xfe, 0x80, 0x7, 0xff, 0xef, 0xff, 0xff,
    0xc0, 0x8f, 0xff, 0x97, 0xbf, 0xff, 0x66, 0xaa,
    0x60, 0x0, 0xaf, 0xfc, 0x0, 0x0, 0x0, 0x5,
    0xff, 0xe7, 0x88, 0x20, 0x0, 0x5f, 0xfe, 0xcf,
    0xfb, 0x0, 0xc, 0xff, 0xa6, 0xff, 0xfd, 0xae,
    0xff, 0xf3, 0x9, 0xff, 0xff, 0xff, 0xf7, 0x0,
    0x4, 0xbe, 0xfe, 0xa3, 0x0,

    /* U+0036 "6" */
    0x0, 0x1, 0x8d, 0xff, 0xc7, 0x0, 0x0, 0x3,
    0xef, 0xff, 0xff, 0xfd, 0x10, 0x1, 0xef, 0xff,
    0xef, 0xff, 0xfa, 0x0, 0x7f, 0xfe, 0x30, 0x5,
    0x99, 0x90, 0xd, 0xff, 0x65, 0xcf, 0xfa, 0x20,
    0x0, 0xff, 0xf9, 0xff, 0xff, 0xfe, 0x20, 0x2f,
    0xff, 0xfc, 0x69, 0xff, 0xfb, 0x2, 0xff, 0xfc,
    0x0, 0x6, 0xff, 0xf0, 0x1f, 0xff, 0x70, 0x0,
    0x1f, 0xff, 0x20, 0xff, 0xf8, 0x0, 0x2, 0xff,
    0xf2, 0xa, 0xff, 0xe1, 0x0, 0xaf, 0xfe, 0x0,
    0x2f, 0xff, 0xea, 0xdf, 0xff, 0x70, 0x0, 0x5f,
    0xff, 0xff, 0xff, 0xa0, 0x0, 0x0, 0x2a, 0xef,
    0xfc, 0x50, 0x0,

    /* U+0037 "7" */
    0x5f, 0xff, 0xff, 0xff, 0xff, 0xd5, 0xff, 0xff,
    0xff, 0xff, 0xfd, 0x4d, 0xdd, 0xdd, 0xde, 0xff,
    0xd0, 0x0, 0x0, 0x0, 0xef, 0xf7, 0x0, 0x0,
    0x0, 0x7f, 0xfe, 0x0, 0x0, 0x0, 0xe, 0xff,
    0x70, 0x0, 0x0, 0x8, 0xff, 0xe0, 0x0, 0x0,
    0x1, 0xff, 0xf6, 0x0, 0x0, 0x0, 0x8f, 0xfe,
    0x0, 0x0, 0x0, 0x1f, 0xff, 0x60, 0x0, 0x0,
    0x9, 0xff, 0xd0, 0x0, 0x0, 0x1, 0xff, 0xf5,
    0x0, 0x0, 0x0, 0x9f, 0xfd, 0x0, 0x0, 0x0,
    0x2f, 0xff, 0x50, 0x0, 0x0,

    /* U+0038 "8" */
    0x0, 0x6, 0xbe, 0xff, 0xc7, 0x0, 0x0, 0xc,
    0xff, 0xff, 0xff, 0xfd, 0x10, 0x7, 0xff, 0xfb,
    0x8a, 0xff, 0xf9, 0x0, 0x9f, 0xfb, 0x0, 0x9,
    0xff, 0xb0, 0x5, 0xff, 0xe3, 0x2, 0xdf, 0xf6,
    0x0, 0x6, 0xef, 0xff, 0xff, 0xe7, 0x0, 0x0,
    0x4b, 0xff, 0xff, 0xfc, 0x50, 0x0, 0x5f, 0xff,
    0x95, 0x8f, 0xff, 0x70, 0xe, 0xff, 0x90, 0x0,
    0x7f, 0xff, 0x12, 0xff, 0xf5, 0x0, 0x3, 0xff,
    0xf4, 0x1f, 0xff, 0xb0, 0x0, 0x9f, 0xff, 0x20,
    0xaf, 0xff, 0xc8, 0xbf, 0xff, 0xc0, 0x1, 0xcf,
    0xff, 0xff, 0xff, 0xd1, 0x0, 0x0, 0x5b, 0xef,
    0xec, 0x60, 0x0,

    /* U+0039 "9" */
    0x0, 0x6, 0xcf, 0xfe, 0xa3, 0x0, 0x0, 0xb,
    0xff, 0xff, 0xff, 0xf6, 0x0, 0x8, 0xff, 0xfc,
    0xad, 0xff, 0xf3, 0x0, 0xff, 0xf8, 0x0, 0xb,
    0xff, 0xb0, 0x1f, 0xff, 0x20, 0x0, 0x5f, 0xff,
    0x0, 0xff, 0xf6, 0x0, 0x9, 0xff, 0xf2, 0xb,
    0xff, 0xf9, 0x6a, 0xff, 0xff, 0x30, 0x2f, 0xff,
    0xff, 0xf8, 0xff, 0xf3, 0x0, 0x2a, 0xff, 0xc5,
    0x2f, 0xff, 0x10, 0x44, 0x41, 0x0, 0x7, 0xff,
    0xe0, 0xd, 0xff, 0xb1, 0x4, 0xff, 0xf8, 0x0,
    0x6f, 0xff, 0xff, 0xff, 0xfe, 0x10, 0x0, 0x9f,
    0xff, 0xff, 0xff, 0x40, 0x0, 0x0, 0x5b, 0xff,
    0xe9, 0x10, 0x0,

    /* U+003A ":" */
    0x4e, 0xd2, 0xcf, 0xfa, 0xaf, 0xf7, 0x18, 0x70,
    0x0, 0x0, 0x0, 0x0, 0x0, 0x0, 0x18, 0x70,
    0xaf, 0xf8, 0xcf, 0xf9, 0x4e, 0xd2,

    /* U+003B ";" */
    0x4, 0xed, 0x20, 0xcf, 0xfa, 0xa, 0xff, 0x80,
    0x7, 0x70, 0x0, 0x0, 0x0, 0x0, 0x0, 0x0,
    0x0, 0x0, 0x0, 0x0, 0x0, 0x0, 0x0, 0x7c,
    0xc4, 0xc, 0xff, 0x10, 0xff, 0xd0, 0x1f, 0xf8,
    0x4, 0xff, 0x30, 0x7f, 0xe0, 0x0,

    /* U+003C "<" */
    0x0, 0x0, 0x0, 0x0, 0x1, 0x40, 0x0, 0x0,
    0x0, 0x3a, 0xf9, 0x0, 0x0, 0x5, 0xcf, 0xff,
    0x90, 0x1, 0x7e, 0xff, 0xff, 0xf6, 0x19, 0xff,
    0xff, 0xfc, 0x60, 0x5, 0xff, 0xfe, 0x82, 0x0,
    0x0, 0x5f, 0xff, 0xa3, 0x0, 0x0, 0x3, 0xef,
    0xff, 0xfd, 0x71, 0x0, 0x0, 0x6d, 0xff, 0xff,
    0xfa, 0x30, 0x0, 0x4, 0xbf, 0xff, 0xf9, 0x0,
    0x0, 0x0, 0x29, 0xff, 0x90, 0x0, 0x0, 0x0,
    0x0, 0x67,

    /* U+003D "=" */
    0x3c, 0xcc, 0xcc, 0xcc, 0xcc, 0x64, 0xff, 0xff,
    0xff, 0xff, 0xf8, 0x4f, 0xff, 0xff, 0xff, 0xff,
    0x80, 0x0, 0x0, 0x0, 0x0, 0x0, 0x0, 0x0,
    0x0, 0x0, 0x0, 0x3, 0xcc, 0xcc, 0xcc, 0xcc,
    0xc6, 0x4f, 0xff, 0xff, 0xff, 0xff, 0x84, 0xff,
    0xff, 0xff, 0xff, 0xf8,

    /* U+003E ">" */
    0x23, 0x0, 0x0, 0x0, 0x0, 0x5, 0xfc, 0x50,
    0x0, 0x0, 0x0, 0x5f, 0xff, 0xe7, 0x10, 0x0,
    0x3, 0xef, 0xff, 0xff, 0x92, 0x0, 0x0, 0x4a,
    0xff, 0xff, 0xfb, 0x30, 0x0, 0x1, 0x7d, 0xff,
    0xf9, 0x0, 0x0, 0x1, 0x8f, 0xff, 0x90, 0x0,
    0x5b, 0xff, 0xff, 0xf7, 0x19, 0xef, 0xff, 0xfe,
    0x81, 0x5, 0xff, 0xff, 0xd6, 0x0, 0x0, 0x5f,
    0xfa, 0x30, 0x0, 0x0, 0x4, 0x82, 0x0, 0x0,
    0x0, 0x0,

    /* U+003F "?" */
    0x0, 0x3b, 0xef, 0xeb, 0x40, 0x0, 0x5f, 0xff,
    0xff, 0xff, 0x80, 0xe, 0xff, 0xeb, 0xef, 0xff,
    0x13, 0xff, 0xf1, 0x3, 0xff, 0xf4, 0x2, 0x21,
    0x0, 0x3f, 0xff, 0x20, 0x0, 0x0, 0x4e, 0xff,
    0xb0, 0x0, 0x0, 0x8f, 0xff, 0xa0, 0x0, 0x0,
    0x1f, 0xff, 0x50, 0x0, 0x0, 0x4, 0xff, 0xa0,
    0x0, 0x0, 0x0, 0x28, 0x84, 0x0, 0x0, 0x0,
    0x0, 0x68, 0x10, 0x0, 0x0, 0x0, 0x6f, 0xfc,
    0x0, 0x0, 0x0, 0x8, 0xff, 0xe0, 0x0, 0x0,
    0x0, 0x1c, 0xe5, 0x0, 0x0,

    /* U+0040 "@" */
    0x0, 0x0, 0x5, 0xbe, 0xff, 0xd9, 0x20, 0x0,
    0x0, 0x0, 0x2c, 0xff, 0xff, 0xff, 0xff, 0x80,
    0x0, 0x0, 0x2e, 0xff, 0xd8, 0x67, 0xaf, 0xff,
    0xb0, 0x0, 0xc, 0xff, 0x50, 0x0, 0x0, 0xa,
    0xff, 0x60, 0x5, 0xff, 0x50, 0x6b, 0xa2, 0x66,
    0x2b, 0xfe, 0x0, 0xbf, 0xb0, 0x7f, 0xff, 0xdf,
    0xf5, 0x2f, 0xf4, 0xf, 0xf6, 0xe, 0xff, 0x9c,
    0xff, 0x50, 0xdf, 0x70, 0xff, 0x31, 0xff, 0xb0,
    0xf, 0xf5, 0xc, 0xf8, 0x1f, 0xf3, 0x2f, 0xf9,
    0x0, 0xff, 0x50, 0xdf, 0x70, 0xff, 0x40, 0xff,
    0xd1, 0x4f, 0xf7, 0x3f, 0xf4, 0xd, 0xf8, 0xb,
    0xff, 0xff, 0xff, 0xff, 0xfd, 0x0, 0x9f, 0xe0,
    0x1d, 0xff, 0x97, 0xff, 0xfc, 0x20, 0x2, 0xff,
    0xa0, 0x2, 0x20, 0x0, 0x32, 0x0, 0x0, 0x9,
    0xff, 0xc5, 0x10, 0x1, 0x42, 0x0, 0x0, 0x0,
    0xa, 0xff, 0xff, 0xff, 0xff, 0x50, 0x0, 0x0,
    0x0, 0x5, 0xdf, 0xff, 0xff, 0xf4, 0x0, 0x0,
    0x0, 0x0, 0x0, 0x25, 0x65, 0x41, 0x0, 0x0,
    0x0,

    /* U+0041 "A" */
    0x0, 0x0, 0xe, 0xff, 0xfc, 0x0, 0x0, 0x0,
    0x0, 0x4, 0xff, 0xff, 0xf2, 0x0, 0x0, 0x0,
    0x0, 0xaf, 0xff, 0xff, 0x70, 0x0, 0x0, 0x0,
    0xf, 0xff, 0xdf, 0xfd, 0x0, 0x0, 0x0, 0x5,
    0xff, 0xf3, 0xff, 0xf2, 0x0, 0x0, 0x0, 0xaf,
    0xfb, 0xd, 0xff, 0x80, 0x0, 0x0, 0xf, 0xff,
    0x60, 0x8f, 0xfd, 0x0, 0x0, 0x5, 0xff, 0xf1,
    0x3, 0xff, 0xf3, 0x0, 0x0, 0xaf, 0xff, 0x99,
    0x9f, 0xff, 0x80, 0x0, 0xf, 0xff, 0xff, 0xff,
    0xff, 0xfe, 0x0, 0x5, 0xff, 0xff, 0xff, 0xff,
    0xff, 0xf3, 0x0, 0xbf, 0xfc, 0x0, 0x0, 0xe,
    0xff, 0x90, 0x1f, 0xff, 0x70, 0x0, 0x0, 0xaf,
    0xfe, 0x6, 0xff, 0xf2, 0x0, 0x0, 0x5, 0xff,
    0xf4,

    /* U+0042 "B" */
    0xef, 0xff, 0xff, 0xfd, 0x91, 0x0, 0xef, 0xff,
    0xff, 0xff, 0xfe, 0x10, 0xef, 0xfd, 0xbb, 0xef,
    0xff, 0x80, 0xef, 0xf6, 0x0, 0xd, 0xff, 0xb0,
    0xef, 0xf6, 0x0, 0xb, 0xff, 0x90, 0xef, 0xf8,
    0x33, 0x8f, 0xfe, 0x10, 0xef, 0xff, 0xff, 0xff,
    0xb1, 0x0, 0xef, 0xff, 0xff, 0xff, 0xfd, 0x20,
    0xef, 0xf6, 0x0, 0x2b, 0xff, 0xd0, 0xef, 0xf6,
    0x0, 0x3, 0xff, 0xf3, 0xef, 0xf6, 0x0, 0x8,
    0xff, 0xf4, 0xef, 0xfd, 0xcc, 0xdf, 0xff, 0xf0,
    0xef, 0xff, 0xff, 0xff, 0xff, 0x50, 0xef, 0xff,
    0xff, 0xfe, 0xa3, 0x0,

    /* U+0043 "C" */
    0x0, 0x0, 0x5b, 0xef, 0xfc, 0x60, 0x0, 0x0,
    0x1b, 0xff, 0xff, 0xff, 0xfd, 0x20, 0x0, 0xbf,
    0xff, 0xff, 0xff, 0xff, 0xd0, 0x5, 0xff, 0xfb,
    0x30, 0x18, 0xff, 0xf6, 0xb, 0xff, 0xd0, 0x0,
    0x0, 0xbf, 0xfb, 0xf, 0xff, 0x70, 0x0, 0x0,
    0x12, 0x22, 0x1f, 0xff, 0x50, 0x0, 0x0, 0x0,
    0x0, 0x1f, 0xff, 0x50, 0x0, 0x0, 0x0, 0x0,
    0xf, 0xff, 0x70, 0x0, 0x0, 0x0, 0x0, 0xb,
    0xff, 0xd0, 0x0, 0x0, 0xbf, 0xfb, 0x5, 0xff,
    0xfb, 0x20, 0x19, 0xff, 0xf6, 0x0, 0xbf, 0xff,
    0xff, 0xff, 0xff, 0xd0, 0x0, 0xb, 0xff, 0xff,
    0xff, 0xfc, 0x10, 0x0, 0x0, 0x5b, 0xef, 0xec,
    0x60, 0x0,

    /* U+0044 "D" */
    0xef, 0xff, 0xff, 0xeb, 0x50, 0x0, 0xe, 0xff,
    0xff, 0xff, 0xff, 0xc1, 0x0, 0xef, 0xff, 0xee,
    0xff, 0xff, 0xd0, 0xe, 0xff, 0x60, 0x1, 0x8f,
    0xff, 0x70, 0xef, 0xf6, 0x0, 0x0, 0xaf, 0xfd,
    0xe, 0xff, 0x60, 0x0, 0x4, 0xff, 0xf1, 0xef,
    0xf6, 0x0, 0x0, 0x2f, 0xff, 0x3e, 0xff, 0x60,
    0x0, 0x2, 0xff, 0xf3, 0xef, 0xf6, 0x0, 0x0,
    0x4f, 0xff, 0x1e, 0xff, 0x60, 0x0, 0xa, 0xff,
    0xd0, 0xef, 0xf6, 0x0, 0x18, 0xff, 0xf7, 0xe,
    0xff, 0xfe, 0xef, 0xff, 0xfd, 0x0, 0xef, 0xff,
    0xff, 0xff, 0xfc, 0x10, 0xe, 0xff, 0xff, 0xfe,
    0xb6, 0x0, 0x0,

    /* U+0045 "E" */
    0xef, 0xff, 0xff, 0xff, 0xfe, 0xef, 0xff, 0xff,
    0xff, 0xfe, 0xef, 0xfd, 0xcc, 0xcc, 0xca, 0xef,
    0xf6, 0x0, 0x0, 0x0, 0xef, 0xf6, 0x0, 0x0,
    0x0, 0xef, 0xfd, 0xcc, 0xcc, 0xc4, 0xef, 0xff,
    0xff, 0xff, 0xf5, 0xef, 0xff, 0xff, 0xff, 0xf5,
    0xef, 0xf6, 0x0, 0x0, 0x0, 0xef, 0xf6, 0x0,
    0x0, 0x0, 0xef, 0xf6, 0x0, 0x0, 0x0, 0xef,
    0xfd, 0xcc, 0xcc, 0xca, 0xef, 0xff, 0xff, 0xff,
    0xfe, 0xef, 0xff, 0xff, 0xff, 0xfe,

    /* U+0046 "F" */
    0xef, 0xff, 0xff, 0xff, 0xfa, 0xef, 0xff, 0xff,
    0xff, 0xfa, 0xef, 0xfd, 0xcc, 0xcc, 0xc8, 0xef,
    0xf6, 0x0, 0x0, 0x0, 0xef, 0xf6, 0x0, 0x0,
    0x0, 0xef, 0xfd, 0xcc, 0xcc, 0xc0, 0xef, 0xff,
    0xff, 0xff, 0xf0, 0xef, 0xff, 0xff, 0xff, 0xf0,
    0xef, 0xf6, 0x0, 0x0, 0x0, 0xef, 0xf6, 0x0,
    0x0, 0x0, 0xef, 0xf6, 0x0, 0x0, 0x0, 0xef,
    0xf6, 0x0, 0x0, 0x0, 0xef, 0xf6, 0x0, 0x0,
    0x0, 0xef, 0xf6, 0x0, 0x0, 0x0,

    /* U+0047 "G" */
    0x0, 0x0, 0x5b, 0xef, 0xfc, 0x70, 0x0, 0x0,
    0xb, 0xff, 0xff, 0xff, 0xfd, 0x20, 0x0, 0xbf,
    0xff, 0xff, 0xff, 0xff, 0xe1, 0x5, 0xff, 0xfc,
    0x30, 0x17, 0xff, 0xf7, 0xb, 0xff, 0xd0, 0x0,
    0x0, 0x68, 0x85, 0xf, 0xff, 0x70, 0x0, 0x0,
    0x0, 0x0, 0x1f, 0xff, 0x50, 0x2, 0xff, 0xff,
    0xfe, 0x1f, 0xff, 0x50, 0x2, 0xff, 0xff, 0xfe,
    0xf, 0xff, 0x70, 0x1, 0x88, 0xaf, 0xfd, 0xb,
    0xff, 0xd0, 0x0, 0x0, 0x8f, 0xfb, 0x5, 0xff,
    0xfb, 0x30, 0x16, 0xff, 0xf6, 0x0, 0xbf, 0xff,
    0xff, 0xff, 0xff, 0xd0, 0x0, 0xb, 0xff, 0xff,
    0xff, 0xfd, 0x10, 0x0, 0x0, 0x5b, 0xef, 0xfc,
    0x60, 0x0,

    /* U+0048 "H" */
    0xef, 0xf6, 0x0, 0x0, 0xe, 0xff, 0x6e, 0xff,
    0x60, 0x0, 0x0, 0xef, 0xf6, 0xef, 0xf6, 0x0,
    0x0, 0xe, 0xff, 0x6e, 0xff, 0x60, 0x0, 0x0,
    0xef, 0xf6, 0xef, 0xf6, 0x0, 0x0, 0xe, 0xff,
    0x6e, 0xff, 0xdc, 0xcc, 0xcc, 0xff, 0xf6, 0xef,
    0xff, 0xff, 0xff, 0xff, 0xff, 0x6e, 0xff, 0xff,
    0xff, 0xff, 0xff, 0xf6, 0xef, 0xf6, 0x0, 0x0,
    0xe, 0xff, 0x6e, 0xff, 0x60, 0x0, 0x0, 0xef,
    0xf6, 0xef, 0xf6, 0x0, 0x0, 0xe, 0xff, 0x6e,
    0xff, 0x60, 0x0, 0x0, 0xef, 0xf6, 0xef, 0xf6,
    0x0, 0x0, 0xe, 0xff, 0x6e, 0xff, 0x60, 0x0,
    0x0, 0xef, 0xf6,

    /* U+0049 "I" */
    0xef, 0xf6, 0xef, 0xf6, 0xef, 0xf6, 0xef, 0xf6,
    0xef, 0xf6, 0xef, 0xf6, 0xef, 0xf6, 0xef, 0xf6,
    0xef, 0xf6, 0xef, 0xf6, 0xef, 0xf6, 0xef, 0xf6,
    0xef, 0xf6, 0xef, 0xf6,

    /* U+004A "J" */
    0x0, 0x0, 0x0, 0x3f, 0xff, 0x10, 0x0, 0x0,
    0x3, 0xff, 0xf1, 0x0, 0x0, 0x0, 0x3f, 0xff,
    0x10, 0x0, 0x0, 0x3, 0xff, 0xf1, 0x0, 0x0,
    0x0, 0x3f, 0xff, 0x10, 0x0, 0x0, 0x3, 0xff,
    0xf1, 0x0, 0x0, 0x0, 0x3f, 0xff, 0x10, 0x0,
    0x0, 0x3, 0xff, 0xf1, 0x0, 0x0, 0x0, 0x3f,
    0xff, 0x13, 0x55, 0x30, 0x3, 0xff, 0xf1, 0x9f,
    0xfd, 0x0, 0x7f, 0xff, 0x5, 0xff, 0xfd, 0xbf,
    0xff, 0xa0, 0xb, 0xff, 0xff, 0xff, 0xd1, 0x0,
    0x7, 0xcf, 0xfd, 0x80, 0x0,

    /* U+004B "K" */
    0xef, 0xf6, 0x0, 0x2, 0xef, 0xfd, 0xe, 0xff,
    0x60, 0x0, 0xdf, 0xfe, 0x20, 0xef, 0xf6, 0x0,
    0xaf, 0xff, 0x40, 0xe, 0xff, 0x60, 0x7f, 0xff,
    0x70, 0x0, 0xef, 0xf6, 0x4f, 0xff, 0xa0, 0x0,
    0xe, 0xff, 0x8e, 0xff, 0xc0, 0x0, 0x0, 0xef,
    0xff, 0xff, 0xf7, 0x0, 0x0, 0xe, 0xff, 0xff,
    0xff, 0xf1, 0x0, 0x0, 0xef, 0xff, 0xcf, 0xff,
    0xb0, 0x0, 0xe, 0xff, 0xd1, 0x8f, 0xff, 0x60,
    0x0, 0xef, 0xf6, 0x0, 0xdf, 0xff, 0x10, 0xe,
    0xff, 0x60, 0x3, 0xff, 0xfb, 0x0, 0xef, 0xf6,
    0x0, 0x9, 0xff, 0xf6, 0xe, 0xff, 0x60, 0x0,
    0xe, 0xff, 0xf1,

    /* U+004C "L" */
    0xef, 0xf6, 0x0, 0x0, 0x0, 0xef, 0xf6, 0x0,
    0x0, 0x0, 0xef, 0xf6, 0x0, 0x0, 0x0, 0xef,
    0xf6, 0x0, 0x0, 0x0, 0xef, 0xf6, 0x0, 0x0,
    0x0, 0xef, 0xf6, 0x0, 0x0, 0x0, 0xef, 0xf6,
    0x0, 0x0, 0x0, 0xef, 0xf6, 0x0, 0x0, 0x0,
    0xef, 0xf6, 0x0, 0x0, 0x0, 0xef, 0xf6, 0x0,
    0x0, 0x0, 0xef, 0xf6, 0x0, 0x0, 0x0, 0xef,
    0xfd, 0xcc, 0xcc, 0xc4, 0xef, 0xff, 0xff, 0xff,
    0xf5, 0xef, 0xff, 0xff, 0xff, 0xf5,

    /* U+004D "M" */
    0xef, 0xff, 0x60, 0x0, 0x0, 0x8, 0xff, 0xfc,
    0xef, 0xff, 0xc0, 0x0, 0x0, 0xe, 0xff, 0xfc,
    0xef, 0xff, 0xf3, 0x0, 0x0, 0x6f, 0xff, 0xfc,
    0xef, 0xff, 0xfa, 0x0, 0x0, 0xcf, 0xff, 0xfc,
    0xef, 0xff, 0xff, 0x10, 0x3, 0xff, 0xff, 0xfc,
    0xef, 0xfc, 0xff, 0x70, 0x9, 0xff, 0xcf, 0xfc,
    0xef, 0xf6, 0xff, 0xd0, 0x1f, 0xfe, 0x7f, 0xfc,
    0xef, 0xf5, 0xaf, 0xf4, 0x7f, 0xf8, 0x7f, 0xfc,
    0xef, 0xf5, 0x4f, 0xfb, 0xdf, 0xf2, 0x7f, 0xfc,
    0xef, 0xf5, 0xe, 0xff, 0xff, 0xc0, 0x7f, 0xfc,
    0xef, 0xf5, 0x8, 0xff, 0xff, 0x50, 0x7f, 0xfc,
    0xef, 0xf5, 0x1, 0xff, 0xfe, 0x0, 0x7f, 0xfc,
    0xef, 0xf5, 0x0, 0xbf, 0xf8, 0x0, 0x7f, 0xfc,
    0xef, 0xf5, 0x0, 0x5f, 0xf2, 0x0, 0x7f, 0xfc,

    /* U+004E "N" */
    0xef, 0xf4, 0x0, 0x0, 0x4f, 0xff, 0x1e, 0xff,
    0xe1, 0x0, 0x4, 0xff, 0xf1, 0xef, 0xff, 0xa0,
    0x0, 0x4f, 0xff, 0x1e, 0xff, 0xff, 0x50, 0x4,
    0xff, 0xf1, 0xef, 0xff, 0xff, 0x20, 0x4f, 0xff,
    0x1e, 0xff, 0xff, 0xfc, 0x4, 0xff, 0xf1, 0xef,
    0xf7, 0xef, 0xf7, 0x4f, 0xff, 0x1e, 0xff, 0x64,
    0xff, 0xf6, 0xff, 0xf1, 0xef, 0xf6, 0x9, 0xff,
    0xff, 0xff, 0x1e, 0xff, 0x60, 0xd, 0xff, 0xff,
    0xf1, 0xef, 0xf6, 0x0, 0x3f, 0xff, 0xff, 0x1e,
    0xff, 0x60, 0x0, 0x8f, 0xff, 0xf1, 0xef, 0xf6,
    0x0, 0x0, 0xcf, 0xff, 0x1e, 0xff, 0x60, 0x0,
    0x2, 0xff, 0xf1,

    /* U+004F "O" */
    0x0, 0x0, 0x5b, 0xef, 0xfc, 0x70, 0x0, 0x0,
    0x1, 0xbf, 0xff, 0xff, 0xff, 0xd2, 0x0, 0x0,
    0xbf, 0xff, 0xff, 0xff, 0xff, 0xe1, 0x0, 0x5f,
    0xff, 0xb2, 0x1, 0x8f, 0xff, 0x90, 0xb, 0xff,
    0xd0, 0x0, 0x0, 0xaf, 0xff, 0x0, 0xff, 0xf7,
    0x0, 0x0, 0x3, 0xff, 0xf3, 0x1f, 0xff, 0x50,
    0x0, 0x0, 0x1f, 0xff, 0x51, 0xff, 0xf5, 0x0,
    0x0, 0x1, 0xff, 0xf5, 0xf, 0xff, 0x70, 0x0,
    0x0, 0x3f, 0xff, 0x30, 0xbf, 0xfd, 0x0, 0x0,
    0xa, 0xff, 0xf0, 0x5, 0xff, 0xfb, 0x20, 0x18,
    0xff, 0xf9, 0x0, 0xb, 0xff, 0xff, 0xff, 0xff,
    0xfe, 0x10, 0x0, 0xb, 0xff, 0xff, 0xff, 0xfd,
    0x20, 0x0, 0x0, 0x5, 0xbe, 0xff, 0xc6, 0x0,
    0x0,

    /* U+0050 "P" */
    0xef, 0xff, 0xff, 0xfc, 0x60, 0xe, 0xff, 0xff,
    0xff, 0xff, 0xb0, 0xef, 0xfd, 0xcc, 0xff, 0xff,
    0x7e, 0xff, 0x60, 0x1, 0xdf, 0xfd, 0xef, 0xf6,
    0x0, 0x7, 0xff, 0xfe, 0xff, 0x60, 0x0, 0x8f,
    0xff, 0xef, 0xf6, 0x0, 0x4f, 0xff, 0xbe, 0xff,
    0xff, 0xff, 0xff, 0xf4, 0xef, 0xff, 0xff, 0xff,
    0xf6, 0xe, 0xff, 0xdb, 0xba, 0x72, 0x0, 0xef,
    0xf6, 0x0, 0x0, 0x0, 0xe, 0xff, 0x60, 0x0,
    0x0, 0x0, 0xef, 0xf6, 0x0, 0x0, 0x0, 0xe,
    0xff, 0x60, 0x0, 0x0, 0x0,

    /* U+0051 "Q" */
    0x0, 0x0, 0x5b, 0xef, 0xfc, 0x70, 0x0, 0x0,
    0x1, 0xbf, 0xff, 0xff, 0xff, 0xd2, 0x0, 0x0,
    0xbf, 0xff, 0xff, 0xff, 0xff, 0xe1, 0x0, 0x5f,
    0xff, 0xb2, 0x1, 0x8f, 0xff, 0x90, 0xb, 0xff,
    0xd0, 0x0, 0x0, 0xaf, 0xff, 0x0, 0xff, 0xf7,
    0x0, 0x0, 0x3, 0xff, 0xf3, 0x1f, 0xff, 0x50,
    0x0, 0x0, 0x1f, 0xff, 0x51, 0xff, 0xf5, 0x0,
    0x0, 0x1, 0xff, 0xf5, 0xf, 0xff, 0x70, 0x12,
    0x20, 0x3f, 0xff, 0x30, 0xbf, 0xfd, 0x2, 0xef,
    0xaa, 0xff, 0xf0, 0x5, 0xff, 0xfb, 0x25, 0xff,
    0xff, 0xf9, 0x0, 0xb, 0xff, 0xff, 0xff, 0xff,
    0xfe, 0x10, 0x0, 0xb, 0xff, 0xff, 0xff, 0xff,
    0x60, 0x0, 0x0, 0x5, 0xbe, 0xff, 0xce, 0xfe,
    0x10, 0x0, 0x0, 0x0, 0x0, 0x0, 0x3f, 0xfc,
    0x0,

    /* U+0052 "R" */
    0xef, 0xff, 0xff, 0xfc, 0x70, 0x0, 0xef, 0xff,
    0xff, 0xff, 0xfc, 0x0, 0xef, 0xfd, 0xcc, 0xff,
    0xff, 0x80, 0xef, 0xf6, 0x0, 0xc, 0xff, 0xe0,
    0xef, 0xf6, 0x0, 0x7, 0xff, 0xf0, 0xef, 0xf6,
    0x0, 0xb, 0xff, 0xe0, 0xef, 0xfd, 0xbb, 0xef,
    0xff, 0x90, 0xef, 0xff, 0xff, 0xff, 0xfd, 0x10,
    0xef, 0xff, 0xff, 0xff, 0xc0, 0x0, 0xef, 0xf6,
    0x7, 0xff, 0xf1, 0x0, 0xef, 0xf6, 0x0, 0xef,
    0xfa, 0x0, 0xef, 0xf6, 0x0, 0x7f, 0xff, 0x20,
    0xef, 0xf6, 0x0, 0xe, 0xff, 0xb0, 0xef, 0xf6,
    0x0, 0x6, 0xff, 0xf3,

    /* U+0053 "S" */
    0x0, 0x6, 0xbe, 0xfe, 0xb5, 0x0, 0x0, 0xc,
    0xff, 0xff, 0xff, 0xfb, 0x0, 0x8, 0xff, 0xff,
    0xdf, 0xff, 0xf7, 0x0, 0xef, 0xfb, 0x0, 0xa,
    0xff, 0xd0, 0xe, 0xff, 0x90, 0x0, 0x15, 0x55,
    0x0, 0xaf, 0xff, 0xa5, 0x20, 0x0, 0x0, 0x1,
    0xdf, 0xff, 0xff, 0xe9, 0x10, 0x0, 0x0, 0x6b,
    0xff, 0xff, 0xfe, 0x30, 0x0, 0x0, 0x0, 0x38,
    0xef, 0xfd, 0x3, 0xcc, 0xb0, 0x0, 0x5, 0xff,
    0xf1, 0x2f, 0xff, 0x70, 0x0, 0xaf, 0xff, 0x0,
    0xcf, 0xff, 0xfd, 0xff, 0xff, 0xc0, 0x2, 0xef,
    0xff, 0xff, 0xff, 0xe2, 0x0, 0x1, 0x7c, 0xff,
    0xfc, 0x81, 0x0,

    /* U+0054 "T" */
    0x6f, 0xff, 0xff, 0xff, 0xff, 0xff, 0x76, 0xff,
    0xff, 0xff, 0xff, 0xff, 0xf7, 0x5c, 0xcc, 0xcf,
    0xff, 0xdc, 0xcc, 0x60, 0x0, 0x1, 0xff, 0xf2,
    0x0, 0x0, 0x0, 0x0, 0x1f, 0xff, 0x20, 0x0,
    0x0, 0x0, 0x1, 0xff, 0xf2, 0x0, 0x0, 0x0,
    0x0, 0x1f, 0xff, 0x20, 0x0, 0x0, 0x0, 0x1,
    0xff, 0xf2, 0x0, 0x0, 0x0, 0x0, 0x1f, 0xff,
    0x20, 0x0, 0x0, 0x0, 0x1, 0xff, 0xf2, 0x0,
    0x0, 0x0, 0x0, 0x1f, 0xff, 0x20, 0x0, 0x0,
    0x0, 0x1, 0xff, 0xf2, 0x0, 0x0, 0x0, 0x0,
    0x1f, 0xff, 0x20, 0x0, 0x0, 0x0, 0x1, 0xff,
    0xf2, 0x0, 0x0,

    /* U+0055 "U" */
    0xef, 0xf6, 0x0, 0x0, 0x5f, 0xff, 0xef, 0xf6,
    0x0, 0x0, 0x5f, 0xff, 0xef, 0xf6, 0x0, 0x0,
    0x5f, 0xff, 0xef, 0xf6, 0x0, 0x0, 0x5f, 0xff,
    0xef, 0xf6, 0x0, 0x0, 0x5f, 0xff, 0xef, 0xf6,
    0x0, 0x0, 0x5f, 0xff, 0xef, 0xf6, 0x0, 0x0,
    0x5f, 0xff, 0xef, 0xf6, 0x0, 0x0, 0x5f, 0xff,
    0xef, 0xf6, 0x0, 0x0, 0x5f, 0xff, 0xef, 0xf9,
    0x0, 0x0, 0x8f, 0xff, 0xaf, 0xff, 0x60, 0x5,
    0xff, 0xfb, 0x3f, 0xff, 0xff, 0xff, 0xff, 0xf4,
    0x6, 0xff, 0xff, 0xff, 0xff, 0x70, 0x0, 0x29,
    0xdf, 0xfd, 0x92, 0x0,

    /* U+0056 "V" */
    0x6f, 0xff, 0x40, 0x0, 0x0, 0x7f, 0xff, 0x41,
    0xff, 0xf9, 0x0, 0x0, 0xc, 0xff, 0xe0, 0xb,
    0xff, 0xe0, 0x0, 0x1, 0xff, 0xf9, 0x0, 0x5f,
    0xff, 0x30, 0x0, 0x5f, 0xff, 0x30, 0x0, 0xff,
    0xf8, 0x0, 0xa, 0xff, 0xe0, 0x0, 0xa, 0xff,
    0xc0, 0x0, 0xff, 0xf8, 0x0, 0x0, 0x5f, 0xff,
    0x10, 0x4f, 0xff, 0x30, 0x0, 0x0, 0xff, 0xf6,
    0x9, 0xff, 0xd0, 0x0, 0x0, 0xa, 0xff, 0xb0,
    0xdf, 0xf8, 0x0, 0x0, 0x0, 0x5f, 0xff, 0x3f,
    0xff, 0x20, 0x0, 0x0, 0x0, 0xff, 0xfc, 0xff,
    0xd0, 0x0, 0x0, 0x0, 0xa, 0xff, 0xff, 0xf7,
    0x0, 0x0, 0x0, 0x0, 0x4f, 0xff, 0xff, 0x20,
    0x0, 0x0, 0x0, 0x0, 0xef, 0xff, 0xc0, 0x0,
    0x0,

    /* U+0057 "W" */
    0x8f, 0xff, 0x10, 0x0, 0x6f, 0xfe, 0x0, 0x0,
    0x9f, 0xff, 0x13, 0xff, 0xf5, 0x0, 0xa, 0xff,
    0xf2, 0x0, 0xc, 0xff, 0xc0, 0xe, 0xff, 0x90,
    0x0, 0xef, 0xff, 0x70, 0x0, 0xff, 0xf7, 0x0,
    0xaf, 0xfd, 0x0, 0x2f, 0xff, 0xfb, 0x0, 0x4f,
    0xff, 0x30, 0x5, 0xff, 0xf1, 0x7, 0xff, 0xff,
    0xf0, 0x8, 0xff, 0xe0, 0x0, 0x1f, 0xff, 0x40,
    0xbf, 0xfd, 0xff, 0x30, 0xcf, 0xf9, 0x0, 0x0,
    0xcf, 0xf8, 0xf, 0xfe, 0x5f, 0xf8, 0xf, 0xff,
    0x50, 0x0, 0x7, 0xff, 0xc3, 0xff, 0x91, 0xff,
    0xc3, 0xff, 0xf0, 0x0, 0x0, 0x2f, 0xff, 0x8f,
    0xf4, 0xb, 0xff, 0x8f, 0xfb, 0x0, 0x0, 0x0,
    0xef, 0xff, 0xff, 0x0, 0x7f, 0xff, 0xff, 0x70,
    0x0, 0x0, 0x9, 0xff, 0xff, 0xb0, 0x2, 0xff,
    0xff, 0xf2, 0x0, 0x0, 0x0, 0x4f, 0xff, 0xf6,
    0x0, 0xd, 0xff, 0xfd, 0x0, 0x0, 0x0, 0x0,
    0xff, 0xff, 0x10, 0x0, 0x8f, 0xff, 0x90, 0x0,
    0x0, 0x0, 0xb, 0xff, 0xc0, 0x0, 0x4, 0xff,
    0xf4, 0x0, 0x0,

    /* U+0058 "X" */
    0x1f, 0xff, 0xa0, 0x0, 0x7, 0xff, 0xf3, 0x7,
    0xff, 0xf3, 0x0, 0x1f, 0xff, 0x90, 0x0, 0xdf,
    0xfc, 0x0, 0x9f, 0xfe, 0x10, 0x0, 0x3f, 0xff,
    0x63, 0xff, 0xf6, 0x0, 0x0, 0x9, 0xff, 0xec,
    0xff, 0xc0, 0x0, 0x0, 0x1, 0xef, 0xff, 0xff,
    0x30, 0x0, 0x0, 0x0, 0x6f, 0xff, 0xf9, 0x0,
    0x0, 0x0, 0x0, 0x6f, 0xff, 0xf9, 0x0, 0x0,
    0x0, 0x1, 0xef, 0xff, 0xff, 0x30, 0x0, 0x0,
    0xa, 0xff, 0xed, 0xff, 0xd0, 0x0, 0x0, 0x4f,
    0xff, 0x63, 0xff, 0xf7, 0x0, 0x0, 0xdf, 0xfc,
    0x0, 0xaf, 0xff, 0x20, 0x8, 0xff, 0xf3, 0x0,
    0x1f, 0xff, 0xb0, 0x2f, 0xff, 0xa0, 0x0, 0x7,
    0xff, 0xf5,

    /* U+0059 "Y" */
    0x6f, 0xff, 0x50, 0x0, 0x1, 0xef, 0xfb, 0xd,
    0xff, 0xd0, 0x0, 0x8, 0xff, 0xf2, 0x4, 0xff,
    0xf5, 0x0, 0x1f, 0xff, 0x90, 0x0, 0xbf, 0xfd,
    0x0, 0x8f, 0xff, 0x10, 0x0, 0x2f, 0xff, 0x61,
    0xff, 0xf7, 0x0, 0x0, 0x9, 0xff, 0xe9, 0xff,
    0xe0, 0x0, 0x0, 0x1, 0xff, 0xff, 0xff, 0x50,
    0x0, 0x0, 0x0, 0x7f, 0xff, 0xfc, 0x0, 0x0,
    0x0, 0x0, 0xe, 0xff, 0xf3, 0x0, 0x0, 0x0,
    0x0, 0x8, 0xff, 0xd0, 0x0, 0x0, 0x0, 0x0,
    0x7, 0xff, 0xd0, 0x0, 0x0, 0x0, 0x0, 0x7,
    0xff, 0xd0, 0x0, 0x0, 0x0, 0x0, 0x7, 0xff,
    0xd0, 0x0, 0x0, 0x0, 0x0, 0x7, 0xff, 0xd0,
    0x0, 0x0,

    /* U+005A "Z" */
    0xff, 0xff, 0xff, 0xff, 0xff, 0xf1, 0xff, 0xff,
    0xff, 0xff, 0xff, 0xf1, 0xcc, 0xcc, 0xcc, 0xdf,
    0xff, 0xb0, 0x0, 0x0, 0x0, 0xaf, 0xfe, 0x10,
    0x0, 0x0, 0x6, 0xff, 0xf3, 0x0, 0x0, 0x0,
    0x2f, 0xff, 0x70, 0x0, 0x0, 0x0, 0xdf, 0xfb,
    0x0, 0x0, 0x0, 0x9, 0xff, 0xe1, 0x0, 0x0,
    0x0, 0x5f, 0xff, 0x30, 0x0, 0x0, 0x2, 0xff,
    0xf7, 0x0, 0x0, 0x0, 0xd, 0xff, 0xb0, 0x0,
    0x0, 0x0, 0x9f, 0xff, 0xdc, 0xcc, 0xcc, 0xc1,
    0xff, 0xff, 0xff, 0xff, 0xff, 0xf2, 0xff, 0xff,
    0xff, 0xff, 0xff, 0xf2,

    /* U+005B "[" */
    0xf, 0xff, 0xff, 0xc0, 0xff, 0xff, 0xfc, 0xf,
    0xff, 0x87, 0x60, 0xff, 0xf2, 0x0, 0xf, 0xff,
    0x20, 0x0, 0xff, 0xf2, 0x0, 0xf, 0xff, 0x20,
    0x0, 0xff, 0xf2, 0x0, 0xf, 0xff, 0x20, 0x0,
    0xff, 0xf2, 0x0, 0xf, 0xff, 0x20, 0x0, 0xff,
    0xf2, 0x0, 0xf, 0xff, 0x20, 0x0, 0xff, 0xf2,
    0x0, 0xf, 0xff, 0x20, 0x0, 0xff, 0xf2, 0x0,
    0xf, 0xff, 0x98, 0x60, 0xff, 0xff, 0xfc, 0xf,
    0xff, 0xff, 0xc0,

    /* U+005C "\\" */
    0x68, 0x80, 0x0, 0x0, 0x9f, 0xf3, 0x0, 0x0,
    0x5f, 0xf7, 0x0, 0x0, 0x1f, 0xfc, 0x0, 0x0,
    0xc, 0xff, 0x0, 0x0, 0x8, 0xff, 0x40, 0x0,
    0x4, 0xff, 0x80, 0x0, 0x0, 0xff, 0xc0, 0x0,
    0x0, 0xcf, 0xf1, 0x0, 0x0, 0x8f, 0xf5, 0x0,
    0x0, 0x4f, 0xf9, 0x0, 0x0, 0xf, 0xfd, 0x0,
    0x0, 0xb, 0xff, 0x10, 0x0, 0x7, 0xff, 0x50,
    0x0, 0x3, 0xff, 0xa0, 0x0, 0x0, 0xff, 0xe0,
    0x0, 0x0, 0xbf, 0xf2, 0x0, 0x0, 0x6f, 0xf6,

    /* U+005D "]" */
    0xaf, 0xff, 0xff, 0x2a, 0xff, 0xff, 0xf2, 0x47,
    0x7f, 0xff, 0x20, 0x0, 0xff, 0xf2, 0x0, 0xf,
    0xff, 0x20, 0x0, 0xff, 0xf2, 0x0, 0xf, 0xff,
    0x20, 0x0, 0xff, 0xf2, 0x0, 0xf, 0xff, 0x20,
    0x0, 0xff, 0xf2, 0x0, 0xf, 0xff, 0x20, 0x0,
    0xff, 0xf2, 0x0, 0xf, 0xff, 0x20, 0x0, 0xff,
    0xf2, 0x0, 0xf, 0xff, 0x20, 0x0, 0xff, 0xf2,
    0x58, 0x8f, 0xff, 0x2a, 0xff, 0xff, 0xf2, 0xaf,
    0xff, 0xff, 0x20,

    /* U+005E "^" */
    0x0, 0x0, 0x11, 0x0, 0x0, 0x0, 0xcf, 0xf4,
    0x0, 0x0, 0x4f, 0xff, 0xc0, 0x0, 0xc, 0xff,
    0xff, 0x40, 0x4, 0xff, 0x7e, 0xfc, 0x0, 0xcf,
    0xe0, 0x7f, 0xf4, 0x3e, 0xe8, 0x1, 0xde, 0xa0,

    /* U+005F "_" */
    0x7, 0x77, 0x77, 0x77, 0x77, 0x20, 0xff, 0xff,
    0xff, 0xff, 0xf5, 0xf, 0xff, 0xff, 0xff, 0xff,
    0x50,

    /* U+0060 "`" */
    0x3, 0x31, 0x0, 0xef, 0xd0, 0x4, 0xff, 0x40,
    0x9, 0xfb,

    /* U+0061 "a" */
    0x0, 0x2a, 0xef, 0xfc, 0x50, 0x0, 0x3f, 0xff,
    0xff, 0xff, 0x80, 0xc, 0xff, 0xc6, 0xaf, 0xff,
    0x20, 0xaa, 0xa1, 0x0, 0xff, 0xf5, 0x0, 0x0,
    0x0, 0xf, 0xff, 0x50, 0x2a, 0xef, 0xff, 0xff,
    0xf5, 0x1f, 0xff, 0xfd, 0xdf, 0xff, 0x56, 0xff,
    0xd1, 0x0, 0xff, 0xf5, 0x6f, 0xfd, 0x21, 0xaf,
    0xff, 0x51, 0xff, 0xff, 0xff, 0xef, 0xf5, 0x3,
    0xbf, 0xfc, 0x3c, 0xff, 0x50,

    /* U+0062 "b" */
    0xef, 0xf5, 0x0, 0x0, 0x0, 0xe, 0xff, 0x50,
    0x0, 0x0, 0x0, 0xef, 0xf5, 0x0, 0x0, 0x0,
    0xe, 0xff, 0x55, 0xdf, 0xd6, 0x0, 0xef, 0xfa,
    0xff, 0xff, 0xf8, 0xe, 0xff, 0xfd, 0xaf, 0xff,
    0xf2, 0xef, 0xfc, 0x0, 0x3f, 0xff, 0x7e, 0xff,
    0x60, 0x0, 0xcf, 0xfa, 0xef, 0xf5, 0x0, 0xb,
    0xff, 0xae, 0xff, 0x60, 0x0, 0xdf, 0xf9, 0xef,
    0xfc, 0x0, 0x3f, 0xff, 0x7e, 0xff, 0xfd, 0xaf,
    0xff, 0xf2, 0xef, 0xfa, 0xff, 0xff, 0xf8, 0xe,
    0xff, 0x56, 0xdf, 0xd6, 0x0,

    /* U+0063 "c" */
    0x0, 0x7, 0xdf, 0xfd, 0x70, 0x0, 0x1c, 0xff,
    0xff, 0xff, 0xc0, 0xa, 0xff, 0xfa, 0xaf, 0xff,
    0x71, 0xff, 0xf7, 0x0, 0x7f, 0xfc, 0x4f, 0xff,
    0x10, 0x1, 0x44, 0x45, 0xff, 0xf0, 0x0, 0x0,
    0x0, 0x4f, 0xff, 0x10, 0x1, 0x55, 0x41, 0xff,
    0xf8, 0x0, 0x8f, 0xfc, 0xa, 0xff, 0xfb, 0xbf,
    0xff, 0x60, 0x1d, 0xff, 0xff, 0xff, 0xb0, 0x0,
    0x7, 0xdf, 0xfd, 0x70, 0x0,

    /* U+0064 "d" */
    0x0, 0x0, 0x0, 0x0, 0xff, 0xf4, 0x0, 0x0,
    0x0, 0x0, 0xff, 0xf4, 0x0, 0x0, 0x0, 0x0,
    0xff, 0xf4, 0x0, 0x3b, 0xff, 0x90, 0xff, 0xf4,
    0x3, 0xff, 0xff, 0xfa, 0xff, 0xf4, 0xb, 0xff,
    0xfb, 0xbf, 0xff, 0xf4, 0x1f, 0xff, 0x80, 0x6,
    0xff, 0xf4, 0x4f, 0xff, 0x20, 0x0, 0xff, 0xf4,
    0x4f, 0xff, 0x10, 0x0, 0xef, 0xf4, 0x3f, 0xff,
    0x20, 0x0, 0xff, 0xf4, 0x1f, 0xff, 0x70, 0x5,
    0xff, 0xf4, 0xb, 0xff, 0xf9, 0x9f, 0xff, 0xf4,
    0x2, 0xff, 0xff, 0xfc, 0xff, 0xf4, 0x0, 0x3b,
    0xff, 0xa1, 0xff, 0xf4,

    /* U+0065 "e" */
    0x0, 0x7, 0xdf, 0xfc, 0x60, 0x0, 0x1d, 0xff,
    0xff, 0xff, 0xb0, 0xa, 0xff, 0xe8, 0x8e, 0xff,
    0x61, 0xff, 0xf2, 0x0, 0x3f, 0xfc, 0x4f, 0xff,
    0xff, 0xff, 0xff, 0xf5, 0xff, 0xff, 0xff, 0xff,
    0xff, 0x4f, 0xfe, 0x0, 0x0, 0x0, 0x1, 0xff,
    0xf3, 0x0, 0x28, 0x87, 0xa, 0xff, 0xe8, 0x8e,
    0xff, 0x90, 0x1d, 0xff, 0xff, 0xff, 0xd1, 0x0,
    0x7, 0xdf, 0xfd, 0x80, 0x0,

    /* U+0066 "f" */
    0x0, 0x1a, 0xef, 0xe2, 0x0, 0xcf, 0xff, 0xf3,
    0x3, 0xff, 0xfd, 0xa2, 0xcf, 0xff, 0xff, 0xf0,
    0xcf, 0xff, 0xff, 0xf0, 0x5a, 0xff, 0xf7, 0x70,
    0x4, 0xff, 0xf0, 0x0, 0x4, 0xff, 0xf0, 0x0,
    0x4, 0xff, 0xf0, 0x0, 0x4, 0xff, 0xf0, 0x0,
    0x4, 0xff, 0xf0, 0x0, 0x4, 0xff, 0xf0, 0x0,
    0x4, 0xff, 0xf0, 0x0, 0x4, 0xff, 0xf0, 0x0,

    /* U+0067 "g" */
    0x0, 0x3b, 0xff, 0x90, 0xff, 0xf5, 0x2, 0xff,
    0xff, 0xfa, 0xff, 0xf5, 0xb, 0xff, 0xfb, 0xbf,
    0xff, 0xf5, 0x1f, 0xff, 0x90, 0x7, 0xff, 0xf5,
    0x3f, 0xff, 0x20, 0x0, 0xff, 0xf5, 0x4f, 0xff,
    0x10, 0x0, 0xef, 0xf5, 0x4f, 0xff, 0x10, 0x0,
    0xff, 0xf5, 0x1f, 0xff, 0x70, 0x5, 0xff, 0xf5,
    0xc, 0xff, 0xf9, 0x8f, 0xff, 0xf5, 0x3, 0xff,
    0xff, 0xfc, 0xff, 0xf5, 0x0, 0x3b, 0xff, 0xa1,
    0xef, 0xf5, 0x4, 0x44, 0x0, 0x0, 0xff, 0xf4,
    0xd, 0xff, 0xc6, 0x6c, 0xff, 0xe0, 0x4, 0xff,
    0xff, 0xff, 0xff, 0x40, 0x0, 0x29, 0xef, 0xfd,
    0x92, 0x0,

    /* U+0068 "h" */
    0xff, 0xf4, 0x0, 0x0, 0x0, 0xf, 0xff, 0x40,
    0x0, 0x0, 0x0, 0xff, 0xf4, 0x0, 0x0, 0x0,
    0xf, 0xff, 0x46, 0xdf, 0xe7, 0x0, 0xff, 0xf9,
    0xff, 0xff, 0xf8, 0xf, 0xff, 0xfe, 0xcf, 0xff,
    0xf0, 0xff, 0xfb, 0x0, 0x6f, 0xff, 0x3f, 0xff,
    0x60, 0x1, 0xff, 0xf3, 0xff, 0xf5, 0x0, 0x1f,
    0xff, 0x3f, 0xff, 0x50, 0x1, 0xff, 0xf3, 0xff,
    0xf5, 0x0, 0x1f, 0xff, 0x3f, 0xff, 0x50, 0x1,
    0xff, 0xf3, 0xff, 0xf5, 0x0, 0x1f, 0xff, 0x3f,
    0xff, 0x50, 0x1, 0xff, 0xf3,

    /* U+0069 "i" */
    0x0, 0x31, 0x0, 0xaf, 0xf2, 0xf, 0xff, 0x60,
    0x7f, 0xc1, 0x0, 0x0, 0x0, 0xff, 0xf5, 0xf,
    0xff, 0x50, 0xff, 0xf5, 0xf, 0xff, 0x50, 0xff,
    0xf5, 0xf, 0xff, 0x50, 0xff, 0xf5, 0xf, 0xff,
    0x50, 0xff, 0xf5, 0xf, 0xff, 0x50, 0xff, 0xf5,

    /* U+006A "j" */
    0x0, 0x3, 0x10, 0x0, 0xaf, 0xf2, 0x0, 0xff,
    0xf5, 0x0, 0x7f, 0xc1, 0x0, 0x0, 0x0, 0x0,
    0xff, 0xf5, 0x0, 0xff, 0xf5, 0x0, 0xff, 0xf5,
    0x0, 0xff, 0xf5, 0x0, 0xff, 0xf5, 0x0, 0xff,
    0xf5, 0x0, 0xff, 0xf5, 0x0, 0xff, 0xf5, 0x0,
    0xff, 0xf5, 0x0, 0xff, 0xf5, 0x0, 0xff, 0xf5,
    0x0, 0xff, 0xf5, 0x5b, 0xff, 0xf3, 0x9f, 0xff,
    0xc0, 0x9f, 0xe9, 0x10,

    /* U+006B "k" */
    0xff, 0xf5, 0x0, 0x0, 0x0, 0xf, 0xff, 0x50,
    0x0, 0x0, 0x0, 0xff, 0xf5, 0x0, 0x0, 0x0,
    0xf, 0xff, 0x50, 0xc, 0xff, 0xd1, 0xff, 0xf5,
    0x9, 0xff, 0xf2, 0xf, 0xff, 0x55, 0xff, 0xf5,
    0x0, 0xff, 0xf7, 0xff, 0xf9, 0x0, 0xf, 0xff,
    0xff, 0xfc, 0x0, 0x0, 0xff, 0xff, 0xff, 0xe0,
    0x0, 0xf, 0xff, 0xff, 0xff, 0x90, 0x0, 0xff,
    0xf9, 0x8f, 0xff, 0x30, 0xf, 0xff, 0x50, 0xdf,
    0xfd, 0x0, 0xff, 0xf5, 0x4, 0xff, 0xf8, 0xf,
    0xff, 0x50, 0xa, 0xff, 0xf2,

    /* U+006C "l" */
    0xff, 0xf5, 0xff, 0xf5, 0xff, 0xf5, 0xff, 0xf5,
    0xff, 0xf5, 0xff, 0xf5, 0xff, 0xf5, 0xff, 0xf5,
    0xff, 0xf5, 0xff, 0xf5, 0xff, 0xf5, 0xff, 0xf5,
    0xff, 0xf5, 0xff, 0xf5,

    /* U+006D "m" */
    0xff, 0xf3, 0x7e, 0xfc, 0x30, 0x7d, 0xfd, 0x60,
    0xff, 0xfa, 0xff, 0xff, 0xf8, 0xff, 0xff, 0xf5,
    0xff, 0xff, 0xbc, 0xff, 0xff, 0xcb, 0xff, 0xfb,
    0xff, 0xf9, 0x0, 0xcf, 0xfb, 0x0, 0x9f, 0xfd,
    0xff, 0xf5, 0x0, 0xaf, 0xf8, 0x0, 0x6f, 0xfe,
    0xff, 0xf5, 0x0, 0xaf, 0xf8, 0x0, 0x6f, 0xfe,
    0xff, 0xf5, 0x0, 0xaf, 0xf8, 0x0, 0x6f, 0xfe,
    0xff, 0xf5, 0x0, 0xaf, 0xf8, 0x0, 0x6f, 0xfe,
    0xff, 0xf5, 0x0, 0xaf, 0xf8, 0x0, 0x6f, 0xfe,
    0xff, 0xf5, 0x0, 0xaf, 0xf8, 0x0, 0x6f, 0xfe,
    0xff, 0xf5, 0x0, 0xaf, 0xf8, 0x0, 0x6f, 0xfe,

    /* U+006E "n" */
    0xff, 0xf3, 0x6d, 0xfe, 0x70, 0xf, 0xff, 0xaf,
    0xff, 0xff, 0x70, 0xff, 0xff, 0xcb, 0xff, 0xff,
    0xf, 0xff, 0xa0, 0x5, 0xff, 0xf2, 0xff, 0xf6,
    0x0, 0x1f, 0xff, 0x3f, 0xff, 0x50, 0x1, 0xff,
    0xf3, 0xff, 0xf5, 0x0, 0x1f, 0xff, 0x3f, 0xff,
    0x50, 0x1, 0xff, 0xf3, 0xff, 0xf5, 0x0, 0x1f,
    0xff, 0x3f, 0xff, 0x50, 0x1, 0xff, 0xf3, 0xff,
    0xf5, 0x0, 0x1f, 0xff, 0x30,

    /* U+006F "o" */
    0x0, 0x7, 0xdf, 0xfd, 0x70, 0x0, 0x1, 0xcf,
    0xff, 0xff, 0xfc, 0x0, 0xa, 0xff, 0xf9, 0x9f,
    0xff, 0x90, 0x1f, 0xff, 0x70, 0x7, 0xff, 0xf0,
    0x4f, 0xff, 0x10, 0x2, 0xff, 0xf3, 0x5f, 0xff,
    0x0, 0x1, 0xff, 0xf4, 0x4f, 0xff, 0x10, 0x2,
    0xff, 0xf3, 0x1f, 0xff, 0x70, 0x8, 0xff, 0xf0,
    0xa, 0xff, 0xfa, 0xaf, 0xff, 0x90, 0x1, 0xcf,
    0xff, 0xff, 0xfc, 0x0, 0x0, 0x7, 0xdf, 0xfd,
    0x70, 0x0,

    /* U+0070 "p" */
    0xff, 0xf5, 0x6e, 0xfd, 0x60, 0xf, 0xff, 0xaf,
    0xff, 0xff, 0x70, 0xff, 0xff, 0xb8, 0xef, 0xff,
    0x1f, 0xff, 0xb0, 0x2, 0xff, 0xf6, 0xff, 0xf5,
    0x0, 0xc, 0xff, 0x9f, 0xff, 0x40, 0x0, 0xbf,
    0xfa, 0xff, 0xf6, 0x0, 0xd, 0xff, 0x9f, 0xff,
    0xc0, 0x3, 0xff, 0xf6, 0xff, 0xff, 0xda, 0xff,
    0xff, 0x1f, 0xff, 0xbf, 0xff, 0xff, 0x70, 0xff,
    0xf5, 0x6e, 0xfd, 0x60, 0xf, 0xff, 0x50, 0x0,
    0x0, 0x0, 0xff, 0xf5, 0x0, 0x0, 0x0, 0xf,
    0xff, 0x50, 0x0, 0x0, 0x0, 0xff, 0xf5, 0x0,
    0x0, 0x0, 0x0,

    /* U+0071 "q" */
    0x0, 0x3b, 0xff, 0x90, 0xff, 0xf4, 0x3, 0xff,
    0xff, 0xfa, 0xff, 0xf4, 0xb, 0xff, 0xfb, 0xbf,
    0xff, 0xf4, 0x1f, 0xff, 0x80, 0x6, 0xff, 0xf4,
    0x4f, 0xff, 0x20, 0x0, 0xff, 0xf4, 0x4f, 0xff,
    0x10, 0x0, 0xef, 0xf4, 0x3f, 0xff, 0x20, 0x0,
    0xff, 0xf4, 0x1f, 0xff, 0x90, 0x6, 0xff, 0xf4,
    0xb, 0xff, 0xfc, 0xbf, 0xff, 0xf4, 0x2, 0xff,
    0xff, 0xfb, 0xff, 0xf4, 0x0, 0x3b, 0xff, 0xa0,
    0xff, 0xf4, 0x0, 0x0, 0x0, 0x0, 0xff, 0xf4,
    0x0, 0x0, 0x0, 0x0, 0xff, 0xf4, 0x0, 0x0,
    0x0, 0x0, 0xff, 0xf4, 0x0, 0x0, 0x0, 0x0,
    0xff, 0xf4,

    /* U+0072 "r" */
    0x0, 0x0, 0x0, 0xf, 0xff, 0x49, 0xfc, 0xff,
    0xfb, 0xff, 0xcf, 0xff, 0xfe, 0xca, 0xff, 0xfd,
    0x10, 0xf, 0xff, 0x60, 0x0, 0xff, 0xf5, 0x0,
    0xf, 0xff, 0x50, 0x0, 0xff, 0xf5, 0x0, 0xf,
    0xff, 0x50, 0x0, 0xff, 0xf5, 0x0, 0xf, 0xff,
    0x50, 0x0,

    /* U+0073 "s" */
    0x0, 0x5b, 0xef, 0xeb, 0x40, 0x0, 0x8f, 0xff,
    0xff, 0xff, 0x70, 0xf, 0xff, 0xa5, 0x9f, 0xff,
    0x2, 0xff, 0xf4, 0x0, 0x67, 0x71, 0xe, 0xff,
    0xfd, 0xa6, 0x20, 0x0, 0x3e, 0xff, 0xff, 0xff,
    0x90, 0x0, 0x4, 0x8b, 0xff, 0xff, 0x43, 0x88,
    0x70, 0x0, 0xef, 0xf7, 0x2f, 0xff, 0xa6, 0x8f,
    0xff, 0x40, 0x8f, 0xff, 0xff, 0xff, 0xa0, 0x0,
    0x4b, 0xef, 0xfc, 0x60, 0x0,

    /* U+0074 "t" */
    0x1, 0x88, 0x80, 0x0, 0x3, 0xff, 0xf0, 0x0,
    0x3, 0xff, 0xf0, 0x0, 0xaf, 0xff, 0xff, 0xf0,
    0xaf, 0xff, 0xff, 0xf0, 0x59, 0xff, 0xf8, 0x70,
    0x3, 0xff, 0xf0, 0x0, 0x3, 0xff, 0xf0, 0x0,
    0x3, 0xff, 0xf0, 0x0, 0x3, 0xff, 0xf0, 0x0,
    0x3, 0xff, 0xf1, 0x0, 0x3, 0xff, 0xfc, 0xa1,
    0x0, 0xdf, 0xff, 0xf1, 0x0, 0x1a, 0xef, 0xf1,

    /* U+0075 "u" */
    0xff, 0xf5, 0x0, 0x1f, 0xff, 0x3f, 0xff, 0x50,
    0x1, 0xff, 0xf3, 0xff, 0xf5, 0x0, 0x1f, 0xff,
    0x3f, 0xff, 0x50, 0x1, 0xff, 0xf3, 0xff, 0xf5,
    0x0, 0x1f, 0xff, 0x3f, 0xff, 0x50, 0x1, 0xff,
    0xf3, 0xff, 0xf6, 0x0, 0x1f, 0xff, 0x3e, 0xff,
    0xa0, 0x7, 0xff, 0xf3, 0xbf, 0xff, 0xcb, 0xff,
    0xff, 0x33, 0xff, 0xff, 0xfa, 0xff, 0xf3, 0x4,
    0xcf, 0xe8, 0xf, 0xff, 0x30,

    /* U+0076 "v" */
    0x9f, 0xfd, 0x0, 0x5, 0xff, 0xf1, 0x4f, 0xff,
    0x10, 0x9, 0xff, 0xc0, 0xe, 0xff, 0x50, 0xd,
    0xff, 0x60, 0xa, 0xff, 0x90, 0x2f, 0xff, 0x10,
    0x4, 0xff, 0xd0, 0x6f, 0xfc, 0x0, 0x0, 0xff,
    0xf1, 0xaf, 0xf6, 0x0, 0x0, 0xaf, 0xf6, 0xef,
    0xf1, 0x0, 0x0, 0x4f, 0xfd, 0xff, 0xc0, 0x0,
    0x0, 0xf, 0xff, 0xff, 0x70, 0x0, 0x0, 0xa,
    0xff, 0xff, 0x10, 0x0, 0x0, 0x4, 0xff, 0xfc,
    0x0, 0x0,

    /* U+0077 "w" */
    0x9f, 0xfa, 0x0, 0x6f, 0xff, 0x10, 0xf, 0xff,
    0x45, 0xff, 0xe0, 0x9, 0xff, 0xf4, 0x3, 0xff,
    0xf0, 0x1f, 0xff, 0x10, 0xdf, 0xff, 0x80, 0x6f,
    0xfc, 0x0, 0xdf, 0xf4, 0x1f, 0xff, 0xfb, 0xa,
    0xff, 0x80, 0x9, 0xff, 0x84, 0xff, 0xef, 0xf0,
    0xdf, 0xf4, 0x0, 0x5f, 0xfb, 0x8f, 0xf6, 0xff,
    0x3f, 0xff, 0x0, 0x1, 0xff, 0xeb, 0xfc, 0x1f,
    0xfa, 0xff, 0xb0, 0x0, 0xd, 0xff, 0xff, 0x70,
    0xdf, 0xff, 0xf7, 0x0, 0x0, 0x9f, 0xff, 0xf3,
    0x9, 0xff, 0xff, 0x30, 0x0, 0x5, 0xff, 0xff,
    0x0, 0x5f, 0xff, 0xf0, 0x0, 0x0, 0x1f, 0xff,
    0xb0, 0x1, 0xff, 0xfb, 0x0, 0x0,

    /* U+0078 "x" */
    0x3f, 0xff, 0x20, 0xc, 0xff, 0x80, 0xaf, 0xf9,
    0x4, 0xff, 0xe1, 0x2, 0xff, 0xf1, 0xcf, 0xf7,
    0x0, 0x9, 0xff, 0xcf, 0xfe, 0x0, 0x0, 0x1f,
    0xff, 0xff, 0x50, 0x0, 0x0, 0xbf, 0xff, 0xf0,
    0x0, 0x0, 0x2f, 0xff, 0xff, 0x60, 0x0, 0xa,
    0xff, 0xbf, 0xfe, 0x0, 0x3, 0xff, 0xf1, 0xbf,
    0xf8, 0x0, 0xcf, 0xf8, 0x3, 0xff, 0xf1, 0x5f,
    0xfe, 0x0, 0xa, 0xff, 0xa0,

    /* U+0079 "y" */
    0x9f, 0xfc, 0x0, 0x5, 0xff, 0xf1, 0x4f, 0xff,
    0x0, 0x9, 0xff, 0xc0, 0xe, 0xff, 0x40, 0xd,
    0xff, 0x60, 0x9, 0xff, 0x80, 0x1f, 0xff, 0x10,
    0x4, 0xff, 0xd0, 0x5f, 0xfc, 0x0, 0x0, 0xef,
    0xf1, 0xaf, 0xf6, 0x0, 0x0, 0x9f, 0xf5, 0xef,
    0xf1, 0x0, 0x0, 0x4f, 0xfb, 0xff, 0xc0, 0x0,
    0x0, 0xe, 0xff, 0xff, 0x60, 0x0, 0x0, 0x9,
    0xff, 0xff, 0x10, 0x0, 0x0, 0x4, 0xff, 0xfb,
    0x0, 0x0, 0x0, 0x2, 0xff, 0xf6, 0x0, 0x0,
    0x6, 0x9d, 0xff, 0xf1, 0x0, 0x0, 0xb, 0xff,
    0xff, 0x60, 0x0, 0x0, 0xa, 0xff, 0xc5, 0x0,
    0x0, 0x0,

    /* U+007A "z" */
    0xcf, 0xff, 0xff, 0xff, 0xf0, 0xcf, 0xff, 0xff,
    0xff, 0xf0, 0x8a, 0xaa, 0xbf, 0xff, 0xb0, 0x0,
    0x0, 0x9f, 0xfe, 0x10, 0x0, 0x6, 0xff, 0xf3,
    0x0, 0x0, 0x3f, 0xff, 0x70, 0x0, 0x1, 0xef,
    0xfb, 0x0, 0x0, 0xb, 0xff, 0xe1, 0x0, 0x0,
    0x8f, 0xff, 0xda, 0xaa, 0xa1, 0xff, 0xff, 0xff,
    0xff, 0xf2, 0xff, 0xff, 0xff, 0xff, 0xf2,

    /* U+007B "{" */
    0x0, 0x1, 0x9d, 0xfc, 0x0, 0xd, 0xff, 0xfc,
    0x0, 0x3f, 0xff, 0xb6, 0x0, 0x5f, 0xfe, 0x0,
    0x0, 0x5f, 0xfd, 0x0, 0x0, 0x5f, 0xfd, 0x0,
    0x0, 0x9f, 0xfc, 0x0, 0x6d, 0xff, 0xf5, 0x0,
    0x8f, 0xfa, 0x10, 0x0, 0x8f, 0xff, 0xe3, 0x0,
    0x1, 0xcf, 0xfb, 0x0, 0x0, 0x5f, 0xfd, 0x0,
    0x0, 0x5f, 0xfd, 0x0, 0x0, 0x5f, 0xfd, 0x0,
    0x0, 0x4f, 0xff, 0x0, 0x0, 0x2f, 0xff, 0xc6,
    0x0, 0xb, 0xff, 0xfc, 0x0, 0x0, 0x8d, 0xfc,

    /* U+007C "|" */
    0x78, 0x82, 0xdf, 0xf4, 0xdf, 0xf4, 0xdf, 0xf4,
    0xdf, 0xf4, 0xdf, 0xf4, 0xdf, 0xf4, 0xdf, 0xf4,
    0xdf, 0xf4, 0xdf, 0xf4, 0xdf, 0xf4, 0xdf, 0xf4,
    0xdf, 0xf4, 0xdf, 0xf4, 0xdf, 0xf4, 0xdf, 0xf4,
    0xdf, 0xf4, 0xdf, 0xf4, 0xdf, 0xf4,

    /* U+007D "}" */
    0xaf, 0xda, 0x20, 0x0, 0xaf, 0xff, 0xe0, 0x0,
    0x5a, 0xff, 0xf5, 0x0, 0x0, 0xcf, 0xf7, 0x0,
    0x0, 0xbf, 0xf7, 0x0, 0x0, 0xbf, 0xf7, 0x0,
    0x0, 0xaf, 0xfb, 0x0, 0x0, 0x3e, 0xff, 0xe8,
    0x0, 0x0, 0x9f, 0xfb, 0x0, 0x2d, 0xff, 0xfa,
    0x0, 0x9f, 0xfd, 0x20, 0x0, 0xbf, 0xf7, 0x0,
    0x0, 0xbf, 0xf7, 0x0, 0x0, 0xbf, 0xf7, 0x0,
    0x0, 0xdf, 0xf6, 0x0, 0x5b, 0xff, 0xf4, 0x0,
    0xaf, 0xff, 0xd0, 0x0, 0xaf, 0xd9, 0x10, 0x0,

    /* U+007E "~" */
    0x6, 0xdf, 0xc7, 0x10, 0x2, 0x42, 0xff, 0xff,
    0xff, 0xcd, 0xf6, 0x2f, 0xdb, 0xef, 0xff, 0xff,
    0x52, 0x50, 0x0, 0x4b, 0xfe, 0x80,

    /* U+00B7 "·" */
    0x18, 0x70, 0xaf, 0xf8, 0xcf, 0xf9, 0x4e, 0xd2,

    /* U+AC04 "간" */
    0x0, 0x0, 0x0, 0x0, 0x0, 0x0, 0x11, 0x0,
    0x0, 0x0, 0x0, 0x0, 0x0, 0x0, 0x1, 0xff,
    0xc0, 0x0, 0xc, 0xff, 0xff, 0xff, 0xfe, 0x1,
    0xff, 0xc0, 0x0, 0xc, 0xff, 0xff, 0xff, 0xfd,
    0x1, 0xff, 0xc0, 0x0, 0x4, 0x55, 0x55, 0x8f,
    0xfa, 0x1, 0xff, 0xc0, 0x0, 0x0, 0x0, 0x0,
    0x8f, 0xf5, 0x1, 0xff, 0xd2, 0x20, 0x0, 0x0,
    0x2, 0xff, 0xe0, 0x1, 0xff, 0xff, 0xf2, 0x0,
    0x0, 0x2e, 0xff, 0x50, 0x1, 0xff, 0xff, 0xf2,
    0x0, 0x7, 0xff, 0xf8, 0x0, 0x1, 0xff, 0xd2,
    0x20, 0x29, 0xef, 0xff, 0x70, 0x0, 0x1, 0xff,
    0xc0, 0x0, 0x3f, 0xff, 0xb3, 0x0, 0x0, 0x1,
    0xff, 0xc0, 0x0, 0x9, 0x83, 0x0, 0x0, 0x0,
    0x1, 0xff, 0xc0, 0x0, 0x0, 0xd, 0xda, 0x0,
    0x0, 0x1, 0xff, 0xc0, 0x0, 0x0, 0xf, 0xfd,
    0x0, 0x0, 0x0, 0xbb, 0x80, 0x0, 0x0, 0xf,
    0xfd, 0x0, 0x0, 0x0, 0x0, 0x0, 0x0, 0x0,
    0xf, 0xfd, 0x0, 0x0, 0x0, 0x0, 0x0, 0x0,
    0x0, 0x1f, 0xff, 0xee, 0xee, 0xee, 0xee, 0xe4,
    0x0, 0x0, 0xf, 0xff, 0xff, 0xff, 0xff, 0xff,
    0xf5, 0x0, 0x0, 0x6, 0x66, 0x66, 0x66, 0x66,
    0x66, 0x62, 0x0,

    /* U+AC74 "건" */
    0x0, 0x0, 0x0, 0x0, 0x0, 0x0, 0x0, 0x0,
    0x0, 0x0, 0x0, 0x0, 0x0, 0x0, 0x0, 0xef,
    0xd0, 0x5, 0xff, 0xff, 0xff, 0xff, 0x0, 0xe,
    0xfd, 0x0, 0x6f, 0xff, 0xff, 0xff, 0xf0, 0x0,
    0xef, 0xd0, 0x2, 0x55, 0x55, 0x5e, 0xfd, 0x0,
    0xe, 0xfd, 0x0, 0x0, 0x0, 0x2, 0xff, 0x80,
    0x0, 0xef, 0xd0, 0x0, 0x0, 0x0, 0xaf, 0xf2,
    0xdf, 0xff, 0xfd, 0x0, 0x0, 0x0, 0x8f, 0xfa,
    0xe, 0xff, 0xff, 0xd0, 0x0, 0x1, 0xaf, 0xfe,
    0x10, 0x45, 0x5f, 0xfd, 0x0, 0x18, 0xff, 0xfe,
    0x20, 0x0, 0x0, 0xef, 0xd0, 0x1f, 0xff, 0xfc,
    0x20, 0x0, 0x0, 0xe, 0xfd, 0x0, 0xaf, 0xe6,
    0x0, 0x0, 0x0, 0x0, 0xef, 0xd0, 0x2, 0x40,
    0x11, 0x0, 0x0, 0x0, 0xe, 0xfd, 0x0, 0x0,
    0x1f, 0xfc, 0x0, 0x0, 0x0, 0xef, 0xd0, 0x0,
    0x1, 0xff, 0xc0, 0x0, 0x0, 0x0, 0x0, 0x0,
    0x0, 0x1f, 0xfc, 0x0, 0x0, 0x0, 0x0, 0x0,
    0x0, 0x2, 0xff, 0xe7, 0x77, 0x77, 0x77, 0x77,
    0x20, 0x0, 0x2f, 0xff, 0xff, 0xff, 0xff, 0xff,
    0xf5, 0x0, 0x1, 0xdd, 0xdd, 0xdd, 0xdd, 0xdd,
    0xdd, 0x40,

    /* U+AC8C "게" */
    0x0, 0x0, 0x0, 0x0, 0x0, 0x0, 0x0, 0x0,
    0x0, 0x0, 0x0, 0x0, 0x0, 0xa, 0xa6, 0x9f,
    0xf1, 0x0, 0x0, 0x0, 0x0, 0x0, 0xff, 0xa9,
    0xff, 0x10, 0x8f, 0xff, 0xff, 0xf8, 0xf, 0xfa,
    0x9f, 0xf1, 0x8, 0xff, 0xff, 0xff, 0x80, 0xff,
    0xa9, 0xff, 0x10, 0x24, 0x44, 0x7f, 0xf6, 0xf,
    0xfa, 0x9f, 0xf1, 0x0, 0x0, 0x7, 0xff, 0x40,
    0xff, 0xa9, 0xff, 0x10, 0x0, 0x0, 0xbf, 0xf5,
    0x4f, 0xfa, 0x9f, 0xf1, 0x0, 0x0, 0x1f, 0xff,
    0xff, 0xff, 0xa9, 0xff, 0x10, 0x0, 0x9, 0xff,
    0xff, 0xff, 0xfa, 0x9f, 0xf1, 0x0, 0x4, 0xff,
    0xd0, 0x0, 0xff, 0xa9, 0xff, 0x10, 0x4, 0xff,
    0xf3, 0x0, 0xf, 0xfa, 0x9f, 0xf1, 0x8, 0xff,
    0xf6, 0x0, 0x0, 0xff, 0xa9, 0xff, 0x15, 0xff,
    0xf6, 0x0, 0x0, 0xf, 0xfa, 0x9f, 0xf1, 0x9,
    0xd3, 0x0, 0x0, 0x0, 0xff, 0xa9, 0xff, 0x10,
    0x0, 0x0, 0x0, 0x0, 0xf, 0xfa, 0x9f, 0xf1,
    0x0, 0x0, 0x0, 0x0, 0x0, 0xff, 0xa9, 0xff,
    0x10, 0x0, 0x0, 0x0, 0x0, 0xf, 0xfa, 0x9f,
    0xf1, 0x0, 0x0, 0x0, 0x0, 0x0, 0x11, 0x18,
    0xee, 0x10,

    /* U+ACA9 "격" */
    0x0, 0x0, 0x0, 0x0, 0x0, 0x0, 0x0, 0x0,
    0x0, 0x0, 0x0, 0x0, 0x0, 0x0, 0x1f, 0xfb,
    0x4, 0xff, 0xff, 0xff, 0xff, 0x10, 0x1f, 0xfb,
    0x5, 0xff, 0xff, 0xff, 0xff, 0x43, 0x4f, 0xfb,
    0x1, 0x44, 0x44, 0x4f, 0xff, 0xff, 0xff, 0xfb,
    0x0, 0x0, 0x0, 0x4f, 0xff, 0xff, 0xff, 0xfb,
    0x0, 0x0, 0x1, 0xdf, 0xf2, 0x0, 0x1f, 0xfb,
    0x0, 0x0, 0x2c, 0xff, 0x84, 0x44, 0x5f, 0xfb,
    0x0, 0x17, 0xff, 0xfa, 0xf, 0xff, 0xff, 0xfb,
    0x1a, 0xff, 0xff, 0x80, 0xf, 0xff, 0xff, 0xfb,
    0xe, 0xff, 0xc3, 0x0, 0x0, 0x0, 0x1f, 0xfb,
    0x5, 0x82, 0x0, 0x0, 0x0, 0x0, 0xc, 0xc8,
    0x0, 0xa, 0xee, 0xee, 0xee, 0xee, 0xee, 0xea,
    0x0, 0xb, 0xff, 0xff, 0xff, 0xff, 0xff, 0xfb,
    0x0, 0x3, 0x44, 0x44, 0x44, 0x44, 0x5f, 0xfb,
    0x0, 0x0, 0x0, 0x0, 0x0, 0x0, 0x1f, 0xfb,
    0x0, 0x0, 0x0, 0x0, 0x0, 0x0, 0x1f, 0xfb,
    0x0, 0x0, 0x0, 0x0, 0x0, 0x0, 0x1f, 0xfb,
    0x0, 0x0, 0x0, 0x0, 0x0, 0x0, 0x9, 0x96,

    /* U+ACB0 "결" */
    0x0, 0x0, 0x0, 0x0, 0x0, 0x0, 0x1, 0x11,
    0x0, 0x27, 0x77, 0x77, 0x87, 0x70, 0x0, 0xff,
    0xd0, 0x4, 0xff, 0xff, 0xff, 0xff, 0x0, 0xf,
    0xfd, 0x0, 0x3c, 0xcc, 0xcd, 0xff, 0xff, 0xff,
    0xff, 0xd0, 0x0, 0x0, 0x0, 0x4f, 0xff, 0xff,
    0xff, 0xfd, 0x0, 0x0, 0x0, 0xc, 0xff, 0x52,
    0x22, 0xff, 0xd0, 0x0, 0x0, 0x1b, 0xff, 0xa3,
    0x33, 0x3f, 0xfd, 0x0, 0x2, 0x8f, 0xff, 0xc1,
    0xff, 0xff, 0xff, 0xd0, 0x2e, 0xff, 0xff, 0xa0,
    0xe, 0xee, 0xef, 0xfd, 0x0, 0xdf, 0xfa, 0x30,
    0x0, 0x0, 0x0, 0xff, 0xd0, 0x4, 0x51, 0x44,
    0x44, 0x44, 0x44, 0x46, 0x65, 0x0, 0x0, 0x2f,
    0xff, 0xff, 0xff, 0xff, 0xff, 0xd0, 0x0, 0x2,
    0xff, 0xff, 0xff, 0xff, 0xff, 0xfd, 0x0, 0x0,
    0x4, 0x44, 0x44, 0x44, 0x44, 0xff, 0xd0, 0x0,
    0x2, 0xff, 0xff, 0xff, 0xff, 0xff, 0xfd, 0x0,
    0x0, 0x2f, 0xff, 0xdd, 0xdd, 0xdd, 0xdd, 0xb0,
    0x0, 0x2, 0xff, 0xc5, 0x55, 0x55, 0x55, 0x55,
    0x0, 0x0, 0x3f, 0xff, 0xff, 0xff, 0xff, 0xff,
    0xf3, 0x0, 0x1, 0xee, 0xee, 0xee, 0xee, 0xee,
    0xee, 0x20,

    /* U+ACBD "경" */
    0x0, 0x0, 0x0, 0x0, 0x0, 0x0, 0x4f, 0xf7,
    0x6, 0xdd, 0xdd, 0xde, 0xea, 0x0, 0x4f, 0xf8,
    0x8, 0xff, 0xff, 0xff, 0xfc, 0x44, 0x7f, 0xf8,
    0x3, 0x66, 0x66, 0xaf, 0xff, 0xff, 0xff, 0xf8,
    0x0, 0x0, 0x0, 0xaf, 0xff, 0xff, 0xff, 0xf8,
    0x0, 0x0, 0x4, 0xff, 0xd0, 0x0, 0x4f, 0xf8,
    0x0, 0x0, 0x6f, 0xff, 0x5d, 0xdd, 0xef, 0xf8,
    0x0, 0x6d, 0xff, 0xf6, 0x1f, 0xff, 0xff, 0xf8,
    0x4f, 0xff, 0xfd, 0x40, 0x6, 0x66, 0x9f, 0xf8,
    0xd, 0xfd, 0x60, 0x0, 0x0, 0x0, 0x4f, 0xf7,
    0x3, 0x30, 0x1, 0x6a, 0xcd, 0xca, 0x61, 0x0,
    0x0, 0x0, 0x5f, 0xff, 0xff, 0xff, 0xff, 0x50,
    0x0, 0x2, 0xff, 0xf9, 0x65, 0x69, 0xff, 0xf3,
    0x0, 0x8, 0xff, 0x60, 0x0, 0x0, 0x5f, 0xf9,
    0x0, 0x8, 0xff, 0x60, 0x0, 0x0, 0x5f, 0xf9,
    0x0, 0x2, 0xff, 0xf9, 0x65, 0x69, 0xff, 0xf3,
    0x0, 0x0, 0x5f, 0xff, 0xff, 0xff, 0xff, 0x60,
    0x0, 0x0, 0x1, 0x6a, 0xdd, 0xdb, 0x71, 0x0,

    /* U+ACC4 "계" */
    0x0, 0x0, 0x0, 0x0, 0x0, 0x0, 0x0, 0x0,
    0x0, 0x0, 0x0, 0x0, 0x0, 0x1a, 0xa5, 0x9f,
    0xf1, 0x0, 0x0, 0x0, 0x0, 0x2, 0xff, 0x89,
    0xff, 0x10, 0x8f, 0xff, 0xff, 0xf7, 0x2f, 0xf8,
    0x9f, 0xf1, 0x8, 0xff, 0xff, 0xff, 0x72, 0xff,
    0x89, 0xff, 0x10, 0x24, 0x44, 0x8f, 0xfa, 0x8f,
    0xf8, 0x9f, 0xf1, 0x0, 0x0, 0x7, 0xff, 0xff,
    0xff, 0x89, 0xff, 0x10, 0x0, 0x0, 0xbf, 0xfd,
    0xef, 0xf8, 0x9f, 0xf1, 0x0, 0x0, 0x1f, 0xfb,
    0x2, 0xff, 0x89, 0xff, 0x10, 0x0, 0xa, 0xff,
    0x40, 0x2f, 0xf8, 0x9f, 0xf1, 0x0, 0x5, 0xff,
    0xc6, 0xff, 0xff, 0x89, 0xff, 0x10, 0x5, 0xff,
    0xf2, 0x7f, 0xff, 0xf8, 0x9f, 0xf1, 0x8, 0xff,
    0xf5, 0x2, 0x46, 0xff, 0x89, 0xff, 0x16, 0xff,
    0xf5, 0x0, 0x0, 0x2f, 0xf8, 0x9f, 0xf1, 0x9,
    0xd2, 0x0, 0x0, 0x2, 0xff, 0x89, 0xff, 0x10,
    0x0, 0x0, 0x0, 0x0, 0x2f, 0xf8, 0x9f, 0xf1,
    0x0, 0x0, 0x0, 0x0, 0x2, 0xff, 0x89, 0xff,
    0x10, 0x0, 0x0, 0x0, 0x0, 0x2f, 0xf8, 0x9f,
    0xf1, 0x0, 0x0, 0x0, 0x0, 0x0, 0x11, 0x8,
    0xee, 0x10,

    /* U+ACE0 "고" */
    0x0, 0x35, 0x55, 0x55, 0x55, 0x55, 0x67, 0x53,
    0x0, 0xa, 0xff, 0xff, 0xff, 0xff, 0xff, 0xff,
    0x90, 0x0, 0x8d, 0xdd, 0xdd, 0xdd, 0xdd, 0xef,
    0xf9, 0x0, 0x0, 0x0, 0x0, 0x0, 0x0, 0x4,
    0xff, 0x90, 0x0, 0x0, 0x0, 0x0, 0x0, 0x0,
    0x4f, 0xf8, 0x0, 0x0, 0x0, 0x0, 0x0, 0x0,
    0x5, 0xff, 0x80, 0x0, 0x0, 0x0, 0x45, 0x50,
    0x0, 0x6f, 0xf7, 0x0, 0x0, 0x0, 0xd, 0xff,
    0x0, 0x8, 0xff, 0x50, 0x0, 0x0, 0x0, 0xdf,
    0xf0, 0x0, 0xaf, 0xf3, 0x0, 0x0, 0x0, 0xd,
    0xff, 0x0, 0xc, 0xff, 0x10, 0x0, 0x0, 0x0,
    0xdf, 0xf0, 0x0, 0xbd, 0xe0, 0x0, 0x0, 0x0,
    0xd, 0xff, 0x0, 0x0, 0x0, 0x0, 0x24, 0x44,
    0x44, 0xef, 0xf4, 0x44, 0x44, 0x44, 0x38, 0xff,
    0xff, 0xff, 0xff, 0xff, 0xff, 0xff, 0xfd, 0x8f,
    0xff, 0xff, 0xff, 0xff, 0xff, 0xff, 0xff, 0xd0,

    /* U+ACF5 "공" */
    0x0, 0x23, 0x33, 0x33, 0x33, 0x33, 0x43, 0x30,
    0x0, 0xb, 0xff, 0xff, 0xff, 0xff, 0xff, 0xfd,
    0x0, 0x0, 0xaf, 0xff, 0xff, 0xff, 0xff, 0xff,
    0xd0, 0x0, 0x0, 0x0, 0x0, 0x0, 0x0, 0xf,
    0xfd, 0x0, 0x0, 0x0, 0x0, 0x0, 0x0, 0x0,
    0xff, 0xc0, 0x0, 0x0, 0x0, 0xb, 0xff, 0x10,
    0x1f, 0xfb, 0x0, 0x0, 0x0, 0x0, 0xbf, 0xf1,
    0x4, 0xff, 0x80, 0x0, 0x0, 0x0, 0xb, 0xff,
    0x10, 0x0, 0x10, 0x0, 0x9f, 0xff, 0xff, 0xff,
    0xff, 0xff, 0xff, 0xff, 0xa9, 0xff, 0xff, 0xff,
    0xff, 0xff, 0xff, 0xff, 0xfa, 0x24, 0x44, 0x44,
    0x44, 0x44, 0x44, 0x44, 0x44, 0x20, 0x0, 0x5,
    0x9c, 0xee, 0xed, 0xa5, 0x0, 0x0, 0x0, 0x1c,
    0xff, 0xff, 0xff, 0xff, 0xfd, 0x10, 0x0, 0xa,
    0xff, 0xa4, 0x22, 0x24, 0x9f, 0xfb, 0x0, 0x0,
    0xdf, 0xf0, 0x0, 0x0, 0x0, 0xef, 0xe0, 0x0,
    0xa, 0xff, 0xb6, 0x44, 0x46, 0xbf, 0xfa, 0x0,
    0x0, 0x1b, 0xff, 0xff, 0xff, 0xff, 0xfc, 0x10,
    0x0, 0x0, 0x3, 0x8b, 0xdd, 0xdb, 0x83, 0x0,
    0x0,

    /* U+ACFC "과" */
    0x0, 0x0, 0x0, 0x0, 0x0, 0x0, 0x11, 0x0,
    0x0, 0x0, 0x0, 0x0, 0x0, 0x0, 0x0, 0xff,
    0xd0, 0x0, 0x3, 0x44, 0x44, 0x44, 0x44, 0x20,
    0xff, 0xd0, 0x0, 0xb, 0xff, 0xff, 0xff, 0xff,
    0xa0, 0xff, 0xd0, 0x0, 0xb, 0xff, 0xff, 0xff,
    0xff, 0x90, 0xff, 0xd0, 0x0, 0x0, 0x0, 0x0,
    0x3, 0xff, 0x90, 0xff, 0xd0, 0x0, 0x0, 0x0,
    0x0, 0x3, 0xff, 0x90, 0xff, 0xd0, 0x0, 0x0,
    0x1, 0x22, 0x4, 0xff, 0x80, 0xff, 0xd0, 0x0,
    0x0, 0xa, 0xff, 0x15, 0xff, 0x70, 0xff, 0xff,
    0xf1, 0x0, 0xa, 0xff, 0x17, 0xff, 0x50, 0xff,
    0xff, 0xf2, 0x0, 0xa, 0xff, 0x18, 0xff, 0x30,
    0xff, 0xe6, 0x60, 0x0, 0xa, 0xff, 0x10, 0x0,
    0x0, 0xff, 0xd0, 0x0, 0x0, 0xa, 0xff, 0x11,
    0x23, 0x51, 0xff, 0xd0, 0x0, 0x8e, 0xef, 0xff,
    0xff, 0xff, 0xf5, 0xff, 0xd0, 0x0, 0x7f, 0xff,
    0xff, 0xff, 0xff, 0xc4, 0xff, 0xd0, 0x0, 0x25,
    0x54, 0x43, 0x32, 0x0, 0x0, 0xff, 0xd0, 0x0,
    0x0, 0x0, 0x0, 0x0, 0x0, 0x0, 0xff, 0xd0,
    0x0, 0x0, 0x0, 0x0, 0x0, 0x0, 0x0, 0xff,
    0xd0, 0x0, 0x0, 0x0, 0x0, 0x0, 0x0, 0x0,
    0xdd, 0xb0, 0x0,

    /* U+AD00 "관" */
    0x0, 0x0, 0x0, 0x0, 0x0, 0x0, 0x34, 0x40,
    0x0, 0x0, 0x0, 0x0, 0x0, 0x0, 0x0, 0xbf,
    0xf2, 0x0, 0x9, 0xff, 0xff, 0xff, 0xff, 0xa0,
    0xbf, 0xf2, 0x0, 0xa, 0xff, 0xff, 0xff, 0xff,
    0xb0, 0xbf, 0xf2, 0x0, 0x3, 0x55, 0x55, 0x56,
    0xff, 0xa0, 0xbf, 0xf2, 0x0, 0x0, 0x0, 0x0,
    0x1, 0xff, 0xa0, 0xbf, 0xf2, 0x0, 0x0, 0x4,
    0x99, 0x23, 0xff, 0x90, 0xbf, 0xff, 0xe2, 0x0,
    0x8, 0xff, 0x45, 0xff, 0x70, 0xbf, 0xff, 0xf3,
    0x0, 0x8, 0xff, 0x41, 0x45, 0x20, 0xbf, 0xf8,
    0x61, 0x12, 0x29, 0xff, 0x75, 0x68, 0xb3, 0xbf,
    0xf2, 0x0, 0x9f, 0xff, 0xff, 0xff, 0xff, 0xf5,
    0xbf, 0xf2, 0x0, 0x7f, 0xff, 0xff, 0xed, 0xb9,
    0x72, 0xbf, 0xf2, 0x0, 0x0, 0x0, 0x0, 0x0,
    0x0, 0x0, 0xbf, 0xf2, 0x0, 0x0, 0x1e, 0xea,
    0x0, 0x0, 0x0, 0xbf, 0xf2, 0x0, 0x0, 0x1f,
    0xfc, 0x0, 0x0, 0x0, 0x11, 0x10, 0x0, 0x0,
    0x1f, 0xfc, 0x0, 0x0, 0x0, 0x0, 0x0, 0x0,
    0x0, 0x2f, 0xfe, 0xbb, 0xbb, 0xbb, 0xbb, 0xb8,
    0x0, 0x0, 0x1f, 0xff, 0xff, 0xff, 0xff, 0xff,
    0xfb, 0x0, 0x0, 0x8, 0x88, 0x88, 0x88, 0x88,
    0x88, 0x86, 0x0,

    /* U+AD6C "구" */
    0x0, 0x0, 0x0, 0x0, 0x0, 0x0, 0x0, 0x0,
    0x0, 0xc, 0xff, 0xff, 0xff, 0xff, 0xff, 0xfe,
    0x0, 0x0, 0xcf, 0xff, 0xff, 0xff, 0xff, 0xff,
    0xe0, 0x0, 0x2, 0x22, 0x22, 0x22, 0x22, 0x2e,
    0xfe, 0x0, 0x0, 0x0, 0x0, 0x0, 0x0, 0x0,
    0xef, 0xe0, 0x0, 0x0, 0x0, 0x0, 0x0, 0x0,
    0xf, 0xfd, 0x0, 0x0, 0x0, 0x0, 0x0, 0x0,
    0x0, 0xff, 0xb0, 0x0, 0x0, 0x0, 0x0, 0x0,
    0x0, 0x2f, 0xf9, 0x0, 0x37, 0x77, 0x77, 0x77,
    0x77, 0x79, 0xff, 0xb7, 0x58, 0xff, 0xff, 0xff,
    0xff, 0xff, 0xff, 0xff, 0xfd, 0x6d, 0xdd, 0xdd,
    0xdf, 0xff, 0xdd, 0xdd, 0xdd, 0xa0, 0x0, 0x0,
    0x0, 0xdf, 0xf0, 0x0, 0x0, 0x0, 0x0, 0x0,
    0x0, 0xd, 0xff, 0x0, 0x0, 0x0, 0x0, 0x0,
    0x0, 0x0, 0xdf, 0xf0, 0x0, 0x0, 0x0, 0x0,
    0x0, 0x0, 0xd, 0xff, 0x0, 0x0, 0x0, 0x0,
    0x0, 0x0, 0x0, 0xdf, 0xf0, 0x0, 0x0, 0x0,
    0x0, 0x0, 0x0, 0xd, 0xff, 0x0, 0x0, 0x0,
    0x0, 0x0, 0x0, 0x0, 0xce, 0xd0, 0x0, 0x0,
    0x0,

    /* U+ADFC "근" */
    0x0, 0x1, 0x11, 0x11, 0x11, 0x11, 0x11, 0x10,
    0x0, 0x7, 0xff, 0xff, 0xff, 0xff, 0xff, 0xff,
    0x0, 0x0, 0x7f, 0xff, 0xff, 0xff, 0xff, 0xff,
    0xf0, 0x0, 0x1, 0x22, 0x22, 0x22, 0x22, 0x2e,
    0xff, 0x0, 0x0, 0x0, 0x0, 0x0, 0x0, 0x0,
    0xdf, 0xf0, 0x0, 0x0, 0x0, 0x0, 0x0, 0x0,
    0xe, 0xfe, 0x0, 0x0, 0x0, 0x0, 0x0, 0x0,
    0x0, 0xff, 0xd0, 0x1, 0x33, 0x33, 0x33, 0x33,
    0x33, 0x5f, 0xfc, 0x33, 0x7f, 0xff, 0xff, 0xff,
    0xff, 0xff, 0xff, 0xff, 0xe7, 0xff, 0xff, 0xff,
    0xff, 0xff, 0xff, 0xff, 0xfe, 0x0, 0x0, 0x0,
    0x0, 0x0, 0x0, 0x0, 0x0, 0x0, 0x3, 0x88,
    0x30, 0x0, 0x0, 0x0, 0x0, 0x0, 0x0, 0x6f,
    0xf5, 0x0, 0x0, 0x0, 0x0, 0x0, 0x0, 0x6,
    0xff, 0x50, 0x0, 0x0, 0x0, 0x0, 0x0, 0x0,
    0x6f, 0xf5, 0x0, 0x0, 0x0, 0x0, 0x0, 0x0,
    0x7, 0xff, 0xcb, 0xbb, 0xbb, 0xbb, 0xbb, 0x50,
    0x0, 0x6f, 0xff, 0xff, 0xff, 0xff, 0xff, 0xf8,
    0x0, 0x3, 0x99, 0x99, 0x99, 0x99, 0x99, 0x99,
    0x40,

    /* U+AE09 "급" */
    0x0, 0x24, 0x44, 0x44, 0x44, 0x44, 0x44, 0x40,
    0x0, 0x7, 0xff, 0xff, 0xff, 0xff, 0xff, 0xff,
    0x0, 0x0, 0x7f, 0xff, 0xff, 0xff, 0xff, 0xff,
    0xf0, 0x0, 0x0, 0x0, 0x0, 0x0, 0x0, 0xc,
    0xff, 0x0, 0x0, 0x0, 0x0, 0x0, 0x0, 0x0,
    0xcf, 0xf0, 0x0, 0x0, 0x0, 0x0, 0x0, 0x0,
    0xe, 0xfe, 0x0, 0x0, 0x0, 0x0, 0x0, 0x0,
    0x0, 0xff, 0xb0, 0x7, 0xff, 0xff, 0xff, 0xff,
    0xff, 0xff, 0xff, 0xfe, 0x7f, 0xff, 0xff, 0xff,
    0xff, 0xff, 0xff, 0xff, 0xe1, 0x33, 0x33, 0x33,
    0x33, 0x33, 0x33, 0x33, 0x33, 0x0, 0x6a, 0xa2,
    0x0, 0x0, 0x0, 0x8a, 0xa0, 0x0, 0x9, 0xff,
    0x41, 0x11, 0x11, 0x1d, 0xff, 0x0, 0x0, 0x9f,
    0xff, 0xff, 0xff, 0xff, 0xff, 0xf0, 0x0, 0x9,
    0xff, 0xff, 0xff, 0xff, 0xff, 0xff, 0x0, 0x0,
    0x9f, 0xf3, 0x0, 0x0, 0x0, 0xdf, 0xf0, 0x0,
    0x9, 0xff, 0x86, 0x66, 0x66, 0x6e, 0xff, 0x0,
    0x0, 0x9f, 0xff, 0xff, 0xff, 0xff, 0xff, 0xf0,
    0x0, 0x8, 0xee, 0xee, 0xee, 0xee, 0xee, 0xed,
    0x0,

    /* U+AE30 "기" */
    0x0, 0x0, 0x0, 0x0, 0x0, 0x0, 0x0, 0x0,
    0x0, 0x0, 0x0, 0x0, 0x0, 0x0, 0x1f, 0xfc,
    0x1, 0x33, 0x33, 0x33, 0x43, 0x10, 0x1f, 0xfc,
    0x5, 0xff, 0xff, 0xff, 0xff, 0x60, 0x1f, 0xfc,
    0x5, 0xff, 0xff, 0xff, 0xff, 0x50, 0x1f, 0xfc,
    0x0, 0x0, 0x0, 0x8, 0xff, 0x30, 0x1f, 0xfc,
    0x0, 0x0, 0x0, 0xb, 0xff, 0x10, 0x1f, 0xfc,
    0x0, 0x0, 0x0, 0xf, 0xfd, 0x0, 0x1f, 0xfc,
    0x0, 0x0, 0x0, 0x6f, 0xf8, 0x0, 0x1f, 0xfc,
    0x0, 0x0, 0x1, 0xef, 0xf2, 0x0, 0x1f, 0xfc,
    0x0, 0x0, 0xc, 0xff, 0x90, 0x0, 0x1f, 0xfc,
    0x0, 0x1, 0xcf, 0xfd, 0x0, 0x0, 0x1f, 0xfc,
    0x0, 0x5e, 0xff, 0xe2, 0x0, 0x0, 0x1f, 0xfc,
    0x1b, 0xff, 0xfd, 0x20, 0x0, 0x0, 0x1f, 0xfc,
    0xc, 0xff, 0x90, 0x0, 0x0, 0x0, 0x1f, 0xfc,
    0x2, 0xb3, 0x0, 0x0, 0x0, 0x0, 0x1f, 0xfc,
    0x0, 0x0, 0x0, 0x0, 0x0, 0x0, 0x1f, 0xfc,
    0x0, 0x0, 0x0, 0x0, 0x0, 0x0, 0x1f, 0xfc,
    0x0, 0x0, 0x0, 0x0, 0x0, 0x0, 0xe, 0xeb,

    /* U+AE40 "김" */
    0x0, 0x0, 0x0, 0x0, 0x0, 0x0, 0x0, 0x0,
    0x0, 0x0, 0x0, 0x1, 0x0, 0x0, 0xbf, 0xf1,
    0x6, 0xff, 0xff, 0xff, 0xff, 0x0, 0xbf, 0xf1,
    0x6, 0xff, 0xff, 0xff, 0xfe, 0x0, 0xbf, 0xf1,
    0x0, 0x22, 0x22, 0x6f, 0xfa, 0x0, 0xbf, 0xf1,
    0x0, 0x0, 0x0, 0xbf, 0xf5, 0x0, 0xbf, 0xf1,
    0x0, 0x0, 0x6, 0xff, 0xd0, 0x0, 0xbf, 0xf1,
    0x0, 0x0, 0x8f, 0xff, 0x40, 0x0, 0xbf, 0xf1,
    0x1, 0x6d, 0xff, 0xf5, 0x0, 0x0, 0xbf, 0xf1,
    0x4f, 0xff, 0xfd, 0x30, 0x0, 0x0, 0xbf, 0xf1,
    0xd, 0xfd, 0x70, 0x0, 0x0, 0x0, 0xbf, 0xf1,
    0x3, 0x32, 0x33, 0x33, 0x33, 0x33, 0x44, 0x40,
    0x0, 0xb, 0xff, 0xff, 0xff, 0xff, 0xff, 0xf1,
    0x0, 0xb, 0xff, 0xff, 0xff, 0xff, 0xff, 0xf1,
    0x0, 0xb, 0xff, 0x10, 0x0, 0x0, 0xaf, 0xf1,
    0x0, 0xb, 0xff, 0x10, 0x0, 0x0, 0xaf, 0xf1,
    0x0, 0xb, 0xff, 0x54, 0x44, 0x44, 0xcf, 0xf1,
    0x0, 0xb, 0xff, 0xff, 0xff, 0xff, 0xff, 0xf1,
    0x0, 0xa, 0xee, 0xee, 0xee, 0xee, 0xee, 0xe1,

    /* U+B04A "끊" */
    0x0, 0x44, 0x44, 0x44, 0x4, 0x44, 0x44, 0x40,
    0x0, 0xf, 0xff, 0xff, 0xf1, 0xff, 0xff, 0xff,
    0x0, 0x0, 0xff, 0xff, 0xff, 0x1f, 0xff, 0xff,
    0xf0, 0x0, 0x0, 0x0, 0xbf, 0xf0, 0x0, 0xc,
    0xff, 0x0, 0x0, 0x0, 0xd, 0xff, 0x0, 0x0,
    0xdf, 0xe0, 0x0, 0x0, 0x0, 0xff, 0xc0, 0x0,
    0xf, 0xfc, 0x0, 0x14, 0x44, 0x7f, 0xfb, 0x44,
    0x46, 0xff, 0xb4, 0x36, 0xff, 0xff, 0xff, 0xff,
    0xff, 0xff, 0xff, 0xfe, 0x6f, 0xff, 0xff, 0xff,
    0xff, 0xff, 0xff, 0xff, 0xe0, 0x0, 0x0, 0x0,
    0x0, 0x3, 0x99, 0x20, 0x0, 0x0, 0x68, 0x70,
    0x1, 0x77, 0xaf, 0xf9, 0x77, 0x0, 0xc, 0xfe,
    0x0, 0x3f, 0xff, 0xff, 0xff, 0xf1, 0x0, 0xcf,
    0xe0, 0x2, 0x99, 0x99, 0x99, 0x99, 0x0, 0xc,
    0xfe, 0x0, 0x0, 0x4c, 0xff, 0xc3, 0x0, 0x0,
    0xcf, 0xe0, 0x14, 0x2f, 0xfe, 0xef, 0xe0, 0x0,
    0xd, 0xff, 0xff, 0xf5, 0xff, 0x23, 0xff, 0x30,
    0x0, 0xcf, 0xff, 0xff, 0x2f, 0xff, 0xff, 0xe0,
    0x0, 0x5, 0x65, 0x42, 0x0, 0x2a, 0xdd, 0x91,
    0x0,

    /* U+B099 "낙" */
    0x0, 0x0, 0x0, 0x0, 0x0, 0x1, 0x10, 0x0,
    0x2, 0x22, 0x0, 0x0, 0x0, 0x1, 0xff, 0xc0,
    0x0, 0xdf, 0xf0, 0x0, 0x0, 0x0, 0x1f, 0xfc,
    0x0, 0xd, 0xff, 0x0, 0x0, 0x0, 0x1, 0xff,
    0xc0, 0x0, 0xdf, 0xf0, 0x0, 0x0, 0x0, 0x1f,
    0xfc, 0x11, 0xd, 0xff, 0x0, 0x0, 0x0, 0x1,
    0xff, 0xff, 0xf1, 0xdf, 0xf0, 0x0, 0x0, 0x0,
    0x1f, 0xff, 0xff, 0x1d, 0xff, 0x0, 0x12, 0x46,
    0x51, 0xff, 0xc3, 0x30, 0xff, 0xff, 0xff, 0xff,
    0xfc, 0x1f, 0xfc, 0x0, 0xe, 0xff, 0xff, 0xff,
    0xfe, 0xa1, 0xff, 0xc0, 0x0, 0x45, 0x55, 0x43,
    0x20, 0x0, 0x1f, 0xfc, 0x0, 0x0, 0x0, 0x0,
    0x0, 0x0, 0x0, 0x55, 0x30, 0x0, 0x4, 0xff,
    0xff, 0xff, 0xff, 0xff, 0xfb, 0x0, 0x0, 0x4f,
    0xff, 0xff, 0xff, 0xff, 0xff, 0xc0, 0x0, 0x1,
    0x44, 0x44, 0x44, 0x44, 0x5f, 0xfc, 0x0, 0x0,
    0x0, 0x0, 0x0, 0x0, 0x1, 0xff, 0xc0, 0x0,
    0x0, 0x0, 0x0, 0x0, 0x0, 0x1f, 0xfc, 0x0,
    0x0, 0x0, 0x0, 0x0, 0x0, 0x1, 0xff, 0xc0,
    0x0, 0x0, 0x0, 0x0, 0x0, 0x0, 0x1d, 0xda,
    0x0, 0x0,

    /* U+B0B4 "내" */
    0x0, 0x0, 0x0, 0x0, 0x0, 0x0, 0x1, 0x10,
    0x0, 0x0, 0x0, 0x9, 0xca, 0xb, 0xff, 0x34,
    0x30, 0x0, 0x0, 0xcf, 0xe0, 0xbf, 0xfd, 0xff,
    0x0, 0x0, 0xc, 0xfe, 0xb, 0xff, 0xdf, 0xf0,
    0x0, 0x0, 0xcf, 0xe0, 0xbf, 0xfd, 0xff, 0x0,
    0x0, 0xc, 0xfe, 0xb, 0xff, 0xdf, 0xf0, 0x0,
    0x0, 0xcf, 0xe0, 0xbf, 0xfd, 0xff, 0x0, 0x0,
    0xc, 0xfe, 0x3c, 0xff, 0xdf, 0xf0, 0x0, 0x0,
    0xcf, 0xff, 0xff, 0xfd, 0xff, 0x0, 0x0, 0xc,
    0xff, 0xff, 0xff, 0xdf, 0xf0, 0x0, 0x0, 0xcf,
    0xe0, 0xbf, 0xfd, 0xff, 0x1, 0x25, 0x2c, 0xfe,
    0xb, 0xff, 0xff, 0xff, 0xff, 0xf7, 0xcf, 0xe0,
    0xbf, 0xfd, 0xff, 0xff, 0xff, 0x8c, 0xfe, 0xb,
    0xff, 0x67, 0x76, 0x53, 0x10, 0xcf, 0xe0, 0xbf,
    0xf0, 0x0, 0x0, 0x0, 0xc, 0xfe, 0xb, 0xff,
    0x0, 0x0, 0x0, 0x0, 0xcf, 0xe0, 0xbf, 0xf0,
    0x0, 0x0, 0x0, 0xc, 0xfe, 0xb, 0xff, 0x0,
    0x0, 0x0, 0x0, 0x0, 0x0, 0xad, 0xd0,

    /* U+B2E4 "다" */
    0x0, 0x0, 0x0, 0x0, 0x0, 0x1d, 0xd9, 0x0,
    0x4, 0x55, 0x55, 0x55, 0x52, 0x2, 0xff, 0xb0,
    0x0, 0xdf, 0xff, 0xff, 0xff, 0x90, 0x2f, 0xfb,
    0x0, 0xd, 0xff, 0xff, 0xff, 0xf8, 0x2, 0xff,
    0xb0, 0x0, 0xdf, 0xf0, 0x0, 0x0, 0x0, 0x2f,
    0xfb, 0x0, 0xd, 0xff, 0x0, 0x0, 0x0, 0x2,
    0xff, 0xb0, 0x0, 0xdf, 0xf0, 0x0, 0x0, 0x0,
    0x2f, 0xfc, 0x55, 0x1d, 0xff, 0x0, 0x0, 0x0,
    0x2, 0xff, 0xff, 0xf3, 0xdf, 0xf0, 0x0, 0x0,
    0x0, 0x2f, 0xff, 0xff, 0x3d, 0xff, 0x0, 0x0,
    0x0, 0x2, 0xff, 0xb0, 0x0, 0xdf, 0xf0, 0x0,
    0x1, 0x33, 0x2f, 0xfb, 0x0, 0xe, 0xff, 0xde,
    0xef, 0xff, 0xd2, 0xff, 0xb0, 0x0, 0xef, 0xff,
    0xff, 0xff, 0xff, 0x2f, 0xfb, 0x0, 0x6, 0x77,
    0x76, 0x65, 0x42, 0x2, 0xff, 0xb0, 0x0, 0x0,
    0x0, 0x0, 0x0, 0x0, 0x2f, 0xfb, 0x0, 0x0,
    0x0, 0x0, 0x0, 0x0, 0x2, 0xff, 0xb0, 0x0,
    0x0, 0x0, 0x0, 0x0, 0x0, 0x2f, 0xfb, 0x0,
    0x0, 0x0, 0x0, 0x0, 0x0, 0x2, 0xff, 0xb0,
    0x0, 0x0, 0x0, 0x0, 0x0, 0x0, 0x2, 0x21,
    0x0, 0x0,

    /* U+B300 "대" */
    0x0, 0x0, 0x0, 0x0, 0x0, 0x0, 0x0, 0x11,
    0x0, 0x0, 0x0, 0x0, 0x7, 0xcb, 0xa, 0xff,
    0x0, 0x0, 0x0, 0x0, 0xa, 0xfe, 0xa, 0xff,
    0x1f, 0xff, 0xff, 0xf9, 0xa, 0xfe, 0xa, 0xff,
    0x1f, 0xff, 0xff, 0xf9, 0xa, 0xfe, 0xa, 0xff,
    0x1f, 0xfc, 0x33, 0x32, 0xa, 0xfe, 0xa, 0xff,
    0x1f, 0xfb, 0x0, 0x0, 0xa, 0xfe, 0xa, 0xff,
    0x1f, 0xfb, 0x0, 0x0, 0xa, 0xff, 0x3b, 0xff,
    0x1f, 0xfb, 0x0, 0x0, 0xa, 0xff, 0xff, 0xff,
    0x1f, 0xfb, 0x0, 0x0, 0xa, 0xff, 0xff, 0xff,
    0x1f, 0xfb, 0x0, 0x0, 0xa, 0xfe, 0xa, 0xff,
    0x1f, 0xfb, 0x0, 0x0, 0xa, 0xfe, 0xa, 0xff,
    0x1f, 0xfc, 0x34, 0x68, 0x4a, 0xfe, 0xa, 0xff,
    0x2f, 0xff, 0xff, 0xff, 0x7a, 0xfe, 0xa, 0xff,
    0x1f, 0xff, 0xff, 0xfd, 0x6a, 0xfe, 0xa, 0xff,
    0x2, 0x21, 0x10, 0x0, 0xa, 0xfe, 0xa, 0xff,
    0x0, 0x0, 0x0, 0x0, 0xa, 0xfe, 0xa, 0xff,
    0x0, 0x0, 0x0, 0x0, 0xa, 0xfe, 0xa, 0xff,
    0x0, 0x0, 0x0, 0x0, 0x0, 0x0, 0x8, 0xdd,

    /* U+B3C4 "도" */
    0x0, 0xbf, 0xff, 0xff, 0xff, 0xff, 0xff, 0xd0,
    0x0, 0xb, 0xff, 0xff, 0xff, 0xff, 0xff, 0xfe,
    0x0, 0x0, 0xbf, 0xf5, 0x44, 0x44, 0x44, 0x44,
    0x30, 0x0, 0xb, 0xff, 0x10, 0x0, 0x0, 0x0,
    0x0, 0x0, 0x0, 0xbf, 0xf1, 0x0, 0x0, 0x0,
    0x0, 0x0, 0x0, 0xb, 0xff, 0x10, 0x0, 0x0,
    0x0, 0x0, 0x0, 0x0, 0xbf, 0xf4, 0x22, 0x22,
    0x22, 0x22, 0x20, 0x0, 0xc, 0xff, 0xff, 0xff,
    0xff, 0xff, 0xff, 0x0, 0x0, 0xbf, 0xff, 0xff,
    0xff, 0xff, 0xff, 0xf0, 0x0, 0x0, 0x11, 0x11,
    0xdf, 0xf1, 0x11, 0x11, 0x0, 0x0, 0x0, 0x0,
    0xd, 0xfe, 0x0, 0x0, 0x0, 0x0, 0x0, 0x0,
    0x0, 0xdf, 0xe0, 0x0, 0x0, 0x0, 0x59, 0x99,
    0x99, 0x9f, 0xff, 0x99, 0x99, 0x99, 0x79, 0xff,
    0xff, 0xff, 0xff, 0xff, 0xff, 0xff, 0xfc, 0x6b,
    0xbb, 0xbb, 0xbb, 0xbb, 0xbb, 0xbb, 0xbb, 0x80,

    /* U+B3D9 "동" */
    0x0, 0x23, 0x33, 0x33, 0x33, 0x33, 0x33, 0x30,
    0x0, 0x9, 0xff, 0xff, 0xff, 0xff, 0xff, 0xfe,
    0x0, 0x0, 0x9f, 0xff, 0xff, 0xff, 0xff, 0xff,
    0xd0, 0x0, 0x9, 0xff, 0x30, 0x0, 0x0, 0x0,
    0x0, 0x0, 0x0, 0x9f, 0xf6, 0x33, 0x33, 0x33,
    0x33, 0x30, 0x0, 0xa, 0xff, 0xff, 0xff, 0xff,
    0xff, 0xff, 0x0, 0x0, 0x8f, 0xff, 0xff, 0xff,
    0xff, 0xff, 0xf0, 0x0, 0x0, 0x0, 0x0, 0xbf,
    0xf0, 0x0, 0x0, 0x0, 0x7d, 0xdd, 0xdd, 0xdf,
    0xff, 0xdd, 0xdd, 0xdd, 0xb8, 0xff, 0xff, 0xff,
    0xff, 0xff, 0xff, 0xff, 0xfd, 0x25, 0x55, 0x55,
    0x55, 0x55, 0x55, 0x55, 0x55, 0x40, 0x0, 0x3,
    0x8b, 0xdd, 0xdb, 0x94, 0x0, 0x0, 0x0, 0xa,
    0xff, 0xff, 0xff, 0xff, 0xfc, 0x10, 0x0, 0x7,
    0xff, 0xd7, 0x44, 0x46, 0xcf, 0xfa, 0x0, 0x0,
    0xaf, 0xf3, 0x0, 0x0, 0x0, 0xff, 0xd0, 0x0,
    0x7, 0xff, 0xc6, 0x43, 0x35, 0xbf, 0xfa, 0x0,
    0x0, 0xb, 0xff, 0xff, 0xff, 0xff, 0xfd, 0x10,
    0x0, 0x0, 0x4, 0x9c, 0xde, 0xec, 0x95, 0x0,
    0x0,

    /* U+B41C "된" */
    0x0, 0x0, 0x0, 0x0, 0x0, 0x0, 0x0, 0x0,
    0x0, 0x0, 0x0, 0x0, 0x0, 0x0, 0x1, 0xff,
    0xc0, 0x0, 0xff, 0xff, 0xff, 0xff, 0xc0, 0x1f,
    0xfc, 0x0, 0xf, 0xff, 0xff, 0xff, 0xfc, 0x1,
    0xff, 0xc0, 0x0, 0xff, 0xe3, 0x33, 0x33, 0x20,
    0x1f, 0xfc, 0x0, 0xf, 0xfd, 0x0, 0x0, 0x0,
    0x1, 0xff, 0xc0, 0x0, 0xff, 0xfa, 0xaa, 0xaa,
    0x90, 0x1f, 0xfc, 0x0, 0xf, 0xff, 0xff, 0xff,
    0xff, 0x1, 0xff, 0xc0, 0x0, 0x88, 0x8f, 0xfe,
    0x88, 0x80, 0x1f, 0xfc, 0x0, 0x0, 0x0, 0xff,
    0xd0, 0x0, 0x11, 0xff, 0xc0, 0x4b, 0xbb, 0xcf,
    0xff, 0xef, 0xfe, 0x1f, 0xfc, 0x4, 0xff, 0xff,
    0xff, 0xff, 0xff, 0xe1, 0xff, 0xc0, 0x17, 0x77,
    0x66, 0x54, 0x32, 0x0, 0x1f, 0xfc, 0x0, 0x0,
    0x9c, 0xc1, 0x0, 0x0, 0x1, 0xff, 0xc0, 0x0,
    0xc, 0xff, 0x10, 0x0, 0x0, 0x7, 0x75, 0x0,
    0x0, 0xcf, 0xf1, 0x0, 0x0, 0x0, 0x0, 0x0,
    0x0, 0xc, 0xff, 0xee, 0xee, 0xee, 0xee, 0xee,
    0x30, 0x0, 0xcf, 0xff, 0xff, 0xff, 0xff, 0xff,
    0xf3, 0x0, 0x4, 0x66, 0x66, 0x66, 0x66, 0x66,
    0x66, 0x10,

    /* U+B428 "됨" */
    0x0, 0x0, 0x0, 0x0, 0x0, 0x0, 0x0, 0x0,
    0x0, 0x22, 0x22, 0x22, 0x22, 0x10, 0x1f, 0xfb,
    0x0, 0xff, 0xff, 0xff, 0xff, 0xc0, 0x1f, 0xfb,
    0x0, 0xff, 0xff, 0xff, 0xff, 0xc0, 0x1f, 0xfb,
    0x0, 0xff, 0xd1, 0x11, 0x11, 0x10, 0x1f, 0xfb,
    0x0, 0xff, 0xe6, 0x66, 0x66, 0x50, 0x1f, 0xfb,
    0x0, 0xff, 0xff, 0xff, 0xff, 0xe0, 0x1f, 0xfb,
    0x0, 0xdd, 0xdf, 0xff, 0xdd, 0xc0, 0x1f, 0xfb,
    0x0, 0x0, 0xf, 0xfd, 0x0, 0x1, 0x1f, 0xfb,
    0x3a, 0xaa, 0xaf, 0xff, 0xde, 0xff, 0x1f, 0xfb,
    0x4f, 0xff, 0xff, 0xff, 0xff, 0xfd, 0x1f, 0xfb,
    0x17, 0x77, 0x66, 0x54, 0x32, 0x0, 0x1f, 0xfa,
    0x0, 0x3, 0x44, 0x44, 0x44, 0x44, 0x44, 0x43,
    0x0, 0xb, 0xff, 0xff, 0xff, 0xff, 0xff, 0xfb,
    0x0, 0xb, 0xff, 0xff, 0xff, 0xff, 0xff, 0xfb,
    0x0, 0xb, 0xff, 0x10, 0x0, 0x0, 0xf, 0xfb,
    0x0, 0xb, 0xff, 0x65, 0x55, 0x55, 0x5f, 0xfb,
    0x0, 0xb, 0xff, 0xff, 0xff, 0xff, 0xff, 0xfb,
    0x0, 0xa, 0xee, 0xee, 0xee, 0xee, 0xee, 0xea,

    /* U+B450 "두" */
    0x0, 0x12, 0x22, 0x22, 0x22, 0x22, 0x22, 0x10,
    0x0, 0xb, 0xff, 0xff, 0xff, 0xff, 0xff, 0xf9,
    0x0, 0x0, 0xbf, 0xff, 0xff, 0xff, 0xff, 0xff,
    0x90, 0x0, 0xb, 0xff, 0x31, 0x11, 0x11, 0x11,
    0x10, 0x0, 0x0, 0xbf, 0xf2, 0x0, 0x0, 0x0,
    0x0, 0x0, 0x0, 0xb, 0xff, 0x20, 0x0, 0x0,
    0x0, 0x0, 0x0, 0x0, 0xcf, 0xff, 0xff, 0xff,
    0xff, 0xff, 0xb0, 0x0, 0xb, 0xff, 0xff, 0xff,
    0xff, 0xff, 0xfb, 0x0, 0x0, 0x23, 0x33, 0x33,
    0x33, 0x33, 0x33, 0x20, 0x2, 0x22, 0x22, 0x22,
    0x22, 0x22, 0x22, 0x22, 0x21, 0xcf, 0xff, 0xff,
    0xff, 0xff, 0xff, 0xff, 0xff, 0xac, 0xff, 0xff,
    0xff, 0xff, 0xff, 0xff, 0xff, 0xfa, 0x0, 0x0,
    0x0, 0x1f, 0xfc, 0x0, 0x0, 0x0, 0x0, 0x0,
    0x0, 0x0, 0xff, 0xc0, 0x0, 0x0, 0x0, 0x0,
    0x0, 0x0, 0xf, 0xfc, 0x0, 0x0, 0x0, 0x0,
    0x0, 0x0, 0x0, 0xff, 0xc0, 0x0, 0x0, 0x0,
    0x0, 0x0, 0x0, 0xf, 0xfc, 0x0, 0x0, 0x0,
    0x0, 0x0, 0x0, 0x0, 0xaa, 0x70, 0x0, 0x0,
    0x0,

    /* U+B4E0 "든" */
    0x0, 0x24, 0x44, 0x44, 0x44, 0x44, 0x44, 0x30,
    0x0, 0x8, 0xff, 0xff, 0xff, 0xff, 0xff, 0xfe,
    0x0, 0x0, 0x8f, 0xff, 0xff, 0xff, 0xff, 0xff,
    0xd0, 0x0, 0x8, 0xff, 0x40, 0x0, 0x0, 0x0,
    0x0, 0x0, 0x0, 0x8f, 0xf4, 0x0, 0x0, 0x0,
    0x0, 0x0, 0x0, 0x8, 0xff, 0xed, 0xdd, 0xdd,
    0xdd, 0xdd, 0x10, 0x0, 0x8f, 0xff, 0xff, 0xff,
    0xff, 0xff, 0xf1, 0x0, 0x3, 0x66, 0x66, 0x66,
    0x66, 0x66, 0x66, 0x0, 0x14, 0x44, 0x44, 0x44,
    0x44, 0x44, 0x44, 0x44, 0x37, 0xff, 0xff, 0xff,
    0xff, 0xff, 0xff, 0xff, 0xfe, 0x7f, 0xff, 0xff,
    0xff, 0xff, 0xff, 0xff, 0xff, 0xe0, 0x0, 0x0,
    0x0, 0x0, 0x0, 0x0, 0x0, 0x0, 0x0, 0x7d,
    0xd2, 0x0, 0x0, 0x0, 0x0, 0x0, 0x0, 0x8,
    0xff, 0x30, 0x0, 0x0, 0x0, 0x0, 0x0, 0x0,
    0x8f, 0xf3, 0x0, 0x0, 0x0, 0x0, 0x0, 0x0,
    0x9, 0xff, 0xcb, 0xbb, 0xbb, 0xbb, 0xbb, 0x10,
    0x0, 0x8f, 0xff, 0xff, 0xff, 0xff, 0xff, 0xf2,
    0x0, 0x4, 0x99, 0x99, 0x99, 0x99, 0x99, 0x99,
    0x10,

    /* U+B530 "따" */
    0x0, 0x0, 0x0, 0x0, 0x0, 0x0, 0x0, 0x0,
    0x0, 0x0, 0x0, 0x0, 0x0, 0x0, 0x0, 0x9f,
    0xf3, 0x0, 0x4, 0x44, 0x42, 0x34, 0x44, 0x40,
    0x9f, 0xf3, 0x0, 0x1f, 0xff, 0xf9, 0xbf, 0xff,
    0xf2, 0x9f, 0xf3, 0x0, 0x1f, 0xff, 0xf9, 0xbf,
    0xff, 0xf2, 0x9f, 0xf3, 0x0, 0x1f, 0xfb, 0x0,
    0xbf, 0xf1, 0x0, 0x9f, 0xf3, 0x0, 0x1f, 0xfb,
    0x0, 0xbf, 0xf1, 0x0, 0x9f, 0xf3, 0x0, 0x1f,
    0xfb, 0x0, 0xbf, 0xf1, 0x0, 0x9f, 0xf8, 0x61,
    0x1f, 0xfb, 0x0, 0xbf, 0xf1, 0x0, 0x9f, 0xff,
    0xf3, 0x1f, 0xfb, 0x0, 0xbf, 0xf1, 0x0, 0x9f,
    0xff, 0xf3, 0x1f, 0xfb, 0x0, 0xbf, 0xf1, 0x0,
    0x9f, 0xf3, 0x0, 0x1f, 0xfb, 0x1, 0xbf, 0xf1,
    0x1, 0x9f, 0xf3, 0x0, 0x2f, 0xff, 0xfb, 0xcf,
    0xff, 0xf6, 0x9f, 0xf3, 0x0, 0x1f, 0xff, 0xfc,
    0xbf, 0xff, 0xf8, 0x9f, 0xf3, 0x0, 0x6, 0x55,
    0x42, 0x46, 0x55, 0x41, 0x9f, 0xf3, 0x0, 0x0,
    0x0, 0x0, 0x0, 0x0, 0x0, 0x9f, 0xf3, 0x0,
    0x0, 0x0, 0x0, 0x0, 0x0, 0x0, 0x9f, 0xf3,
    0x0, 0x0, 0x0, 0x0, 0x0, 0x0, 0x0, 0x9f,
    0xf3, 0x0, 0x0, 0x0, 0x0, 0x0, 0x0, 0x0,
    0x9f, 0xf2, 0x0,

    /* U+B77C "라" */
    0x0, 0x0, 0x0, 0x0, 0x0, 0x0, 0x0, 0x0,
    0x0, 0x0, 0x0, 0x0, 0x0, 0x1, 0xff, 0xb0,
    0x0, 0x46, 0x66, 0x66, 0x66, 0x40, 0x1f, 0xfb,
    0x0, 0xc, 0xff, 0xff, 0xff, 0xfb, 0x1, 0xff,
    0xb0, 0x0, 0xae, 0xee, 0xee, 0xff, 0xb0, 0x1f,
    0xfb, 0x0, 0x0, 0x0, 0x0, 0x1f, 0xfb, 0x1,
    0xff, 0xb0, 0x0, 0x0, 0x0, 0x1, 0xff, 0xb0,
    0x1f, 0xfb, 0x0, 0x8, 0xaa, 0xaa, 0xaf, 0xfb,
    0x1, 0xff, 0xc5, 0x51, 0xcf, 0xff, 0xff, 0xff,
    0xb0, 0x1f, 0xff, 0xff, 0x3c, 0xff, 0x88, 0x88,
    0x86, 0x1, 0xff, 0xff, 0xf3, 0xcf, 0xf0, 0x0,
    0x0, 0x0, 0x1f, 0xfb, 0x0, 0xc, 0xff, 0x0,
    0x0, 0x0, 0x21, 0xff, 0xb0, 0x0, 0xcf, 0xfc,
    0xcd, 0xef, 0xfe, 0x1f, 0xfb, 0x0, 0xc, 0xff,
    0xff, 0xff, 0xff, 0xf1, 0xff, 0xb0, 0x0, 0x79,
    0x98, 0x87, 0x65, 0x30, 0x1f, 0xfb, 0x0, 0x0,
    0x0, 0x0, 0x0, 0x0, 0x1, 0xff, 0xb0, 0x0,
    0x0, 0x0, 0x0, 0x0, 0x0, 0x1f, 0xfb, 0x0,
    0x0, 0x0, 0x0, 0x0, 0x0, 0x1, 0xff, 0xb0,
    0x0, 0x0, 0x0, 0x0, 0x0, 0x0, 0x1f, 0xfa,
    0x0, 0x0,

    /* U+B78C "람" */
    0x0, 0x0, 0x0, 0x0, 0x0, 0x0, 0x0, 0x0,
    0x3, 0x33, 0x33, 0x33, 0x30, 0x1, 0xff, 0xc0,
    0x0, 0xff, 0xff, 0xff, 0xff, 0x20, 0x1f, 0xfc,
    0x0, 0xf, 0xff, 0xff, 0xff, 0xf2, 0x1, 0xff,
    0xc0, 0x0, 0x0, 0x0, 0xa, 0xff, 0x20, 0x1f,
    0xfc, 0x11, 0xc, 0xee, 0xee, 0xff, 0xf2, 0x1,
    0xff, 0xff, 0xf1, 0xef, 0xff, 0xff, 0xff, 0x20,
    0x1f, 0xff, 0xff, 0x1e, 0xfe, 0x33, 0x33, 0x30,
    0x1, 0xff, 0xc3, 0x30, 0xff, 0xe4, 0x45, 0x57,
    0x98, 0x1f, 0xfc, 0x0, 0xf, 0xff, 0xff, 0xff,
    0xff, 0xe1, 0xff, 0xc0, 0x0, 0xef, 0xff, 0xff,
    0xed, 0xb8, 0x1f, 0xfc, 0x0, 0x0, 0x0, 0x0,
    0x0, 0x0, 0x0, 0x99, 0x70, 0x0, 0x1, 0xee,
    0xee, 0xee, 0xee, 0xee, 0xeb, 0x0, 0x0, 0x1f,
    0xff, 0xff, 0xff, 0xff, 0xff, 0xc0, 0x0, 0x1,
    0xff, 0xa4, 0x44, 0x44, 0x4f, 0xfc, 0x0, 0x0,
    0x1f, 0xf8, 0x0, 0x0, 0x0, 0xff, 0xc0, 0x0,
    0x1, 0xff, 0xa5, 0x55, 0x55, 0x5f, 0xfc, 0x0,
    0x0, 0x1f, 0xff, 0xff, 0xff, 0xff, 0xff, 0xc0,
    0x0, 0x1, 0xee, 0xee, 0xee, 0xee, 0xee, 0xea,
    0x0, 0x0,

    /* U+B808 "레" */
    0x0, 0x0, 0x0, 0x0, 0x0, 0x0, 0x0, 0x0,
    0x0, 0x0, 0x0, 0x0, 0x2, 0xcc, 0x4a, 0xff,
    0x5, 0x55, 0x55, 0x51, 0x3, 0xff, 0x6a, 0xff,
    0x1f, 0xff, 0xff, 0xf5, 0x3, 0xff, 0x6a, 0xff,
    0x1e, 0xee, 0xef, 0xf5, 0x3, 0xff, 0x6a, 0xff,
    0x0, 0x0, 0x6f, 0xf5, 0x3, 0xff, 0x6a, 0xff,
    0x0, 0x0, 0x6f, 0xf5, 0x4, 0xff, 0x6a, 0xff,
    0x8, 0x88, 0xbf, 0xf5, 0xef, 0xff, 0x6a, 0xff,
    0x1f, 0xff, 0xff, 0xf5, 0xef, 0xff, 0x6a, 0xff,
    0x1f, 0xfe, 0xaa, 0xa3, 0x36, 0xff, 0x6a, 0xff,
    0x1f, 0xfa, 0x0, 0x0, 0x3, 0xff, 0x6a, 0xff,
    0x1f, 0xfa, 0x0, 0x0, 0x3, 0xff, 0x6a, 0xff,
    0x1f, 0xfd, 0x9a, 0xbd, 0xa3, 0xff, 0x6a, 0xff,
    0x1f, 0xff, 0xff, 0xff, 0xc3, 0xff, 0x6a, 0xff,
    0xb, 0xbb, 0xba, 0x97, 0x43, 0xff, 0x6a, 0xff,
    0x0, 0x0, 0x0, 0x0, 0x3, 0xff, 0x6a, 0xff,
    0x0, 0x0, 0x0, 0x0, 0x3, 0xff, 0x6a, 0xff,
    0x0, 0x0, 0x0, 0x0, 0x3, 0xff, 0x6a, 0xff,
    0x0, 0x0, 0x0, 0x0, 0x0, 0x0, 0x9, 0xee,

    /* U+B824 "려" */
    0x0, 0x0, 0x0, 0x0, 0x0, 0x0, 0x11, 0x0,
    0x0, 0x0, 0x0, 0x0, 0x0, 0xf, 0xfc, 0x56,
    0x66, 0x66, 0x66, 0x0, 0x0, 0xff, 0xcf, 0xff,
    0xff, 0xff, 0xf1, 0x0, 0xf, 0xfc, 0xcd, 0xdd,
    0xdf, 0xff, 0x11, 0x22, 0xff, 0xc0, 0x0, 0x0,
    0xbf, 0xf1, 0xdf, 0xff, 0xfc, 0x0, 0x0, 0xb,
    0xff, 0x1a, 0xcc, 0xff, 0xcd, 0xee, 0xee, 0xff,
    0xf1, 0x0, 0xf, 0xfc, 0xef, 0xff, 0xff, 0xff,
    0x10, 0x0, 0xff, 0xce, 0xfe, 0x33, 0x33, 0x30,
    0x9b, 0xbf, 0xfc, 0xef, 0xe0, 0x0, 0x0, 0xd,
    0xff, 0xff, 0xce, 0xfe, 0x0, 0x0, 0x0, 0x89,
    0x9f, 0xfc, 0xff, 0xf8, 0x9a, 0xbc, 0xe1, 0x0,
    0xff, 0xce, 0xff, 0xff, 0xff, 0xff, 0x30, 0xf,
    0xfc, 0xbc, 0xcb, 0xba, 0x98, 0x61, 0x0, 0xff,
    0xc0, 0x0, 0x0, 0x0, 0x0, 0x0, 0xf, 0xfc,
    0x0, 0x0, 0x0, 0x0, 0x0, 0x0, 0xff, 0xc0,
    0x0, 0x0, 0x0, 0x0, 0x0, 0xf, 0xfc, 0x0,
    0x0, 0x0, 0x0, 0x0, 0x0, 0xee, 0xb0,

    /* U+B85C "로" */
    0x0, 0xbf, 0xff, 0xff, 0xff, 0xff, 0xff, 0xe0,
    0x0, 0xc, 0xff, 0xff, 0xff, 0xff, 0xff, 0xff,
    0x0, 0x0, 0x34, 0x44, 0x44, 0x44, 0x44, 0xdf,
    0xf0, 0x0, 0x0, 0x0, 0x0, 0x0, 0x0, 0xc,
    0xff, 0x0, 0x0, 0xbf, 0xff, 0xff, 0xff, 0xff,
    0xff, 0xf0, 0x0, 0xb, 0xff, 0xff, 0xff, 0xff,
    0xff, 0xff, 0x0, 0x0, 0xbf, 0xf3, 0x22, 0x22,
    0x22, 0x22, 0x20, 0x0, 0xb, 0xff, 0x43, 0x33,
    0x33, 0x33, 0x33, 0x10, 0x0, 0xcf, 0xff, 0xff,
    0xff, 0xff, 0xff, 0xf6, 0x0, 0xb, 0xff, 0xff,
    0xff, 0xff, 0xff, 0xff, 0x60, 0x0, 0x0, 0x0,
    0xc, 0xff, 0x0, 0x0, 0x0, 0x0, 0x0, 0x0,
    0x0, 0xcf, 0xf0, 0x0, 0x0, 0x0, 0x12, 0x22,
    0x22, 0x2d, 0xff, 0x22, 0x22, 0x22, 0x19, 0xff,
    0xff, 0xff, 0xff, 0xff, 0xff, 0xff, 0xfd, 0x9f,
    0xff, 0xff, 0xff, 0xff, 0xff, 0xff, 0xff, 0xd1,
    0x22, 0x22, 0x22, 0x22, 0x22, 0x22, 0x22, 0x22,

    /* U+B974 "르" */
    0x0, 0xaf, 0xff, 0xff, 0xff, 0xff, 0xff, 0xf1,
    0x0, 0xa, 0xff, 0xff, 0xff, 0xff, 0xff, 0xff,
    0x10, 0x0, 0x24, 0x44, 0x44, 0x44, 0x44, 0xcf,
    0xf1, 0x0, 0x0, 0x0, 0x0, 0x0, 0x0, 0xb,
    0xff, 0x10, 0x0, 0x9f, 0xff, 0xff, 0xff, 0xff,
    0xff, 0xf1, 0x0, 0xa, 0xff, 0xff, 0xff, 0xff,
    0xff, 0xff, 0x10, 0x0, 0xaf, 0xf6, 0x33, 0x33,
    0x33, 0x33, 0x30, 0x0, 0xa, 0xff, 0x30, 0x0,
    0x0, 0x0, 0x0, 0x0, 0x0, 0xcf, 0xff, 0xff,
    0xff, 0xff, 0xff, 0xf8, 0x0, 0xa, 0xff, 0xff,
    0xff, 0xff, 0xff, 0xff, 0x80, 0x0, 0x23, 0x33,
    0x33, 0x33, 0x33, 0x33, 0x31, 0x0, 0x0, 0x0,
    0x0, 0x0, 0x0, 0x0, 0x0, 0x0, 0x25, 0x55,
    0x55, 0x55, 0x55, 0x55, 0x55, 0x55, 0x57, 0xff,
    0xff, 0xff, 0xff, 0xff, 0xff, 0xff, 0xfe, 0x6f,
    0xff, 0xff, 0xff, 0xff, 0xff, 0xff, 0xff, 0xe0,

    /* U+B97C "를" */
    0x0, 0x6d, 0xdd, 0xdd, 0xdd, 0xdd, 0xdd, 0xd0,
    0x0, 0x7, 0xff, 0xff, 0xff, 0xff, 0xff, 0xff,
    0x0, 0x0, 0x14, 0x44, 0x44, 0x44, 0x44, 0xef,
    0xf0, 0x0, 0x7, 0xff, 0xff, 0xff, 0xff, 0xff,
    0xff, 0x0, 0x0, 0x7f, 0xfb, 0x99, 0x99, 0x99,
    0x99, 0x90, 0x0, 0x7, 0xff, 0xca, 0xaa, 0xaa,
    0xaa, 0xaa, 0x20, 0x0, 0x7f, 0xff, 0xff, 0xff,
    0xff, 0xff, 0xf4, 0x0, 0x12, 0x44, 0x44, 0x44,
    0x44, 0x44, 0x44, 0x21, 0x7f, 0xff, 0xff, 0xff,
    0xff, 0xff, 0xff, 0xff, 0xe7, 0xff, 0xff, 0xff,
    0xff, 0xff, 0xff, 0xff, 0xfe, 0x2, 0x34, 0x44,
    0x44, 0x44, 0x44, 0x44, 0x42, 0x10, 0xa, 0xff,
    0xff, 0xff, 0xff, 0xff, 0xff, 0x0, 0x0, 0x8d,
    0xdd, 0xdd, 0xdd, 0xdd, 0xff, 0xf0, 0x0, 0x5,
    0x88, 0x88, 0x88, 0x88, 0x8e, 0xff, 0x0, 0x0,
    0xaf, 0xff, 0xff, 0xff, 0xff, 0xff, 0xf0, 0x0,
    0xa, 0xff, 0x53, 0x33, 0x33, 0x33, 0x33, 0x0,
    0x0, 0xbf, 0xff, 0xff, 0xff, 0xff, 0xff, 0xf8,
    0x0, 0x9, 0xee, 0xee, 0xee, 0xee, 0xee, 0xee,
    0x70,

    /* U+B9BC "림" */
    0x0, 0x0, 0x0, 0x0, 0x0, 0x0, 0x0, 0x0,
    0x0, 0x0, 0x0, 0x0, 0x0, 0x3f, 0xfa, 0xbf,
    0xff, 0xff, 0xff, 0xb0, 0x3, 0xff, 0xab, 0xff,
    0xff, 0xff, 0xfb, 0x0, 0x3f, 0xfa, 0x12, 0x22,
    0x23, 0xff, 0xb0, 0x3, 0xff, 0xa9, 0xdd, 0xdd,
    0xdf, 0xfb, 0x0, 0x3f, 0xfa, 0xbf, 0xff, 0xff,
    0xff, 0xb0, 0x3, 0xff, 0xab, 0xff, 0x54, 0x44,
    0x43, 0x0, 0x3f, 0xfa, 0xbf, 0xf4, 0x34, 0x45,
    0x79, 0x53, 0xff, 0xac, 0xff, 0xff, 0xff, 0xff,
    0xf9, 0x3f, 0xfa, 0xbf, 0xff, 0xff, 0xfe, 0xdb,
    0x73, 0xff, 0xa0, 0x11, 0x0, 0x0, 0x0, 0x0,
    0x17, 0x74, 0x0, 0xae, 0xee, 0xee, 0xee, 0xee,
    0xee, 0x90, 0xb, 0xff, 0xff, 0xff, 0xff, 0xff,
    0xfa, 0x0, 0xbf, 0xf6, 0x55, 0x55, 0x56, 0xff,
    0xa0, 0xb, 0xff, 0x20, 0x0, 0x0, 0x1f, 0xfa,
    0x0, 0xbf, 0xf6, 0x55, 0x55, 0x56, 0xff, 0xa0,
    0xb, 0xff, 0xff, 0xff, 0xff, 0xff, 0xfa, 0x0,
    0xae, 0xee, 0xee, 0xee, 0xee, 0xee, 0x90,

    /* U+B9C8 "마" */
    0x0, 0x0, 0x0, 0x0, 0x0, 0x0, 0x0, 0x0,
    0x0, 0x0, 0x0, 0x0, 0x0, 0x0, 0x2, 0xff,
    0xb0, 0x0, 0x3, 0x33, 0x33, 0x33, 0x32, 0x2,
    0xff, 0xb0, 0x0, 0xf, 0xff, 0xff, 0xff, 0xfb,
    0x2, 0xff, 0xb0, 0x0, 0xf, 0xff, 0xff, 0xff,
    0xfb, 0x2, 0xff, 0xb0, 0x0, 0xf, 0xfc, 0x0,
    0x1f, 0xfb, 0x2, 0xff, 0xb0, 0x0, 0xf, 0xfc,
    0x0, 0x1f, 0xfb, 0x2, 0xff, 0xb0, 0x0, 0xf,
    0xfc, 0x0, 0x1f, 0xfb, 0x2, 0xff, 0xd6, 0x61,
    0xf, 0xfc, 0x0, 0x1f, 0xfb, 0x2, 0xff, 0xff,
    0xf3, 0xf, 0xfc, 0x0, 0x1f, 0xfb, 0x2, 0xff,
    0xff, 0xf3, 0xf, 0xfc, 0x0, 0x1f, 0xfb, 0x2,
    0xff, 0xb0, 0x0, 0xf, 0xfc, 0x0, 0x1f, 0xfb,
    0x2, 0xff, 0xb0, 0x0, 0xf, 0xff, 0xee, 0xef,
    0xfb, 0x2, 0xff, 0xb0, 0x0, 0xf, 0xff, 0xff,
    0xff, 0xfb, 0x2, 0xff, 0xb0, 0x0, 0x5, 0x55,
    0x55, 0x55, 0x53, 0x2, 0xff, 0xb0, 0x0, 0x0,
    0x0, 0x0, 0x0, 0x0, 0x2, 0xff, 0xb0, 0x0,
    0x0, 0x0, 0x0, 0x0, 0x0, 0x2, 0xff, 0xb0,
    0x0, 0x0, 0x0, 0x0, 0x0, 0x0, 0x2, 0xff,
    0xb0, 0x0, 0x0, 0x0, 0x0, 0x0, 0x0, 0x2,
    0xee, 0xa0, 0x0,

    /* U+B9C9 "막" */
    0x0, 0x0, 0x0, 0x0, 0x0, 0x0, 0x22, 0x10,
    0x0, 0x0, 0x0, 0x0, 0x0, 0x0, 0x1, 0xff,
    0xc0, 0x0, 0x1e, 0xee, 0xee, 0xee, 0xe9, 0x1,
    0xff, 0xc0, 0x0, 0x1f, 0xff, 0xff, 0xff, 0xfb,
    0x1, 0xff, 0xc0, 0x0, 0x1f, 0xfd, 0x55, 0x6f,
    0xfb, 0x1, 0xff, 0xc0, 0x0, 0x1f, 0xfb, 0x0,
    0x1f, 0xfb, 0x1, 0xff, 0xff, 0xf1, 0x1f, 0xfb,
    0x0, 0x1f, 0xfb, 0x1, 0xff, 0xff, 0xf1, 0x1f,
    0xfb, 0x0, 0x1f, 0xfb, 0x1, 0xff, 0xd4, 0x40,
    0x1f, 0xfc, 0x55, 0x5f, 0xfb, 0x1, 0xff, 0xc0,
    0x0, 0x1f, 0xff, 0xff, 0xff, 0xfb, 0x1, 0xff,
    0xc0, 0x0, 0x1e, 0xee, 0xee, 0xee, 0xea, 0x1,
    0xff, 0xc0, 0x0, 0x0, 0x0, 0x0, 0x0, 0x0,
    0x0, 0x77, 0x50, 0x0, 0x0, 0x5e, 0xee, 0xee,
    0xee, 0xee, 0xee, 0xa0, 0x0, 0x0, 0x6f, 0xff,
    0xff, 0xff, 0xff, 0xff, 0xc0, 0x0, 0x0, 0x25,
    0x55, 0x55, 0x55, 0x55, 0xff, 0xc0, 0x0, 0x0,
    0x0, 0x0, 0x0, 0x0, 0x1, 0xff, 0xc0, 0x0,
    0x0, 0x0, 0x0, 0x0, 0x0, 0x1, 0xff, 0xc0,
    0x0, 0x0, 0x0, 0x0, 0x0, 0x0, 0x1, 0xff,
    0xc0, 0x0, 0x0, 0x0, 0x0, 0x0, 0x0, 0x0,
    0xaa, 0x80, 0x0,

    /* U+B9D0 "말" */
    0x0, 0x0, 0x0, 0x0, 0x0, 0x0, 0x11, 0x0,
    0x0, 0x4, 0x44, 0x44, 0x44, 0x43, 0x1, 0xff,
    0xc0, 0x0, 0x1f, 0xff, 0xff, 0xff, 0xfb, 0x1,
    0xff, 0xc0, 0x0, 0x1f, 0xff, 0xff, 0xff, 0xfb,
    0x1, 0xff, 0xc0, 0x0, 0x1f, 0xfb, 0x0, 0x1f,
    0xfb, 0x1, 0xff, 0xeb, 0xb0, 0x1f, 0xfb, 0x0,
    0x1f, 0xfb, 0x1, 0xff, 0xff, 0xf1, 0x1f, 0xfb,
    0x0, 0x1f, 0xfb, 0x1, 0xff, 0xe9, 0x90, 0x1f,
    0xff, 0xff, 0xff, 0xfb, 0x1, 0xff, 0xc0, 0x0,
    0x1f, 0xff, 0xff, 0xff, 0xfb, 0x1, 0xff, 0xc0,
    0x0, 0x4, 0x44, 0x44, 0x44, 0x42, 0x1, 0xdd,
    0xa0, 0x0, 0x0, 0x14, 0x44, 0x44, 0x44, 0x44,
    0x44, 0x30, 0x0, 0x0, 0x4f, 0xff, 0xff, 0xff,
    0xff, 0xff, 0xc0, 0x0, 0x0, 0x3e, 0xee, 0xee,
    0xee, 0xee, 0xff, 0xc0, 0x0, 0x0, 0x3, 0x33,
    0x33, 0x33, 0x34, 0xff, 0xc0, 0x0, 0x0, 0x4f,
    0xff, 0xff, 0xff, 0xff, 0xff, 0xc0, 0x0, 0x0,
    0x4f, 0xfe, 0xcc, 0xcc, 0xcc, 0xcc, 0x90, 0x0,
    0x0, 0x4f, 0xfb, 0x55, 0x55, 0x55, 0x55, 0x51,
    0x0, 0x0, 0x4f, 0xff, 0xff, 0xff, 0xff, 0xff,
    0xf3, 0x0, 0x0, 0x3e, 0xee, 0xee, 0xee, 0xee,
    0xee, 0xe3, 0x0,

    /* U+BAA8 "모" */
    0x0, 0xcf, 0xff, 0xff, 0xff, 0xff, 0xff, 0xf1,
    0x0, 0xd, 0xff, 0xff, 0xff, 0xff, 0xff, 0xff,
    0x10, 0x0, 0xdf, 0xf4, 0x44, 0x44, 0x44, 0xcf,
    0xf1, 0x0, 0xd, 0xfe, 0x0, 0x0, 0x0, 0xb,
    0xff, 0x10, 0x0, 0xdf, 0xe0, 0x0, 0x0, 0x0,
    0xbf, 0xf1, 0x0, 0xd, 0xfe, 0x0, 0x0, 0x0,
    0xb, 0xff, 0x10, 0x0, 0xdf, 0xf3, 0x33, 0x33,
    0x33, 0xcf, 0xf1, 0x0, 0xd, 0xff, 0xff, 0xff,
    0xff, 0xff, 0xff, 0x10, 0x0, 0xdf, 0xff, 0xff,
    0xff, 0xff, 0xff, 0xf1, 0x0, 0x0, 0x0, 0x0,
    0xcf, 0xf0, 0x0, 0x0, 0x0, 0x0, 0x0, 0x0,
    0xc, 0xff, 0x0, 0x0, 0x0, 0x0, 0x0, 0x0,
    0x0, 0xcf, 0xf0, 0x0, 0x0, 0x0, 0x48, 0x88,
    0x88, 0x8e, 0xff, 0x88, 0x88, 0x88, 0x78, 0xff,
    0xff, 0xff, 0xff, 0xff, 0xff, 0xff, 0xfd, 0x6c,
    0xcc, 0xcc, 0xcc, 0xcc, 0xcc, 0xcc, 0xcc, 0xa0,

    /* U+BB3C "물" */
    0x0, 0x25, 0x55, 0x55, 0x55, 0x55, 0x55, 0x30,
    0x0, 0x9, 0xff, 0xff, 0xff, 0xff, 0xff, 0xfb,
    0x0, 0x0, 0x9f, 0xfe, 0xdd, 0xdd, 0xdd, 0xff,
    0xb0, 0x0, 0x9, 0xff, 0x30, 0x0, 0x0, 0x1f,
    0xfb, 0x0, 0x0, 0x9f, 0xff, 0xff, 0xff, 0xff,
    0xff, 0xb0, 0x0, 0x9, 0xff, 0xff, 0xff, 0xff,
    0xff, 0xfb, 0x0, 0x1, 0x23, 0x33, 0x33, 0x33,
    0x33, 0x33, 0x31, 0x18, 0xff, 0xff, 0xff, 0xff,
    0xff, 0xff, 0xff, 0xfc, 0x8f, 0xff, 0xff, 0xff,
    0xff, 0xff, 0xff, 0xff, 0xc0, 0x11, 0x11, 0x11,
    0xdf, 0xf1, 0x11, 0x11, 0x11, 0x0, 0xaf, 0xff,
    0xff, 0xff, 0xff, 0xff, 0xc0, 0x0, 0xb, 0xff,
    0xff, 0xff, 0xff, 0xff, 0xfd, 0x0, 0x0, 0x35,
    0x55, 0x55, 0x55, 0x55, 0xff, 0xd0, 0x0, 0xb,
    0xff, 0xff, 0xff, 0xff, 0xff, 0xfd, 0x0, 0x0,
    0xbf, 0xfb, 0xaa, 0xaa, 0xaa, 0xaa, 0x90, 0x0,
    0xb, 0xff, 0x98, 0x88, 0x88, 0x88, 0x88, 0x20,
    0x0, 0xbf, 0xff, 0xff, 0xff, 0xff, 0xff, 0xf4,
    0x0, 0x6, 0x88, 0x88, 0x88, 0x88, 0x88, 0x88,
    0x20,

    /* U+BBAC "뮬" */
    0x0, 0x25, 0x55, 0x55, 0x55, 0x55, 0x55, 0x30,
    0x0, 0x9, 0xff, 0xff, 0xff, 0xff, 0xff, 0xfb,
    0x0, 0x0, 0x9f, 0xfe, 0xdd, 0xdd, 0xdd, 0xff,
    0xb0, 0x0, 0x9, 0xff, 0x30, 0x0, 0x0, 0x1f,
    0xfb, 0x0, 0x0, 0x9f, 0xff, 0xff, 0xff, 0xff,
    0xff, 0xb0, 0x0, 0x9, 0xff, 0xff, 0xff, 0xff,
    0xff, 0xfb, 0x0, 0x1, 0x34, 0x44, 0x44, 0x44,
    0x44, 0x44, 0x31, 0x18, 0xff, 0xff, 0xff, 0xff,
    0xff, 0xff, 0xff, 0xfc, 0x8f, 0xff, 0xff, 0xff,
    0xff, 0xff, 0xff, 0xff, 0xc1, 0x22, 0x28, 0xff,
    0x62, 0x2e, 0xff, 0x22, 0x21, 0x0, 0xaf, 0xff,
    0xff, 0xff, 0xff, 0xff, 0xc0, 0x0, 0xb, 0xff,
    0xff, 0xff, 0xff, 0xff, 0xfd, 0x0, 0x0, 0x35,
    0x55, 0x55, 0x55, 0x55, 0xff, 0xd0, 0x0, 0xb,
    0xff, 0xff, 0xff, 0xff, 0xff, 0xfd, 0x0, 0x0,
    0xbf, 0xfb, 0xaa, 0xaa, 0xaa, 0xaa, 0x90, 0x0,
    0xb, 0xff, 0x98, 0x88, 0x88, 0x88, 0x88, 0x20,
    0x0, 0xbf, 0xff, 0xff, 0xff, 0xff, 0xff, 0xf4,
    0x0, 0x6, 0x88, 0x88, 0x88, 0x88, 0x88, 0x88,
    0x20,

    /* U+BCC0 "변" */
    0x0, 0x0, 0x0, 0x0, 0x0, 0x0, 0x0, 0x0,
    0x0, 0x0, 0x0, 0x0, 0x0, 0x1, 0xff, 0xb0,
    0xbd, 0xd0, 0x0, 0xcd, 0xb0, 0x1, 0xff, 0xb0,
    0xdf, 0xf0, 0x0, 0xff, 0xe1, 0x12, 0xff, 0xb0,
    0xdf, 0xf2, 0x22, 0xff, 0xff, 0xff, 0xff, 0xb0,
    0xdf, 0xff, 0xff, 0xff, 0xff, 0xff, 0xff, 0xb0,
    0xdf, 0xff, 0xff, 0xff, 0xe3, 0x34, 0xff, 0xb0,
    0xdf, 0xf0, 0x0, 0xff, 0xe5, 0x55, 0xff, 0xb0,
    0xdf, 0xf0, 0x0, 0xff, 0xff, 0xff, 0xff, 0xb0,
    0xdf, 0xff, 0xff, 0xff, 0xfc, 0xcc, 0xff, 0xb0,
    0xdf, 0xff, 0xff, 0xff, 0xd0, 0x1, 0xff, 0xb0,
    0x33, 0x33, 0x33, 0x33, 0x30, 0x1, 0xff, 0xb0,
    0x0, 0x26, 0x62, 0x0, 0x0, 0x1, 0xff, 0xb0,
    0x0, 0x6f, 0xf7, 0x0, 0x0, 0x1, 0xff, 0xb0,
    0x0, 0x6f, 0xf7, 0x0, 0x0, 0x0, 0x22, 0x10,
    0x0, 0x6f, 0xf7, 0x0, 0x0, 0x0, 0x0, 0x0,
    0x0, 0x7f, 0xff, 0xee, 0xee, 0xee, 0xee, 0xe1,
    0x0, 0x7f, 0xff, 0xff, 0xff, 0xff, 0xff, 0xf1,
    0x0, 0x26, 0x66, 0x66, 0x66, 0x66, 0x66, 0x60,

    /* U+BCF4 "보" */
    0x0, 0xac, 0xc0, 0x0, 0x0, 0x0, 0x9c, 0xc1,
    0x0, 0xd, 0xff, 0x0, 0x0, 0x0, 0xb, 0xff,
    0x10, 0x0, 0xdf, 0xf4, 0x44, 0x44, 0x44, 0xcf,
    0xf1, 0x0, 0xd, 0xff, 0xff, 0xff, 0xff, 0xff,
    0xff, 0x10, 0x0, 0xdf, 0xff, 0xff, 0xff, 0xff,
    0xff, 0xf1, 0x0, 0xd, 0xff, 0x0, 0x0, 0x0,
    0xb, 0xff, 0x10, 0x0, 0xdf, 0xf0, 0x0, 0x0,
    0x0, 0xbf, 0xf1, 0x0, 0xd, 0xff, 0xaa, 0xaa,
    0xaa, 0xae, 0xff, 0x10, 0x0, 0xdf, 0xff, 0xff,
    0xff, 0xff, 0xff, 0xf1, 0x0, 0x8, 0x99, 0x99,
    0xef, 0xf9, 0x99, 0x99, 0x0, 0x0, 0x0, 0x0,
    0xc, 0xff, 0x0, 0x0, 0x0, 0x0, 0x0, 0x0,
    0x0, 0xcf, 0xf0, 0x0, 0x0, 0x0, 0x48, 0x88,
    0x88, 0x8e, 0xff, 0x88, 0x88, 0x88, 0x78, 0xff,
    0xff, 0xff, 0xff, 0xff, 0xff, 0xff, 0xfd, 0x6b,
    0xbb, 0xbb, 0xbb, 0xbb, 0xbb, 0xbb, 0xbb, 0xa0,

    /* U+C0AC "사" */
    0x0, 0x0, 0x0, 0x0, 0x0, 0x0, 0x11, 0x0,
    0x0, 0x0, 0x0, 0x0, 0x0, 0x0, 0x2, 0xff,
    0xb0, 0x0, 0x0, 0x0, 0x6c, 0xb2, 0x0, 0x2,
    0xff, 0xb0, 0x0, 0x0, 0x0, 0x9f, 0xf4, 0x0,
    0x2, 0xff, 0xb0, 0x0, 0x0, 0x0, 0x9f, 0xf4,
    0x0, 0x2, 0xff, 0xb0, 0x0, 0x0, 0x0, 0x9f,
    0xf4, 0x0, 0x2, 0xff, 0xb0, 0x0, 0x0, 0x0,
    0xbf, 0xf6, 0x0, 0x2, 0xff, 0xb0, 0x0, 0x0,
    0x0, 0xdf, 0xf8, 0x0, 0x2, 0xff, 0xc4, 0x41,
    0x0, 0x2, 0xff, 0xfd, 0x0, 0x2, 0xff, 0xff,
    0xf3, 0x0, 0x8, 0xff, 0xff, 0x40, 0x2, 0xff,
    0xff, 0xf3, 0x0, 0x2f, 0xfd, 0xff, 0xd0, 0x2,
    0xff, 0xb1, 0x10, 0x1, 0xdf, 0xf5, 0xaf, 0xfb,
    0x2, 0xff, 0xb0, 0x0, 0x4e, 0xff, 0xc0, 0x1e,
    0xff, 0xd4, 0xff, 0xb0, 0x0, 0x8f, 0xfe, 0x10,
    0x4, 0xff, 0xb2, 0xff, 0xb0, 0x0, 0xc, 0xc2,
    0x0, 0x0, 0x2b, 0x12, 0xff, 0xb0, 0x0, 0x1,
    0x0, 0x0, 0x0, 0x0, 0x2, 0xff, 0xb0, 0x0,
    0x0, 0x0, 0x0, 0x0, 0x0, 0x2, 0xff, 0xb0,
    0x0, 0x0, 0x0, 0x0, 0x0, 0x0, 0x2, 0xff,
    0xb0, 0x0, 0x0, 0x0, 0x0, 0x0, 0x0, 0x1,
    0xdd, 0x90, 0x0,

    /* U+C0C1 "상" */
    0x0, 0x0, 0x0, 0x0, 0x0, 0x0, 0x1, 0x0,
    0x0, 0x0, 0x0, 0x13, 0x20, 0x0, 0x0, 0xff,
    0xe0, 0x0, 0x0, 0x0, 0xaf, 0xf2, 0x0, 0x0,
    0xff, 0xe0, 0x0, 0x0, 0x0, 0xaf, 0xf2, 0x0,
    0x0, 0xff, 0xe0, 0x0, 0x0, 0x0, 0xbf, 0xf3,
    0x0, 0x0, 0xff, 0xe0, 0x0, 0x0, 0x0, 0xff,
    0xf7, 0x0, 0x0, 0xff, 0xff, 0xf3, 0x0, 0x6,
    0xff, 0xfe, 0x10, 0x0, 0xff, 0xff, 0xf3, 0x0,
    0x2e, 0xff, 0xff, 0xc1, 0x0, 0xff, 0xf5, 0x51,
    0x5, 0xef, 0xf6, 0x9f, 0xff, 0x80, 0xff, 0xe0,
    0x0, 0x7f, 0xff, 0xa0, 0xa, 0xff, 0xb0, 0xff,
    0xe0, 0x0, 0xc, 0xf8, 0x0, 0x0, 0x5c, 0x10,
    0xff, 0xe0, 0x0, 0x2, 0x20, 0x0, 0x1, 0x22,
    0x10, 0x77, 0x60, 0x0, 0x0, 0x0, 0x4b, 0xff,
    0xff, 0xfe, 0xa3, 0x0, 0x0, 0x0, 0x7, 0xff,
    0xff, 0xff, 0xff, 0xff, 0x50, 0x0, 0x0, 0x1f,
    0xfe, 0x51, 0x0, 0x16, 0xff, 0xe0, 0x0, 0x0,
    0x3f, 0xfa, 0x0, 0x0, 0x0, 0xcf, 0xf0, 0x0,
    0x0, 0xe, 0xff, 0xa6, 0x55, 0x7b, 0xff, 0xc0,
    0x0, 0x0, 0x3, 0xef, 0xff, 0xff, 0xff, 0xfd,
    0x20, 0x0, 0x0, 0x0, 0x6, 0xac, 0xdd, 0xca,
    0x50, 0x0, 0x0,

    /* U+C11C "서" */
    0x0, 0x0, 0x0, 0x0, 0x0, 0x0, 0x2d, 0xd8,
    0x0, 0x0, 0x48, 0x82, 0x0, 0x0, 0x3f, 0xf9,
    0x0, 0x0, 0x8f, 0xf5, 0x0, 0x0, 0x3f, 0xf9,
    0x0, 0x0, 0x8f, 0xf5, 0x0, 0x0, 0x3f, 0xf9,
    0x0, 0x0, 0x8f, 0xf5, 0x0, 0x0, 0x3f, 0xf9,
    0x0, 0x0, 0xaf, 0xf6, 0x2, 0x55, 0x7f, 0xf9,
    0x0, 0x0, 0xcf, 0xf9, 0x7, 0xff, 0xff, 0xf9,
    0x0, 0x0, 0xff, 0xfc, 0x6, 0xee, 0xef, 0xf9,
    0x0, 0x6, 0xff, 0xff, 0x20, 0x0, 0x3f, 0xf9,
    0x0, 0xd, 0xff, 0xff, 0xa0, 0x0, 0x3f, 0xf9,
    0x0, 0x9f, 0xf8, 0xbf, 0xf7, 0x0, 0x3f, 0xf9,
    0xa, 0xff, 0xe1, 0x2f, 0xff, 0x91, 0x3f, 0xf9,
    0xaf, 0xff, 0x50, 0x6, 0xff, 0xf3, 0x3f, 0xf9,
    0x1e, 0xf6, 0x0, 0x0, 0x6f, 0x60, 0x3f, 0xf9,
    0x3, 0x20, 0x0, 0x0, 0x1, 0x0, 0x3f, 0xf9,
    0x0, 0x0, 0x0, 0x0, 0x0, 0x0, 0x3f, 0xf9,
    0x0, 0x0, 0x0, 0x0, 0x0, 0x0, 0x3f, 0xf9,
    0x0, 0x0, 0x0, 0x0, 0x0, 0x0, 0x3f, 0xf9,
    0x0, 0x0, 0x0, 0x0, 0x0, 0x0, 0x2, 0x21,

    /* U+C138 "세" */
    0x0, 0x0, 0x0, 0x0, 0x0, 0x0, 0x0, 0x0,
    0x0, 0x0, 0x0, 0x0, 0x0, 0xd, 0xd8, 0x9f,
    0xf1, 0x0, 0x2, 0x99, 0x40, 0x0, 0xff, 0xa9,
    0xff, 0x10, 0x0, 0x3f, 0xf8, 0x0, 0xf, 0xfa,
    0x9f, 0xf1, 0x0, 0x3, 0xff, 0x80, 0x0, 0xff,
    0xa9, 0xff, 0x10, 0x0, 0x3f, 0xf8, 0x0, 0xf,
    0xfa, 0x9f, 0xf1, 0x0, 0x4, 0xff, 0x80, 0x22,
    0xff, 0xa9, 0xff, 0x10, 0x0, 0x6f, 0xfa, 0x1f,
    0xff, 0xfa, 0x9f, 0xf1, 0x0, 0x9, 0xff, 0xd1,
    0xff, 0xff, 0xa9, 0xff, 0x10, 0x0, 0xdf, 0xff,
    0x22, 0x2f, 0xfa, 0x9f, 0xf1, 0x0, 0x4f, 0xff,
    0xfa, 0x0, 0xff, 0xa9, 0xff, 0x10, 0xd, 0xfe,
    0x9f, 0xf5, 0xf, 0xfa, 0x9f, 0xf1, 0xb, 0xff,
    0x72, 0xff, 0xf5, 0xff, 0xa9, 0xff, 0x17, 0xff,
    0xd0, 0x6, 0xff, 0x4f, 0xfa, 0x9f, 0xf1, 0xb,
    0xe2, 0x0, 0x6, 0x80, 0xff, 0xa9, 0xff, 0x10,
    0x11, 0x0, 0x0, 0x0, 0xf, 0xfa, 0x9f, 0xf1,
    0x0, 0x0, 0x0, 0x0, 0x0, 0xff, 0xa9, 0xff,
    0x10, 0x0, 0x0, 0x0, 0x0, 0xf, 0xfa, 0x9f,
    0xf1, 0x0, 0x0, 0x0, 0x0, 0x0, 0x11, 0x8,
    0xee, 0x10,

    /* U+C158 "션" */
    0x0, 0x0, 0x0, 0x0, 0x0, 0x0, 0x2, 0x32,
    0x0, 0x0, 0x0, 0x0, 0x0, 0x0, 0x0, 0xef,
    0xd0, 0x0, 0x0, 0x6e, 0xe4, 0x0, 0x0, 0xe,
    0xfd, 0x0, 0x0, 0x7, 0xff, 0x50, 0xc, 0xff,
    0xff, 0xd0, 0x0, 0x0, 0x8f, 0xf6, 0x0, 0xcf,
    0xff, 0xfd, 0x0, 0x0, 0x9, 0xff, 0x70, 0x3,
    0x44, 0xff, 0xd0, 0x0, 0x0, 0xdf, 0xfc, 0x0,
    0x34, 0x4f, 0xfd, 0x0, 0x0, 0x4f, 0xff, 0xf4,
    0xc, 0xff, 0xff, 0xd0, 0x0, 0x1d, 0xff, 0xff,
    0xe2, 0xcf, 0xff, 0xfd, 0x0, 0x3d, 0xff, 0x96,
    0xff, 0xe6, 0x0, 0xef, 0xd0, 0x2f, 0xff, 0xd0,
    0xa, 0xff, 0xf3, 0xe, 0xfd, 0x0, 0x9f, 0xb1,
    0x0, 0x7, 0xf8, 0x0, 0xef, 0xd0, 0x0, 0x40,
    0x0, 0x0, 0x1, 0x0, 0xe, 0xfd, 0x0, 0x0,
    0x2d, 0xd8, 0x0, 0x0, 0x0, 0xef, 0xd0, 0x0,
    0x2, 0xff, 0xa0, 0x0, 0x0, 0x4, 0x54, 0x0,
    0x0, 0x2f, 0xfa, 0x0, 0x0, 0x0, 0x0, 0x0,
    0x0, 0x3, 0xff, 0xd7, 0x77, 0x77, 0x77, 0x77,
    0x10, 0x0, 0x4f, 0xff, 0xff, 0xff, 0xff, 0xff,
    0xf3, 0x0, 0x2, 0xcc, 0xcc, 0xcc, 0xcc, 0xcc,
    0xcc, 0x20,

    /* U+C18D "속" */
    0x0, 0x0, 0x0, 0x7, 0x98, 0x0, 0x0, 0x0,
    0x0, 0x0, 0x0, 0x0, 0xef, 0xf1, 0x0, 0x0,
    0x0, 0x0, 0x0, 0x0, 0x3f, 0xff, 0x60, 0x0,
    0x0, 0x0, 0x0, 0x0, 0x1d, 0xff, 0xff, 0x30,
    0x0, 0x0, 0x0, 0x0, 0x7e, 0xff, 0x9f, 0xff,
    0x81, 0x0, 0x0, 0x5c, 0xff, 0xff, 0x70, 0x5f,
    0xff, 0xfc, 0x80, 0x4, 0xff, 0xfb, 0x35, 0x77,
    0x2a, 0xff, 0xf7, 0x0, 0x8, 0x62, 0x0, 0xcf,
    0xf0, 0x1, 0x69, 0x0, 0x13, 0x33, 0x33, 0x3d,
    0xff, 0x33, 0x33, 0x33, 0x28, 0xff, 0xff, 0xff,
    0xff, 0xff, 0xff, 0xff, 0xfd, 0x8f, 0xff, 0xff,
    0xff, 0xff, 0xff, 0xff, 0xff, 0xd0, 0x1, 0x11,
    0x11, 0x11, 0x11, 0x11, 0x11, 0x0, 0x0, 0xbf,
    0xff, 0xff, 0xff, 0xff, 0xff, 0xd0, 0x0, 0xb,
    0xff, 0xff, 0xff, 0xff, 0xff, 0xfd, 0x0, 0x0,
    0x11, 0x11, 0x11, 0x11, 0x11, 0xff, 0xd0, 0x0,
    0x0, 0x0, 0x0, 0x0, 0x0, 0xf, 0xfd, 0x0,
    0x0, 0x0, 0x0, 0x0, 0x0, 0x0, 0xff, 0xd0,
    0x0, 0x0, 0x0, 0x0, 0x0, 0x0, 0xd, 0xdb,
    0x0,

    /* U+C218 "수" */
    0x0, 0x0, 0x0, 0x7, 0xa9, 0x10, 0x0, 0x0,
    0x0, 0x0, 0x0, 0x0, 0xdf, 0xf2, 0x0, 0x0,
    0x0, 0x0, 0x0, 0x0, 0x1f, 0xff, 0x60, 0x0,
    0x0, 0x0, 0x0, 0x0, 0x9, 0xff, 0xfd, 0x0,
    0x0, 0x0, 0x0, 0x0, 0x9, 0xff, 0xff, 0xfc,
    0x10, 0x0, 0x0, 0x1, 0x6d, 0xff, 0xe2, 0xbf,
    0xff, 0x83, 0x0, 0xb, 0xff, 0xff, 0xd2, 0x0,
    0xaf, 0xff, 0xff, 0x10, 0x5f, 0xfd, 0x70, 0x0,
    0x0, 0x4b, 0xff, 0xa0, 0x0, 0x52, 0x0, 0x0,
    0x0, 0x0, 0x1, 0x42, 0x3, 0x66, 0x66, 0x66,
    0x66, 0x66, 0x66, 0x66, 0x65, 0x8f, 0xff, 0xff,
    0xff, 0xff, 0xff, 0xff, 0xff, 0xd7, 0xee, 0xee,
    0xee, 0xff, 0xfe, 0xee, 0xee, 0xeb, 0x0, 0x0,
    0x0, 0xc, 0xff, 0x0, 0x0, 0x0, 0x0, 0x0,
    0x0, 0x0, 0xcf, 0xf0, 0x0, 0x0, 0x0, 0x0,
    0x0, 0x0, 0xc, 0xff, 0x0, 0x0, 0x0, 0x0,
    0x0, 0x0, 0x0, 0xcf, 0xf0, 0x0, 0x0, 0x0,
    0x0, 0x0, 0x0, 0xc, 0xff, 0x0, 0x0, 0x0,
    0x0, 0x0, 0x0, 0x0, 0xad, 0xd0, 0x0, 0x0,
    0x0,

    /* U+C2DC "시" */
    0x0, 0x0, 0x0, 0x0, 0x0, 0x0, 0x0, 0x0,
    0x0, 0x0, 0x0, 0x0, 0x0, 0x0, 0x2f, 0xfb,
    0x0, 0x0, 0x2b, 0xc7, 0x0, 0x0, 0x2f, 0xfb,
    0x0, 0x0, 0x3f, 0xfa, 0x0, 0x0, 0x2f, 0xfb,
    0x0, 0x0, 0x3f, 0xfa, 0x0, 0x0, 0x2f, 0xfb,
    0x0, 0x0, 0x4f, 0xfa, 0x0, 0x0, 0x2f, 0xfb,
    0x0, 0x0, 0x5f, 0xfc, 0x0, 0x0, 0x2f, 0xfb,
    0x0, 0x0, 0x8f, 0xff, 0x0, 0x0, 0x2f, 0xfb,
    0x0, 0x0, 0xcf, 0xff, 0x40, 0x0, 0x2f, 0xfb,
    0x0, 0x3, 0xff, 0xff, 0xb0, 0x0, 0x2f, 0xfb,
    0x0, 0xb, 0xff, 0xcf, 0xf5, 0x0, 0x2f, 0xfb,
    0x0, 0x8f, 0xfb, 0x2f, 0xff, 0x50, 0x2f, 0xfb,
    0x1a, 0xff, 0xf3, 0x8, 0xff, 0xfa, 0x2f, 0xfb,
    0x8f, 0xff, 0x70, 0x0, 0xaf, 0xfa, 0x2f, 0xfb,
    0xc, 0xf6, 0x0, 0x0, 0x6, 0xb0, 0x2f, 0xfb,
    0x1, 0x10, 0x0, 0x0, 0x0, 0x0, 0x2f, 0xfb,
    0x0, 0x0, 0x0, 0x0, 0x0, 0x0, 0x2f, 0xfb,
    0x0, 0x0, 0x0, 0x0, 0x0, 0x0, 0x2f, 0xfb,
    0x0, 0x0, 0x0, 0x0, 0x0, 0x0, 0x1f, 0xfb,

    /* U+C2E0 "신" */
    0x0, 0x0, 0x0, 0x0, 0x0, 0x0, 0x0, 0x0,
    0x0, 0x0, 0x2, 0x20, 0x0, 0x0, 0xaf, 0xf2,
    0x0, 0x0, 0x6f, 0xf8, 0x0, 0x0, 0xaf, 0xf2,
    0x0, 0x0, 0x6f, 0xf8, 0x0, 0x0, 0xaf, 0xf2,
    0x0, 0x0, 0x8f, 0xf9, 0x0, 0x0, 0xaf, 0xf2,
    0x0, 0x0, 0xbf, 0xfc, 0x0, 0x0, 0xaf, 0xf2,
    0x0, 0x3, 0xff, 0xff, 0x30, 0x0, 0xaf, 0xf2,
    0x0, 0x1d, 0xff, 0xff, 0xd1, 0x0, 0xaf, 0xf2,
    0x4, 0xef, 0xf7, 0x9f, 0xfe, 0x60, 0xaf, 0xf2,
    0x8f, 0xff, 0xb0, 0xb, 0xff, 0xe0, 0xaf, 0xf2,
    0x1e, 0xf8, 0x0, 0x0, 0x7e, 0x50, 0xaf, 0xf2,
    0x3, 0x10, 0x0, 0x0, 0x0, 0x0, 0xaf, 0xf2,
    0x0, 0x5, 0x77, 0x0, 0x0, 0x0, 0xaf, 0xf2,
    0x0, 0xc, 0xff, 0x10, 0x0, 0x0, 0xaf, 0xf2,
    0x0, 0xc, 0xff, 0x10, 0x0, 0x0, 0x0, 0x0,
    0x0, 0xc, 0xff, 0x10, 0x0, 0x0, 0x0, 0x0,
    0x0, 0xc, 0xff, 0xee, 0xee, 0xee, 0xee, 0xe8,
    0x0, 0xc, 0xff, 0xff, 0xff, 0xff, 0xff, 0xf9,
    0x0, 0x4, 0x66, 0x66, 0x66, 0x66, 0x66, 0x63,

    /* U+C2EC "심" */
    0x0, 0x0, 0x0, 0x0, 0x0, 0x0, 0x0, 0x0,
    0x0, 0x0, 0x27, 0x73, 0x0, 0x0, 0x3f, 0xfa,
    0x0, 0x0, 0x6f, 0xf8, 0x0, 0x0, 0x3f, 0xfa,
    0x0, 0x0, 0x6f, 0xf8, 0x0, 0x0, 0x3f, 0xfa,
    0x0, 0x0, 0x8f, 0xfa, 0x0, 0x0, 0x3f, 0xfa,
    0x0, 0x0, 0xdf, 0xff, 0x10, 0x0, 0x3f, 0xfa,
    0x0, 0x8, 0xff, 0xff, 0xa0, 0x0, 0x3f, 0xfa,
    0x0, 0x8f, 0xfd, 0xcf, 0xfb, 0x20, 0x3f, 0xfa,
    0x6e, 0xff, 0xf3, 0x2e, 0xff, 0xf6, 0x3f, 0xfa,
    0x3f, 0xfe, 0x30, 0x1, 0xbf, 0xd0, 0x3f, 0xfa,
    0x7, 0x70, 0x0, 0x0, 0x2, 0x30, 0x3f, 0xfa,
    0x0, 0x2, 0x33, 0x33, 0x33, 0x33, 0x33, 0x32,
    0x0, 0xb, 0xff, 0xff, 0xff, 0xff, 0xff, 0xfa,
    0x0, 0xb, 0xff, 0xff, 0xff, 0xff, 0xff, 0xfa,
    0x0, 0xb, 0xff, 0x10, 0x0, 0x0, 0x2f, 0xfa,
    0x0, 0xb, 0xff, 0x10, 0x0, 0x0, 0x1f, 0xfa,
    0x0, 0xb, 0xff, 0x65, 0x55, 0x55, 0x6f, 0xfa,
    0x0, 0xb, 0xff, 0xff, 0xff, 0xff, 0xff, 0xfa,
    0x0, 0xa, 0xee, 0xee, 0xee, 0xee, 0xee, 0xe9,

    /* U+C548 "안" */
    0x0, 0x0, 0x0, 0x0, 0x0, 0x0, 0x0, 0x0,
    0x0, 0x0, 0x0, 0x0, 0x0, 0x0, 0x0, 0xff,
    0xc0, 0x0, 0x0, 0x19, 0xde, 0xd9, 0x10, 0x0,
    0xff, 0xc0, 0x0, 0x3, 0xef, 0xff, 0xff, 0xf3,
    0x0, 0xff, 0xc0, 0x0, 0xe, 0xff, 0xb8, 0xbf,
    0xfe, 0x0, 0xff, 0xc0, 0x0, 0x5f, 0xf9, 0x0,
    0x8, 0xff, 0x50, 0xff, 0xc0, 0x0, 0x8f, 0xf4,
    0x0, 0x4, 0xff, 0x80, 0xff, 0xff, 0xf2, 0x6f,
    0xf6, 0x0, 0x6, 0xff, 0x60, 0xff, 0xff, 0xf2,
    0x2f, 0xff, 0x63, 0x6e, 0xff, 0x20, 0xff, 0xd5,
    0x50, 0x7, 0xff, 0xff, 0xff, 0xf7, 0x0, 0xff,
    0xc0, 0x0, 0x0, 0x5e, 0xff, 0xfe, 0x60, 0x0,
    0xff, 0xc0, 0x0, 0x0, 0x0, 0x24, 0x20, 0x0,
    0x0, 0xff, 0xc0, 0x0, 0x0, 0xa, 0xa8, 0x0,
    0x0, 0x0, 0xff, 0xc0, 0x0, 0x0, 0xf, 0xfd,
    0x0, 0x0, 0x0, 0xff, 0xc0, 0x0, 0x0, 0xf,
    0xfd, 0x0, 0x0, 0x0, 0x0, 0x0, 0x0, 0x0,
    0xf, 0xfd, 0x0, 0x0, 0x0, 0x0, 0x0, 0x0,
    0x0, 0x1f, 0xff, 0xee, 0xee, 0xee, 0xee, 0xe5,
    0x0, 0x0, 0xf, 0xff, 0xff, 0xff, 0xff, 0xff,
    0xf6, 0x0, 0x0, 0x6, 0x66, 0x66, 0x66, 0x66,
    0x66, 0x62, 0x0,

    /* U+C54C "알" */
    0x0, 0x0, 0x0, 0x0, 0x0, 0x0, 0x11, 0x0,
    0x0, 0x0, 0x2, 0x56, 0x51, 0x0, 0x1, 0xff,
    0xc0, 0x0, 0x1, 0xbf, 0xff, 0xff, 0x80, 0x1,
    0xff, 0xc0, 0x0, 0xd, 0xff, 0xfe, 0xff, 0xf9,
    0x1, 0xff, 0xc0, 0x0, 0x5f, 0xfa, 0x0, 0x1d,
    0xff, 0x11, 0xff, 0xea, 0xa0, 0x7f, 0xf4, 0x0,
    0x8, 0xff, 0x31, 0xff, 0xff, 0xf1, 0x5f, 0xfa,
    0x0, 0x1d, 0xff, 0x11, 0xff, 0xd7, 0x70, 0xc,
    0xff, 0xfd, 0xff, 0xf8, 0x1, 0xff, 0xc0, 0x0,
    0x1, 0xaf, 0xff, 0xff, 0x70, 0x1, 0xff, 0xc0,
    0x0, 0x0, 0x1, 0x56, 0x40, 0x0, 0x1, 0xdd,
    0xa0, 0x0, 0x0, 0x14, 0x44, 0x44, 0x44, 0x44,
    0x44, 0x30, 0x0, 0x0, 0x5f, 0xff, 0xff, 0xff,
    0xff, 0xff, 0xc0, 0x0, 0x0, 0x4e, 0xee, 0xee,
    0xee, 0xee, 0xff, 0xc0, 0x0, 0x0, 0x13, 0x33,
    0x33, 0x33, 0x34, 0xff, 0xc0, 0x0, 0x0, 0x4f,
    0xff, 0xff, 0xff, 0xff, 0xff, 0xc0, 0x0, 0x0,
    0x4f, 0xfe, 0xcc, 0xcc, 0xcc, 0xcc, 0x90, 0x0,
    0x0, 0x4f, 0xfa, 0x55, 0x55, 0x55, 0x55, 0x51,
    0x0, 0x0, 0x4f, 0xff, 0xff, 0xff, 0xff, 0xff,
    0xf3, 0x0, 0x0, 0x4e, 0xee, 0xee, 0xee, 0xee,
    0xee, 0xe3, 0x0,

    /* U+C559 "앙" */
    0x0, 0x0, 0x0, 0x0, 0x0, 0x0, 0x11, 0x0,
    0x0, 0x0, 0x0, 0x1, 0x0, 0x0, 0x1, 0xff,
    0xb0, 0x0, 0x0, 0x4b, 0xff, 0xfc, 0x40, 0x1,
    0xff, 0xb0, 0x0, 0x6, 0xff, 0xff, 0xff, 0xf7,
    0x1, 0xff, 0xb0, 0x0, 0x2f, 0xff, 0x74, 0x7f,
    0xff, 0x21, 0xff, 0xc1, 0x10, 0x7f, 0xf6, 0x0,
    0x6, 0xff, 0x71, 0xff, 0xff, 0xf0, 0x7f, 0xf4,
    0x0, 0x4, 0xff, 0x71, 0xff, 0xff, 0xf0, 0x4f,
    0xfb, 0x10, 0x1b, 0xff, 0x41, 0xff, 0xb1, 0x10,
    0xb, 0xff, 0xfe, 0xff, 0xfc, 0x1, 0xff, 0xb0,
    0x0, 0x0, 0xaf, 0xff, 0xff, 0xa1, 0x1, 0xff,
    0xb0, 0x0, 0x0, 0x2, 0x68, 0x62, 0x0, 0x1,
    0xff, 0xb0, 0x0, 0x0, 0x0, 0x0, 0x14, 0x54,
    0x31, 0x55, 0x40, 0x0, 0x0, 0x0, 0x7e, 0xff,
    0xff, 0xff, 0xb3, 0x0, 0x0, 0x0, 0xb, 0xff,
    0xff, 0xee, 0xff, 0xff, 0x40, 0x0, 0x0, 0x4f,
    0xfc, 0x20, 0x0, 0x5, 0xff, 0xc0, 0x0, 0x0,
    0x6f, 0xf8, 0x0, 0x0, 0x0, 0xff, 0xd0, 0x0,
    0x0, 0x2f, 0xff, 0x96, 0x55, 0x7c, 0xff, 0x90,
    0x0, 0x0, 0x5, 0xff, 0xff, 0xff, 0xff, 0xfb,
    0x0, 0x0, 0x0, 0x0, 0x17, 0xbd, 0xed, 0xc9,
    0x40, 0x0, 0x0,

    /* U+C55E "앞" */
    0x0, 0x0, 0x0, 0x0, 0x0, 0x0, 0x0, 0x0,
    0x0, 0x0, 0x0, 0x12, 0x10, 0x0, 0x0, 0xff,
    0xc0, 0x0, 0x0, 0x5d, 0xff, 0xfd, 0x50, 0x0,
    0xff, 0xc0, 0x0, 0x8, 0xff, 0xff, 0xff, 0xf7,
    0x0, 0xff, 0xc0, 0x0, 0x2f, 0xfe, 0x52, 0x6f,
    0xff, 0x10, 0xff, 0xd3, 0x30, 0x7f, 0xf5, 0x0,
    0x7, 0xff, 0x50, 0xff, 0xff, 0xf2, 0x7f, 0xf4,
    0x0, 0x6, 0xff, 0x60, 0xff, 0xff, 0xf2, 0x4f,
    0xfc, 0x10, 0x1d, 0xff, 0x20, 0xff, 0xc0, 0x0,
    0xb, 0xff, 0xfe, 0xff, 0xfa, 0x0, 0xff, 0xc0,
    0x0, 0x0, 0xaf, 0xff, 0xff, 0x90, 0x0, 0xff,
    0xc0, 0x0, 0x0, 0x2, 0x67, 0x62, 0x0, 0x0,
    0xdd, 0xa0, 0x0, 0x0, 0x18, 0x88, 0x88, 0x88,
    0x88, 0x88, 0x80, 0x0, 0x0, 0x2f, 0xff, 0xff,
    0xff, 0xff, 0xff, 0xf0, 0x0, 0x0, 0x1b, 0xbf,
    0xfe, 0xbb, 0xff, 0xfb, 0xb0, 0x0, 0x0, 0x0,
    0x1f, 0xfa, 0x0, 0xcf, 0xf0, 0x0, 0x0, 0x0,
    0x0, 0x1f, 0xfa, 0x0, 0xcf, 0xf0, 0x0, 0x0,
    0x0, 0x4d, 0xef, 0xff, 0xdd, 0xff, 0xfd, 0xd3,
    0x0, 0x0, 0x5f, 0xff, 0xff, 0xff, 0xff, 0xff,
    0xf3, 0x0, 0x0, 0x16, 0x66, 0x66, 0x66, 0x66,
    0x66, 0x61, 0x0,

    /* U+C5C6 "없" */
    0x0, 0x0, 0x0, 0x0, 0x0, 0x0, 0x1, 0x10,
    0x0, 0x0, 0x1, 0x46, 0x51, 0x0, 0x0, 0x1f,
    0xfa, 0x0, 0x0, 0x8f, 0xff, 0xff, 0x80, 0x0,
    0x1f, 0xfa, 0x0, 0x8, 0xff, 0xfe, 0xff, 0xf8,
    0x0, 0x1f, 0xfa, 0x0, 0xf, 0xfd, 0x20, 0x2d,
    0xff, 0x55, 0x5f, 0xfa, 0x0, 0x3f, 0xf7, 0x0,
    0x7, 0xff, 0xff, 0xff, 0xfa, 0x0, 0x2f, 0xf8,
    0x0, 0x8, 0xff, 0xff, 0xff, 0xfa, 0x0, 0xe,
    0xff, 0x63, 0x6f, 0xfe, 0x0, 0x1f, 0xfa, 0x0,
    0x4, 0xff, 0xff, 0xff, 0xf4, 0x0, 0x1f, 0xfa,
    0x0, 0x0, 0x3b, 0xff, 0xfc, 0x30, 0x0, 0x1f,
    0xfa, 0x0, 0x0, 0x0, 0x1, 0x0, 0x0, 0x0,
    0x7, 0x74, 0x0, 0x0, 0x25, 0x50, 0x25, 0x50,
    0x1, 0x99, 0x50, 0x0, 0x0, 0x7f, 0xf0, 0x8f,
    0xf1, 0x3, 0xff, 0xa0, 0x0, 0x0, 0x7f, 0xff,
    0xff, 0xf1, 0x4, 0xff, 0xa0, 0x0, 0x0, 0x7f,
    0xff, 0xff, 0xf1, 0x8, 0xff, 0xe0, 0x0, 0x0,
    0x7f, 0xf2, 0x9f, 0xf1, 0x3f, 0xff, 0xf7, 0x0,
    0x0, 0x7f, 0xf4, 0x9f, 0xf7, 0xff, 0xfd, 0xff,
    0x81, 0x0, 0x7f, 0xff, 0xff, 0xfe, 0xff, 0x52,
    0xff, 0xf3, 0x0, 0x6e, 0xee, 0xee, 0xe4, 0xd4,
    0x0, 0x2c, 0x80, 0x0, 0x0, 0x0, 0x0, 0x0,
    0x0, 0x0, 0x0, 0x0,

    /* U+C5D0 "에" */
    0x0, 0x0, 0x0, 0x0, 0x0, 0x0, 0x0, 0x0,
    0x0, 0x0, 0x0, 0x0, 0x0, 0x2d, 0xd3, 0xaf,
    0xf1, 0x0, 0x1a, 0xdb, 0x40, 0x3, 0xff, 0x4a,
    0xff, 0x10, 0x1e, 0xff, 0xff, 0x40, 0x3f, 0xf4,
    0xaf, 0xf1, 0x9, 0xff, 0xef, 0xfe, 0x3, 0xff,
    0x4a, 0xff, 0x10, 0xff, 0xb0, 0x6f, 0xf4, 0x3f,
    0xf4, 0xaf, 0xf1, 0x3f, 0xf5, 0x0, 0xff, 0x83,
    0xff, 0x4a, 0xff, 0x15, 0xff, 0x30, 0xe, 0xfd,
    0xaf, 0xf4, 0xaf, 0xf1, 0x6f, 0xf3, 0x0, 0xdf,
    0xff, 0xff, 0x4a, 0xff, 0x16, 0xff, 0x30, 0xe,
    0xfe, 0xcf, 0xf4, 0xaf, 0xf1, 0x4f, 0xf4, 0x0,
    0xff, 0x93, 0xff, 0x4a, 0xff, 0x11, 0xff, 0x80,
    0x3f, 0xf6, 0x3f, 0xf4, 0xaf, 0xf1, 0xc, 0xff,
    0x6c, 0xff, 0x13, 0xff, 0x4a, 0xff, 0x10, 0x5f,
    0xff, 0xff, 0x90, 0x3f, 0xf4, 0xaf, 0xf1, 0x0,
    0x7f, 0xff, 0xb0, 0x3, 0xff, 0x4a, 0xff, 0x10,
    0x0, 0x15, 0x30, 0x0, 0x3f, 0xf4, 0xaf, 0xf1,
    0x0, 0x0, 0x0, 0x0, 0x3, 0xff, 0x4a, 0xff,
    0x10, 0x0, 0x0, 0x0, 0x0, 0x3f, 0xf4, 0xaf,
    0xf1, 0x0, 0x0, 0x0, 0x0, 0x0, 0x11, 0x8,
    0xee, 0x0,

    /* U+C5F0 "연" */
    0x0, 0x0, 0x0, 0x0, 0x0, 0x0, 0xd, 0xd9,
    0x0, 0x0, 0x5a, 0xcb, 0x71, 0x0, 0x1, 0xff,
    0xb0, 0x0, 0xcf, 0xff, 0xff, 0xe7, 0x66, 0x7f,
    0xfb, 0x0, 0x9f, 0xfe, 0xbd, 0xff, 0xff, 0xff,
    0xff, 0xb0, 0x1f, 0xfd, 0x0, 0x9, 0xff, 0xed,
    0xdf, 0xfb, 0x3, 0xff, 0x70, 0x0, 0x2f, 0xf8,
    0x1, 0xff, 0xb0, 0x2f, 0xf8, 0x0, 0x4, 0xff,
    0x93, 0x4f, 0xfb, 0x0, 0xef, 0xf6, 0x24, 0xdf,
    0xff, 0xff, 0xff, 0xb0, 0x5, 0xff, 0xff, 0xff,
    0xff, 0xff, 0xff, 0xfb, 0x0, 0x5, 0xef, 0xff,
    0xf8, 0x0, 0x1, 0xff, 0xb0, 0x0, 0x0, 0x35,
    0x41, 0x0, 0x0, 0x1f, 0xfb, 0x0, 0x0, 0x28,
    0x85, 0x0, 0x0, 0x1, 0xff, 0xb0, 0x0, 0x4,
    0xff, 0xb0, 0x0, 0x0, 0x1f, 0xfb, 0x0, 0x0,
    0x4f, 0xfb, 0x0, 0x0, 0x0, 0x0, 0x0, 0x0,
    0x4, 0xff, 0xb0, 0x0, 0x0, 0x0, 0x0, 0x0,
    0x0, 0x4f, 0xff, 0xee, 0xee, 0xee, 0xee, 0xe2,
    0x0, 0x4, 0xff, 0xff, 0xff, 0xff, 0xff, 0xff,
    0x20, 0x0, 0x16, 0x66, 0x66, 0x66, 0x66, 0x66,
    0x60,

    /* U+C601 "영" */
    0x0, 0x0, 0x0, 0x0, 0x0, 0x0, 0x4, 0x43,
    0x0, 0x0, 0x34, 0x30, 0x0, 0x0, 0xf, 0xfc,
    0x0, 0x5e, 0xff, 0xfd, 0x40, 0x0, 0xf, 0xfc,
    0x5, 0xff, 0xff, 0xff, 0xff, 0xff, 0xff, 0xfc,
    0xe, 0xff, 0x51, 0x6f, 0xff, 0xff, 0xff, 0xfc,
    0x2f, 0xf8, 0x0, 0xa, 0xff, 0x54, 0x4f, 0xfc,
    0x3f, 0xf7, 0x0, 0x9, 0xff, 0x10, 0xf, 0xfc,
    0x1f, 0xfb, 0x0, 0xd, 0xff, 0xdd, 0xdf, 0xfc,
    0xa, 0xff, 0xc8, 0xdf, 0xff, 0xff, 0xff, 0xfc,
    0x1, 0xdf, 0xff, 0xff, 0xc8, 0x88, 0x8f, 0xfc,
    0x0, 0x7, 0xcd, 0xb6, 0x0, 0x0, 0xf, 0xfc,
    0x0, 0x0, 0x0, 0x1, 0x33, 0x31, 0x6, 0x65,
    0x0, 0x0, 0x18, 0xef, 0xff, 0xff, 0xe9, 0x20,
    0x0, 0x1, 0xdf, 0xff, 0xee, 0xef, 0xff, 0xf3,
    0x0, 0x8, 0xff, 0x71, 0x0, 0x1, 0x7f, 0xfb,
    0x0, 0xa, 0xff, 0x0, 0x0, 0x0, 0xf, 0xfd,
    0x0, 0x6, 0xff, 0xd7, 0x54, 0x57, 0xcf, 0xf9,
    0x0, 0x0, 0x9f, 0xff, 0xff, 0xff, 0xff, 0xb0,
    0x0, 0x0, 0x2, 0x8b, 0xde, 0xdc, 0x94, 0x0,

    /* U+C694 "요" */
    0x0, 0x0, 0x0, 0x13, 0x43, 0x10, 0x0, 0x0,
    0x0, 0x0, 0x5, 0xcf, 0xff, 0xff, 0xd6, 0x0,
    0x0, 0x0, 0xb, 0xff, 0xff, 0xff, 0xff, 0xfc,
    0x0, 0x0, 0x8, 0xff, 0xc4, 0x0, 0x3, 0xbf,
    0xfa, 0x0, 0x0, 0xff, 0xe0, 0x0, 0x0, 0x0,
    0xdf, 0xf1, 0x0, 0x2f, 0xfa, 0x0, 0x0, 0x0,
    0x9, 0xff, 0x30, 0x0, 0xff, 0xd0, 0x0, 0x0,
    0x0, 0xcf, 0xf1, 0x0, 0xa, 0xff, 0x90, 0x0,
    0x0, 0x8f, 0xfc, 0x0, 0x0, 0x1d, 0xff, 0xfc,
    0xbc, 0xff, 0xfe, 0x20, 0x0, 0x0, 0x1f, 0xff,
    0xff, 0xff, 0xff, 0x30, 0x0, 0x0, 0x0, 0xff,
    0xd6, 0x76, 0xdf, 0xf2, 0x0, 0x0, 0x0, 0xf,
    0xfb, 0x0, 0xb, 0xff, 0x20, 0x0, 0x0, 0x0,
    0xff, 0xb0, 0x0, 0xbf, 0xf2, 0x0, 0x3, 0x77,
    0x7f, 0xfd, 0x77, 0x7d, 0xff, 0x87, 0x74, 0x8f,
    0xff, 0xff, 0xff, 0xff, 0xff, 0xff, 0xff, 0xa6,
    0xdd, 0xdd, 0xdd, 0xdd, 0xdd, 0xdd, 0xdd, 0xd8,

    /* U+C6B4 "운" */
    0x0, 0x0, 0x17, 0xac, 0xdd, 0xb8, 0x30, 0x0,
    0x0, 0x0, 0x8f, 0xff, 0xff, 0xff, 0xff, 0xb1,
    0x0, 0x0, 0x7f, 0xff, 0xa6, 0x56, 0x8e, 0xff,
    0xb0, 0x0, 0xd, 0xff, 0x40, 0x0, 0x0, 0x1f,
    0xff, 0x10, 0x0, 0xdf, 0xf4, 0x0, 0x0, 0x1,
    0xff, 0xf1, 0x0, 0x7, 0xff, 0xfa, 0x76, 0x69,
    0xef, 0xfb, 0x0, 0x0, 0x8, 0xff, 0xff, 0xff,
    0xff, 0xfb, 0x10, 0x0, 0x0, 0x2, 0x7b, 0xdd,
    0xdb, 0x83, 0x0, 0x0, 0x47, 0x77, 0x77, 0x77,
    0x77, 0x77, 0x77, 0x77, 0x4b, 0xff, 0xff, 0xff,
    0xff, 0xff, 0xff, 0xff, 0xfb, 0x8c, 0xcc, 0xcc,
    0xcf, 0xff, 0xcc, 0xcc, 0xcc, 0x80, 0x0, 0x0,
    0x0, 0xcf, 0xf1, 0x0, 0x0, 0x0, 0x0, 0x8d,
    0xd2, 0xc, 0xff, 0x10, 0x0, 0x0, 0x0, 0xa,
    0xff, 0x30, 0x8b, 0xb0, 0x0, 0x0, 0x0, 0x0,
    0xaf, 0xf3, 0x0, 0x0, 0x0, 0x0, 0x0, 0x0,
    0xb, 0xff, 0xcb, 0xbb, 0xbb, 0xbb, 0xbb, 0x0,
    0x0, 0xaf, 0xff, 0xff, 0xff, 0xff, 0xff, 0xf0,
    0x0, 0x6, 0x99, 0x99, 0x99, 0x99, 0x99, 0x99,
    0x0,

    /* U+C6C0 "움" */
    0x0, 0x0, 0x38, 0xbd, 0xdd, 0xb9, 0x40, 0x0,
    0x0, 0x0, 0xaf, 0xff, 0xff, 0xff, 0xff, 0xd2,
    0x0, 0x0, 0xaf, 0xfd, 0x75, 0x44, 0x6b, 0xff,
    0xd0, 0x0, 0xe, 0xff, 0x0, 0x0, 0x0, 0xd,
    0xff, 0x20, 0x0, 0xcf, 0xf9, 0x30, 0x0, 0x27,
    0xff, 0xf0, 0x0, 0x2, 0xef, 0xff, 0xff, 0xff,
    0xff, 0xf5, 0x0, 0x0, 0x0, 0x7c, 0xff, 0xff,
    0xfd, 0x82, 0x0, 0x1, 0x33, 0x33, 0x33, 0x45,
    0x53, 0x33, 0x33, 0x33, 0x8f, 0xff, 0xff, 0xff,
    0xff, 0xff, 0xff, 0xff, 0xd8, 0xff, 0xff, 0xff,
    0xff, 0xff, 0xff, 0xff, 0xfd, 0x0, 0x0, 0x0,
    0xc, 0xff, 0x0, 0x0, 0x0, 0x0, 0x6, 0x99,
    0x99, 0xef, 0xf9, 0x99, 0x98, 0x0, 0x0, 0xaf,
    0xff, 0xff, 0xff, 0xff, 0xff, 0xd0, 0x0, 0xa,
    0xff, 0xa9, 0x99, 0x99, 0x9f, 0xfd, 0x0, 0x0,
    0xaf, 0xf1, 0x0, 0x0, 0x0, 0xef, 0xd0, 0x0,
    0xa, 0xff, 0x65, 0x55, 0x55, 0x5f, 0xfd, 0x0,
    0x0, 0xaf, 0xff, 0xff, 0xff, 0xff, 0xff, 0xd0,
    0x0, 0x9, 0xee, 0xee, 0xee, 0xee, 0xee, 0xec,
    0x0,

    /* U+C6D0 "원" */
    0x0, 0x0, 0x3, 0x32, 0x0, 0x0, 0xc, 0xda,
    0x0, 0x1, 0xaf, 0xff, 0xfd, 0x50, 0x0, 0xff,
    0xd0, 0x0, 0xcf, 0xfe, 0xdf, 0xff, 0x50, 0xf,
    0xfd, 0x0, 0x3f, 0xf9, 0x0, 0x1f, 0xfb, 0x0,
    0xff, 0xd0, 0x2, 0xff, 0xb2, 0x15, 0xff, 0xb0,
    0xf, 0xfd, 0x0, 0x9, 0xff, 0xff, 0xff, 0xf3,
    0x0, 0xff, 0xd0, 0x0, 0x5, 0xbe, 0xfd, 0x92,
    0x0, 0xf, 0xfd, 0x1, 0x33, 0x44, 0x45, 0x67,
    0x89, 0xa0, 0xff, 0xd0, 0x6f, 0xff, 0xff, 0xff,
    0xff, 0xff, 0xf, 0xfd, 0x4, 0xff, 0xff, 0xff,
    0xfb, 0x98, 0x50, 0xff, 0xd0, 0x0, 0x0, 0xe,
    0xfe, 0x3, 0xbb, 0xbf, 0xfd, 0x0, 0x0, 0x0,
    0xef, 0xe0, 0x5f, 0xff, 0xff, 0xd0, 0x0, 0x6e,
    0xef, 0xfe, 0x0, 0x11, 0x1f, 0xfd, 0x0, 0x6,
    0xff, 0x70, 0x0, 0x0, 0x0, 0x77, 0x60, 0x0,
    0x6f, 0xf7, 0x0, 0x0, 0x0, 0x0, 0x0, 0x0,
    0x7, 0xff, 0xda, 0xaa, 0xaa, 0xaa, 0xaa, 0xa2,
    0x0, 0x6f, 0xff, 0xff, 0xff, 0xff, 0xff, 0xff,
    0x30, 0x3, 0x99, 0x99, 0x99, 0x99, 0x99, 0x99,
    0x92,

    /* U+C704 "위" */
    0x0, 0x0, 0x0, 0x0, 0x0, 0x0, 0x0, 0x0,
    0x0, 0x0, 0x14, 0x53, 0x0, 0x0, 0x1f, 0xfb,
    0x0, 0x1a, 0xff, 0xff, 0xe6, 0x0, 0x1f, 0xfb,
    0x0, 0xdf, 0xff, 0xef, 0xff, 0x60, 0x1f, 0xfb,
    0x5, 0xff, 0xa0, 0x2, 0xef, 0xd0, 0x1f, 0xfb,
    0x7, 0xff, 0x40, 0x0, 0xaf, 0xf0, 0x1f, 0xfb,
    0x5, 0xff, 0xa0, 0x3, 0xef, 0xd0, 0x1f, 0xfb,
    0x0, 0xdf, 0xff, 0xff, 0xff, 0x60, 0x1f, 0xfb,
    0x0, 0x1a, 0xff, 0xff, 0xe6, 0x0, 0x1f, 0xfb,
    0x0, 0x0, 0x14, 0x53, 0x0, 0x24, 0x1f, 0xfb,
    0x5b, 0xbb, 0xcc, 0xde, 0xff, 0xff, 0x1f, 0xfb,
    0x5f, 0xff, 0xff, 0xff, 0xff, 0xfc, 0x1f, 0xfb,
    0x19, 0x88, 0x8f, 0xfd, 0x32, 0x0, 0x1f, 0xfb,
    0x0, 0x0, 0xf, 0xfc, 0x0, 0x0, 0x1f, 0xfb,
    0x0, 0x0, 0xf, 0xfc, 0x0, 0x0, 0x1f, 0xfb,
    0x0, 0x0, 0xf, 0xfc, 0x0, 0x0, 0x1f, 0xfb,
    0x0, 0x0, 0xf, 0xfc, 0x0, 0x0, 0x1f, 0xfb,
    0x0, 0x0, 0xf, 0xfc, 0x0, 0x0, 0x1f, 0xfb,
    0x0, 0x0, 0x5, 0x54, 0x0, 0x0, 0x1d, 0xd9,

    /* U+C720 "유" */
    0x0, 0x0, 0x0, 0x35, 0x55, 0x30, 0x0, 0x0,
    0x0, 0x0, 0x2a, 0xff, 0xff, 0xff, 0xfb, 0x30,
    0x0, 0x0, 0x3f, 0xff, 0xfe, 0xde, 0xff, 0xff,
    0x50, 0x0, 0xc, 0xff, 0x91, 0x0, 0x1, 0x7f,
    0xfe, 0x0, 0x0, 0xff, 0xf0, 0x0, 0x0, 0x0,
    0xdf, 0xf1, 0x0, 0xc, 0xff, 0x81, 0x0, 0x0,
    0x7f, 0xfe, 0x0, 0x0, 0x3f, 0xff, 0xfe, 0xde,
    0xff, 0xff, 0x50, 0x0, 0x0, 0x2a, 0xff, 0xff,
    0xff, 0xfb, 0x30, 0x0, 0x0, 0x0, 0x0, 0x34,
    0x55, 0x30, 0x0, 0x0, 0x2, 0x44, 0x44, 0x44,
    0x44, 0x44, 0x44, 0x44, 0x43, 0x8f, 0xff, 0xff,
    0xff, 0xff, 0xff, 0xff, 0xff, 0xc8, 0xff, 0xff,
    0xff, 0xff, 0xff, 0xff, 0xff, 0xfc, 0x0, 0x0,
    0xff, 0xe0, 0x0, 0xcf, 0xf1, 0x0, 0x0, 0x0,
    0xf, 0xfe, 0x0, 0xc, 0xff, 0x10, 0x0, 0x0,
    0x0, 0xff, 0xe0, 0x0, 0xcf, 0xf1, 0x0, 0x0,
    0x0, 0xf, 0xfe, 0x0, 0xc, 0xff, 0x10, 0x0,
    0x0, 0x0, 0xff, 0xe0, 0x0, 0xcf, 0xf1, 0x0,
    0x0, 0x0, 0xb, 0xca, 0x0, 0x9, 0xcc, 0x0,
    0x0,

    /* U+C740 "은" */
    0x0, 0x0, 0x0, 0x24, 0x55, 0x31, 0x0, 0x0,
    0x0, 0x0, 0x19, 0xff, 0xff, 0xff, 0xfc, 0x50,
    0x0, 0x0, 0x2e, 0xff, 0xfe, 0xde, 0xff, 0xff,
    0x90, 0x0, 0xb, 0xff, 0x91, 0x0, 0x0, 0x4e,
    0xff, 0x20, 0x0, 0xcf, 0xf2, 0x0, 0x0, 0x0,
    0xbf, 0xf4, 0x0, 0x7, 0xff, 0xe9, 0x65, 0x67,
    0xbf, 0xfe, 0x0, 0x0, 0x9, 0xff, 0xff, 0xff,
    0xff, 0xfe, 0x30, 0x0, 0x0, 0x2, 0x8b, 0xde,
    0xed, 0xa5, 0x0, 0x0, 0x0, 0x0, 0x0, 0x0,
    0x0, 0x0, 0x0, 0x0, 0x6, 0xff, 0xff, 0xff,
    0xff, 0xff, 0xff, 0xff, 0xfe, 0x6f, 0xff, 0xff,
    0xff, 0xff, 0xff, 0xff, 0xff, 0xe1, 0x44, 0x44,
    0x44, 0x44, 0x44, 0x44, 0x44, 0x43, 0x0, 0x5b,
    0xb3, 0x0, 0x0, 0x0, 0x0, 0x0, 0x0, 0x7,
    0xff, 0x50, 0x0, 0x0, 0x0, 0x0, 0x0, 0x0,
    0x7f, 0xf5, 0x0, 0x0, 0x0, 0x0, 0x0, 0x0,
    0x7, 0xff, 0xdb, 0xbb, 0xbb, 0xbb, 0xbb, 0x0,
    0x0, 0x7f, 0xff, 0xff, 0xff, 0xff, 0xff, 0xf0,
    0x0, 0x4, 0x88, 0x88, 0x88, 0x88, 0x88, 0x88,
    0x0,

    /* U+C744 "을" */
    0x0, 0x0, 0x49, 0xbd, 0xdd, 0xca, 0x72, 0x0,
    0x0, 0x2, 0xdf, 0xff, 0xff, 0xff, 0xff, 0xf7,
    0x0, 0x0, 0xbf, 0xfa, 0x53, 0x33, 0x46, 0xef,
    0xf2, 0x0, 0xc, 0xff, 0x50, 0x0, 0x0, 0x1c,
    0xff, 0x40, 0x0, 0x5f, 0xff, 0xfe, 0xdd, 0xef,
    0xff, 0xc0, 0x0, 0x0, 0x39, 0xef, 0xff, 0xff,
    0xfc, 0x60, 0x0, 0x1, 0x11, 0x11, 0x23, 0x44,
    0x31, 0x11, 0x11, 0x16, 0xff, 0xff, 0xff, 0xff,
    0xff, 0xff, 0xff, 0xfe, 0x6f, 0xff, 0xff, 0xff,
    0xff, 0xff, 0xff, 0xff, 0xe1, 0x33, 0x33, 0x33,
    0x33, 0x33, 0x33, 0x33, 0x32, 0x0, 0x8f, 0xff,
    0xff, 0xff, 0xff, 0xff, 0xe0, 0x0, 0x8, 0xff,
    0xff, 0xff, 0xff, 0xff, 0xff, 0x0, 0x0, 0x24,
    0x44, 0x44, 0x44, 0x44, 0xdf, 0xf0, 0x0, 0x8,
    0xff, 0xff, 0xff, 0xff, 0xff, 0xff, 0x0, 0x0,
    0x8f, 0xfb, 0xaa, 0xaa, 0xaa, 0xaa, 0xa0, 0x0,
    0x9, 0xff, 0xa8, 0x88, 0x88, 0x88, 0x88, 0x30,
    0x0, 0x8f, 0xff, 0xff, 0xff, 0xff, 0xff, 0xf6,
    0x0, 0x4, 0x88, 0x88, 0x88, 0x88, 0x88, 0x88,
    0x30,

    /* U+C74C "음" */
    0x0, 0x0, 0x27, 0xbc, 0xdd, 0xc9, 0x50, 0x0,
    0x0, 0x0, 0x9f, 0xff, 0xff, 0xff, 0xff, 0xe3,
    0x0, 0x0, 0x8f, 0xfe, 0x85, 0x55, 0x6b, 0xff,
    0xe1, 0x0, 0xc, 0xff, 0x20, 0x0, 0x0, 0xa,
    0xff, 0x40, 0x0, 0xaf, 0xfa, 0x30, 0x0, 0x15,
    0xef, 0xf2, 0x0, 0x2, 0xef, 0xff, 0xff, 0xff,
    0xff, 0xf8, 0x0, 0x0, 0x0, 0x7c, 0xff, 0xff,
    0xfe, 0xa3, 0x0, 0x0, 0x0, 0x0, 0x0, 0x22,
    0x21, 0x0, 0x0, 0x0, 0x6f, 0xff, 0xff, 0xff,
    0xff, 0xff, 0xff, 0xff, 0xe6, 0xff, 0xff, 0xff,
    0xff, 0xff, 0xff, 0xff, 0xfe, 0x14, 0x44, 0x44,
    0x44, 0x44, 0x44, 0x44, 0x44, 0x40, 0x2, 0x44,
    0x44, 0x44, 0x44, 0x44, 0x44, 0x0, 0x0, 0x8f,
    0xff, 0xff, 0xff, 0xff, 0xff, 0xf0, 0x0, 0x8,
    0xff, 0xff, 0xff, 0xff, 0xff, 0xff, 0x0, 0x0,
    0x8f, 0xf3, 0x0, 0x0, 0x0, 0xcf, 0xf0, 0x0,
    0x8, 0xff, 0x75, 0x55, 0x55, 0x5d, 0xff, 0x0,
    0x0, 0x8f, 0xff, 0xff, 0xff, 0xff, 0xff, 0xf0,
    0x0, 0x7, 0xee, 0xee, 0xee, 0xee, 0xee, 0xee,
    0x0,

    /* U+C751 "응" */
    0x0, 0x0, 0x27, 0xac, 0xdd, 0xc9, 0x50, 0x0,
    0x0, 0x0, 0x9f, 0xff, 0xff, 0xff, 0xff, 0xd3,
    0x0, 0x0, 0x7f, 0xfe, 0x85, 0x55, 0x6a, 0xff,
    0xe0, 0x0, 0xc, 0xff, 0x20, 0x0, 0x0, 0xa,
    0xff, 0x40, 0x0, 0xaf, 0xf8, 0x10, 0x0, 0x4,
    0xef, 0xf2, 0x0, 0x2, 0xef, 0xff, 0xed, 0xef,
    0xff, 0xf9, 0x0, 0x0, 0x1, 0x9e, 0xff, 0xff,
    0xff, 0xc5, 0x0, 0x0, 0x0, 0x0, 0x2, 0x34,
    0x43, 0x0, 0x0, 0x0, 0x5e, 0xee, 0xee, 0xee,
    0xee, 0xee, 0xee, 0xee, 0xc6, 0xff, 0xff, 0xff,
    0xff, 0xff, 0xff, 0xff, 0xfe, 0x25, 0x55, 0x55,
    0x55, 0x55, 0x55, 0x55, 0x55, 0x40, 0x0, 0x2,
    0x8b, 0xdd, 0xdc, 0x95, 0x0, 0x0, 0x0, 0x9,
    0xff, 0xff, 0xff, 0xff, 0xfd, 0x20, 0x0, 0x5,
    0xff, 0xd7, 0x44, 0x45, 0xaf, 0xfc, 0x0, 0x0,
    0x8f, 0xf5, 0x0, 0x0, 0x0, 0xef, 0xf0, 0x0,
    0x5, 0xff, 0xd7, 0x43, 0x45, 0xaf, 0xfc, 0x0,
    0x0, 0x9, 0xff, 0xff, 0xff, 0xff, 0xfd, 0x20,
    0x0, 0x0, 0x3, 0x8b, 0xde, 0xdc, 0xa5, 0x0,
    0x0,

    /* U+C758 "의" */
    0x0, 0x0, 0x0, 0x0, 0x0, 0x0, 0x0, 0x0,
    0x0, 0x0, 0x0, 0x0, 0x0, 0x0, 0x1f, 0xfb,
    0x0, 0x2, 0x9d, 0xdb, 0x60, 0x0, 0x1f, 0xfb,
    0x0, 0x6f, 0xff, 0xff, 0xfc, 0x10, 0x1f, 0xfb,
    0x3, 0xff, 0xfa, 0x9d, 0xff, 0xa0, 0x1f, 0xfb,
    0x9, 0xff, 0x50, 0x0, 0xdf, 0xf1, 0x1f, 0xfb,
    0xc, 0xff, 0x0, 0x0, 0x8f, 0xf3, 0x1f, 0xfb,
    0xa, 0xff, 0x40, 0x0, 0xbf, 0xf2, 0x1f, 0xfb,
    0x4, 0xff, 0xe7, 0x6b, 0xff, 0xc0, 0x1f, 0xfb,
    0x0, 0x9f, 0xff, 0xff, 0xfe, 0x20, 0x1f, 0xfb,
    0x0, 0x5, 0xcf, 0xfe, 0x91, 0x0, 0x1f, 0xfb,
    0x0, 0x0, 0x0, 0x0, 0x0, 0x0, 0x1f, 0xfb,
    0x0, 0x0, 0x0, 0x1, 0x23, 0x46, 0x1f, 0xfb,
    0x5e, 0xee, 0xff, 0xff, 0xff, 0xff, 0x1f, 0xfb,
    0x4f, 0xff, 0xff, 0xff, 0xff, 0xda, 0x2f, 0xfb,
    0x15, 0x55, 0x44, 0x32, 0x0, 0x0, 0x1f, 0xfb,
    0x0, 0x0, 0x0, 0x0, 0x0, 0x0, 0x1f, 0xfb,
    0x0, 0x0, 0x0, 0x0, 0x0, 0x0, 0x1f, 0xfb,
    0x0, 0x0, 0x0, 0x0, 0x0, 0x0, 0x1f, 0xfa,

    /* U+C774 "이" */
    0x0, 0x0, 0x0, 0x0, 0x0, 0x0, 0x0, 0x0,
    0x0, 0x0, 0x0, 0x0, 0x0, 0x0, 0x1f, 0xfc,
    0x0, 0x2, 0x9c, 0xb6, 0x0, 0x0, 0x1f, 0xfc,
    0x0, 0x5f, 0xff, 0xff, 0xb0, 0x0, 0x1f, 0xfc,
    0x1, 0xff, 0xfc, 0xef, 0xf8, 0x0, 0x1f, 0xfc,
    0x8, 0xff, 0x60, 0xd, 0xff, 0x0, 0x1f, 0xfc,
    0xd, 0xfe, 0x0, 0x7, 0xff, 0x40, 0x1f, 0xfc,
    0xf, 0xfb, 0x0, 0x4, 0xff, 0x60, 0x1f, 0xfc,
    0xf, 0xfa, 0x0, 0x3, 0xff, 0x70, 0x1f, 0xfc,
    0xf, 0xfb, 0x0, 0x4, 0xff, 0x70, 0x1f, 0xfc,
    0xe, 0xfe, 0x0, 0x6, 0xff, 0x50, 0x1f, 0xfc,
    0x9, 0xff, 0x40, 0xc, 0xff, 0x10, 0x1f, 0xfc,
    0x3, 0xff, 0xe8, 0xbf, 0xfa, 0x0, 0x1f, 0xfc,
    0x0, 0x8f, 0xff, 0xff, 0xe1, 0x0, 0x1f, 0xfc,
    0x0, 0x6, 0xdf, 0xfa, 0x10, 0x0, 0x1f, 0xfc,
    0x0, 0x0, 0x0, 0x0, 0x0, 0x0, 0x1f, 0xfc,
    0x0, 0x0, 0x0, 0x0, 0x0, 0x0, 0x1f, 0xfc,
    0x0, 0x0, 0x0, 0x0, 0x0, 0x0, 0x1f, 0xfc,
    0x0, 0x0, 0x0, 0x0, 0x0, 0x0, 0x1f, 0xfb,

    /* U+C778 "인" */
    0x0, 0x0, 0x0, 0x0, 0x0, 0x0, 0x0, 0x0,
    0x0, 0x0, 0x0, 0x0, 0x0, 0x0, 0x1, 0xff,
    0xc0, 0x0, 0x7, 0xdf, 0xea, 0x30, 0x0, 0x1f,
    0xfc, 0x0, 0x1d, 0xff, 0xff, 0xff, 0x60, 0x1,
    0xff, 0xc0, 0xb, 0xff, 0xc7, 0x8f, 0xff, 0x30,
    0x1f, 0xfc, 0x1, 0xff, 0xc0, 0x0, 0x5f, 0xf8,
    0x1, 0xff, 0xc0, 0x3f, 0xf8, 0x0, 0x1, 0xff,
    0xa0, 0x1f, 0xfc, 0x1, 0xff, 0xc0, 0x0, 0x5f,
    0xf9, 0x1, 0xff, 0xc0, 0xc, 0xff, 0xb6, 0x8f,
    0xff, 0x30, 0x1f, 0xfc, 0x0, 0x2e, 0xff, 0xff,
    0xff, 0x70, 0x1, 0xff, 0xc0, 0x0, 0x19, 0xef,
    0xfb, 0x40, 0x0, 0x1f, 0xfc, 0x0, 0x0, 0x0,
    0x0, 0x0, 0x0, 0x1, 0xff, 0xc0, 0x0, 0x6,
    0xbb, 0x30, 0x0, 0x0, 0x1f, 0xfc, 0x0, 0x0,
    0x8f, 0xf5, 0x0, 0x0, 0x0, 0xcc, 0x90, 0x0,
    0x8, 0xff, 0x50, 0x0, 0x0, 0x0, 0x0, 0x0,
    0x0, 0x8f, 0xf5, 0x0, 0x0, 0x0, 0x0, 0x0,
    0x0, 0x9, 0xff, 0xee, 0xee, 0xee, 0xee, 0xee,
    0x20, 0x0, 0x8f, 0xff, 0xff, 0xff, 0xff, 0xff,
    0xf3, 0x0, 0x3, 0x66, 0x66, 0x66, 0x66, 0x66,
    0x66, 0x10,

    /* U+C785 "입" */
    0x0, 0x0, 0x0, 0x0, 0x0, 0x0, 0x0, 0x0,
    0x0, 0x0, 0x35, 0x41, 0x0, 0x0, 0x1f, 0xfc,
    0x0, 0x5e, 0xff, 0xff, 0xa1, 0x0, 0x1f, 0xfc,
    0x6, 0xff, 0xff, 0xff, 0xfc, 0x0, 0x1f, 0xfc,
    0xe, 0xff, 0x50, 0x2b, 0xff, 0x60, 0x1f, 0xfc,
    0x3f, 0xf9, 0x0, 0x2, 0xff, 0xa0, 0x1f, 0xfc,
    0x2f, 0xf9, 0x0, 0x3, 0xff, 0xa0, 0x1f, 0xfc,
    0xe, 0xff, 0x62, 0x3c, 0xff, 0x50, 0x1f, 0xfc,
    0x4, 0xff, 0xff, 0xff, 0xfb, 0x0, 0x1f, 0xfc,
    0x0, 0x3c, 0xff, 0xfe, 0x70, 0x0, 0x1f, 0xfc,
    0x0, 0x0, 0x2, 0x20, 0x0, 0x0, 0x9, 0x97,
    0x0, 0x3, 0x77, 0x20, 0x0, 0x0, 0x7, 0x75,
    0x0, 0x8, 0xff, 0x62, 0x22, 0x22, 0x3f, 0xfc,
    0x0, 0x8, 0xff, 0xff, 0xff, 0xff, 0xff, 0xfc,
    0x0, 0x8, 0xff, 0xff, 0xff, 0xff, 0xff, 0xfc,
    0x0, 0x8, 0xff, 0x40, 0x0, 0x0, 0x1f, 0xfc,
    0x0, 0x8, 0xff, 0x86, 0x66, 0x66, 0x6f, 0xfc,
    0x0, 0x8, 0xff, 0xff, 0xff, 0xff, 0xff, 0xfc,
    0x0, 0x7, 0xee, 0xee, 0xee, 0xee, 0xee, 0xea,

    /* U+C7A5 "장" */
    0x0, 0x0, 0x0, 0x0, 0x0, 0x0, 0x1, 0x0,
    0x0, 0x0, 0x0, 0x0, 0x0, 0x0, 0x0, 0xff,
    0xe0, 0x0, 0x1e, 0xee, 0xee, 0xee, 0xee, 0xb0,
    0xff, 0xe0, 0x0, 0x1f, 0xff, 0xff, 0xff, 0xff,
    0xc0, 0xff, 0xe0, 0x0, 0x5, 0x55, 0xcf, 0xf8,
    0x55, 0x40, 0xff, 0xe0, 0x0, 0x0, 0x0, 0xcf,
    0xf7, 0x0, 0x0, 0xff, 0xff, 0xf3, 0x0, 0x2,
    0xff, 0xfe, 0x0, 0x0, 0xff, 0xff, 0xf3, 0x0,
    0xc, 0xff, 0xff, 0xb0, 0x0, 0xff, 0xe4, 0x40,
    0x1, 0xbf, 0xfa, 0xbf, 0xfd, 0x60, 0xff, 0xe0,
    0x0, 0x7f, 0xff, 0xe1, 0xc, 0xff, 0xf1, 0xff,
    0xe0, 0x0, 0x3f, 0xfd, 0x20, 0x0, 0x7e, 0x70,
    0xff, 0xe0, 0x0, 0x7, 0x60, 0x0, 0x1, 0x22,
    0x10, 0x78, 0x70, 0x0, 0x0, 0x0, 0x4b, 0xff,
    0xff, 0xfe, 0xa3, 0x0, 0x0, 0x0, 0x7, 0xff,
    0xff, 0xff, 0xff, 0xff, 0x50, 0x0, 0x0, 0x1f,
    0xfe, 0x51, 0x0, 0x15, 0xff, 0xe0, 0x0, 0x0,
    0x3f, 0xfa, 0x0, 0x0, 0x0, 0xcf, 0xf0, 0x0,
    0x0, 0xe, 0xff, 0xa6, 0x44, 0x6a, 0xff, 0xc0,
    0x0, 0x0, 0x3, 0xef, 0xff, 0xff, 0xff, 0xfd,
    0x20, 0x0, 0x0, 0x0, 0x6, 0xac, 0xee, 0xca,
    0x50, 0x0, 0x0,

    /* U+C7AC "재" */
    0x0, 0x0, 0x0, 0x0, 0x0, 0x0, 0x0, 0x1,
    0x0, 0x0, 0x0, 0x0, 0x0, 0x8, 0xdd, 0xc,
    0xfe, 0x1, 0x44, 0x44, 0x44, 0x42, 0xaf, 0xf0,
    0xcf, 0xe0, 0x5f, 0xff, 0xff, 0xff, 0xaa, 0xff,
    0xc, 0xfe, 0x5, 0xff, 0xff, 0xff, 0xf9, 0xaf,
    0xf0, 0xcf, 0xe0, 0x0, 0x8, 0xff, 0x30, 0xa,
    0xff, 0xc, 0xfe, 0x0, 0x0, 0x8f, 0xf4, 0x0,
    0xaf, 0xf0, 0xcf, 0xe0, 0x0, 0xa, 0xff, 0x60,
    0xa, 0xff, 0x4d, 0xfe, 0x0, 0x0, 0xdf, 0xf9,
    0x0, 0xaf, 0xff, 0xff, 0xe0, 0x0, 0x1f, 0xff,
    0xe0, 0xa, 0xff, 0xff, 0xfe, 0x0, 0x7, 0xff,
    0xff, 0x50, 0xaf, 0xf0, 0xcf, 0xe0, 0x1, 0xef,
    0xcd, 0xfe, 0x2a, 0xff, 0xc, 0xfe, 0x1, 0xcf,
    0xf5, 0x5f, 0xfe, 0xdf, 0xf0, 0xcf, 0xe0, 0xcf,
    0xfc, 0x0, 0x9f, 0xec, 0xff, 0xc, 0xfe, 0x2,
    0xfd, 0x10, 0x0, 0x75, 0xaf, 0xf0, 0xcf, 0xe0,
    0x3, 0x10, 0x0, 0x0, 0xa, 0xff, 0xc, 0xfe,
    0x0, 0x0, 0x0, 0x0, 0x0, 0xaf, 0xf0, 0xcf,
    0xe0, 0x0, 0x0, 0x0, 0x0, 0xa, 0xff, 0xc,
    0xfe, 0x0, 0x0, 0x0, 0x0, 0x0, 0x1, 0x10,
    0xad, 0xc0,

    /* U+C804 "전" */
    0x1, 0x22, 0x22, 0x22, 0x22, 0x20, 0xc, 0xdb,
    0x0, 0xef, 0xff, 0xff, 0xff, 0xff, 0x0, 0xef,
    0xd0, 0xe, 0xff, 0xff, 0xff, 0xff, 0xf0, 0xe,
    0xfd, 0x0, 0x12, 0x28, 0xff, 0x82, 0x22, 0x0,
    0xef, 0xd0, 0x0, 0x0, 0x9f, 0xf9, 0x0, 0x35,
    0x5f, 0xfd, 0x0, 0x0, 0xe, 0xff, 0xe0, 0xa,
    0xff, 0xff, 0xd0, 0x0, 0x7, 0xff, 0xff, 0x80,
    0x9f, 0xff, 0xfd, 0x0, 0x5, 0xff, 0xec, 0xff,
    0x80, 0x0, 0xef, 0xd0, 0x2a, 0xff, 0xf5, 0x1e,
    0xff, 0xd4, 0xe, 0xfd, 0x4, 0xff, 0xf6, 0x0,
    0x2c, 0xfe, 0x10, 0xef, 0xd0, 0x8, 0xa2, 0x0,
    0x0, 0x5, 0x40, 0xe, 0xfd, 0x0, 0x0, 0x5,
    0x53, 0x0, 0x0, 0x0, 0xef, 0xd0, 0x0, 0x2,
    0xff, 0xa0, 0x0, 0x0, 0xe, 0xfd, 0x0, 0x0,
    0x2f, 0xfa, 0x0, 0x0, 0x0, 0x33, 0x30, 0x0,
    0x2, 0xff, 0xa0, 0x0, 0x0, 0x0, 0x0, 0x0,
    0x0, 0x3f, 0xff, 0xee, 0xee, 0xee, 0xee, 0xe4,
    0x0, 0x3, 0xff, 0xff, 0xff, 0xff, 0xff, 0xff,
    0x40, 0x0, 0x5, 0x55, 0x55, 0x55, 0x55, 0x55,
    0x51,

    /* U+C811 "접" */
    0x0, 0x0, 0x0, 0x0, 0x0, 0x0, 0x1, 0x10,
    0x4, 0x55, 0x55, 0x55, 0x55, 0x40, 0x2f, 0xfa,
    0xe, 0xff, 0xff, 0xff, 0xff, 0xd0, 0x2f, 0xfa,
    0xd, 0xff, 0xff, 0xff, 0xff, 0xc0, 0x2f, 0xfa,
    0x0, 0x0, 0x9f, 0xf8, 0x0, 0x12, 0x4f, 0xfa,
    0x0, 0x0, 0xdf, 0xfd, 0x0, 0xbf, 0xff, 0xfa,
    0x0, 0x6, 0xff, 0xff, 0x60, 0xbf, 0xff, 0xfa,
    0x0, 0x4f, 0xfd, 0xef, 0xf6, 0x12, 0x4f, 0xfa,
    0x2a, 0xff, 0xf4, 0x4f, 0xff, 0xc2, 0x2f, 0xfa,
    0x5f, 0xff, 0x70, 0x5, 0xff, 0xd0, 0x2f, 0xfa,
    0xb, 0xd5, 0x0, 0x0, 0x18, 0x30, 0x1c, 0xc7,
    0x0, 0x3, 0x55, 0x0, 0x0, 0x0, 0x5, 0x53,
    0x0, 0xa, 0xff, 0x21, 0x11, 0x11, 0x3f, 0xfa,
    0x0, 0xa, 0xff, 0xff, 0xff, 0xff, 0xff, 0xfa,
    0x0, 0xa, 0xff, 0xff, 0xff, 0xff, 0xff, 0xfa,
    0x0, 0xa, 0xff, 0x31, 0x11, 0x11, 0x3f, 0xfa,
    0x0, 0xa, 0xff, 0x65, 0x55, 0x55, 0x7f, 0xfa,
    0x0, 0xa, 0xff, 0xff, 0xff, 0xff, 0xff, 0xfa,
    0x0, 0x9, 0xee, 0xee, 0xee, 0xee, 0xee, 0xe9,

    /* U+C815 "정" */
    0x0, 0x0, 0x0, 0x0, 0x0, 0x0, 0x3, 0x32,
    0x0, 0x0, 0x0, 0x0, 0x0, 0x0, 0xf, 0xfc,
    0xe, 0xff, 0xff, 0xff, 0xff, 0xf0, 0xf, 0xfc,
    0xe, 0xff, 0xff, 0xff, 0xff, 0xf0, 0xf, 0xfc,
    0x1, 0x11, 0x9f, 0xf8, 0x11, 0x10, 0xf, 0xfc,
    0x0, 0x0, 0xbf, 0xfb, 0x0, 0x8f, 0xff, 0xfc,
    0x0, 0x2, 0xff, 0xff, 0x40, 0x8f, 0xff, 0xfc,
    0x0, 0x1d, 0xff, 0xff, 0xe3, 0x25, 0x5f, 0xfc,
    0x4, 0xdf, 0xf9, 0x7f, 0xff, 0x92, 0xf, 0xfc,
    0x6f, 0xff, 0xd0, 0x8, 0xff, 0xf2, 0xf, 0xfc,
    0xd, 0xfa, 0x10, 0x0, 0x4c, 0x80, 0xf, 0xfc,
    0x3, 0x30, 0x0, 0x0, 0x1, 0x0, 0x6, 0x65,
    0x0, 0x0, 0x6, 0xbe, 0xff, 0xff, 0xc7, 0x0,
    0x0, 0x1, 0xdf, 0xff, 0xff, 0xff, 0xff, 0xe2,
    0x0, 0x8, 0xff, 0xa3, 0x10, 0x13, 0x9f, 0xfa,
    0x0, 0xb, 0xff, 0x10, 0x0, 0x0, 0xf, 0xfd,
    0x0, 0x7, 0xff, 0xc6, 0x43, 0x46, 0xcf, 0xf9,
    0x0, 0x0, 0xaf, 0xff, 0xff, 0xff, 0xff, 0xb1,
    0x0, 0x0, 0x3, 0x9c, 0xde, 0xec, 0x94, 0x0,

    /* U+C81C "제" */
    0x0, 0x0, 0x0, 0x0, 0x0, 0x0, 0x0, 0x0,
    0x0, 0x0, 0x0, 0x0, 0x0, 0x8, 0xcc, 0xb,
    0xfe, 0x1, 0x55, 0x55, 0x55, 0x52, 0xaf, 0xf0,
    0xbf, 0xe0, 0x5f, 0xff, 0xff, 0xff, 0x7a, 0xff,
    0xb, 0xfe, 0x5, 0xee, 0xff, 0xff, 0xe6, 0xaf,
    0xf0, 0xbf, 0xe0, 0x0, 0x9, 0xff, 0x20, 0xa,
    0xff, 0xb, 0xfe, 0x0, 0x0, 0x9f, 0xf2, 0x0,
    0xaf, 0xf0, 0xbf, 0xe0, 0x0, 0xb, 0xff, 0x4c,
    0xff, 0xff, 0xb, 0xfe, 0x0, 0x0, 0xdf, 0xf6,
    0xcf, 0xff, 0xf0, 0xbf, 0xe0, 0x0, 0x1f, 0xff,
    0xa3, 0x4b, 0xff, 0xb, 0xfe, 0x0, 0x8, 0xff,
    0xff, 0x10, 0xaf, 0xf0, 0xbf, 0xe0, 0x1, 0xff,
    0xbf, 0xfa, 0xa, 0xff, 0xb, 0xfe, 0x1, 0xcf,
    0xf3, 0x9f, 0xf9, 0xaf, 0xf0, 0xbf, 0xe0, 0xcf,
    0xfa, 0x1, 0xef, 0xec, 0xff, 0xb, 0xfe, 0x4,
    0xfd, 0x10, 0x2, 0xe4, 0xaf, 0xf0, 0xbf, 0xe0,
    0x4, 0x0, 0x0, 0x0, 0xa, 0xff, 0xb, 0xfe,
    0x0, 0x0, 0x0, 0x0, 0x0, 0xaf, 0xf0, 0xbf,
    0xe0, 0x0, 0x0, 0x0, 0x0, 0xa, 0xff, 0xb,
    0xfe, 0x0, 0x0, 0x0, 0x0, 0x0, 0x1, 0x10,
    0xae, 0xc0,

    /* U+C8FC "주" */
    0x0, 0x22, 0x22, 0x22, 0x22, 0x22, 0x22, 0x20,
    0x0, 0x1f, 0xff, 0xff, 0xff, 0xff, 0xff, 0xff,
    0x60, 0x1, 0xff, 0xff, 0xff, 0xff, 0xff, 0xff,
    0xf6, 0x0, 0x0, 0x0, 0x3, 0xff, 0xf8, 0x0,
    0x0, 0x0, 0x0, 0x0, 0x0, 0xcf, 0xff, 0xf2,
    0x0, 0x0, 0x0, 0x0, 0x4, 0xdf, 0xfb, 0xff,
    0xf6, 0x0, 0x0, 0x4, 0x9d, 0xff, 0xfb, 0x6,
    0xff, 0xfe, 0xa6, 0x0, 0x6f, 0xff, 0xe7, 0x0,
    0x3, 0xcf, 0xff, 0xb0, 0x0, 0xb9, 0x50, 0x0,
    0x0, 0x0, 0x38, 0xb3, 0x2, 0x44, 0x44, 0x44,
    0x44, 0x44, 0x44, 0x44, 0x43, 0x8f, 0xff, 0xff,
    0xff, 0xff, 0xff, 0xff, 0xff, 0xd8, 0xff, 0xff,
    0xff, 0xff, 0xff, 0xff, 0xff, 0xfc, 0x0, 0x0,
    0x0, 0xc, 0xff, 0x0, 0x0, 0x0, 0x0, 0x0,
    0x0, 0x0, 0xcf, 0xf0, 0x0, 0x0, 0x0, 0x0,
    0x0, 0x0, 0xc, 0xff, 0x0, 0x0, 0x0, 0x0,
    0x0, 0x0, 0x0, 0xcf, 0xf0, 0x0, 0x0, 0x0,
    0x0, 0x0, 0x0, 0xc, 0xff, 0x0, 0x0, 0x0,
    0x0, 0x0, 0x0, 0x0, 0xbe, 0xd0, 0x0, 0x0,
    0x0,

    /* U+C911 "중" */
    0x0, 0x44, 0x44, 0x44, 0x44, 0x44, 0x44, 0x41,
    0x0, 0xf, 0xff, 0xff, 0xff, 0xff, 0xff, 0xff,
    0x50, 0x0, 0xff, 0xff, 0xff, 0xff, 0xff, 0xff,
    0xf5, 0x0, 0x0, 0x0, 0x1d, 0xff, 0xff, 0x30,
    0x0, 0x0, 0x0, 0x1, 0x7e, 0xff, 0xaf, 0xff,
    0x92, 0x0, 0x0, 0x8e, 0xff, 0xff, 0x90, 0x5f,
    0xff, 0xff, 0xc0, 0x5, 0xff, 0xfb, 0x40, 0x0,
    0x29, 0xff, 0xfa, 0x0, 0x6, 0x41, 0x0, 0x0,
    0x0, 0x0, 0x36, 0x20, 0x8f, 0xff, 0xff, 0xff,
    0xff, 0xff, 0xff, 0xff, 0xc8, 0xff, 0xff, 0xff,
    0xff, 0xff, 0xff, 0xff, 0xfd, 0x12, 0x22, 0x22,
    0x2c, 0xff, 0x22, 0x22, 0x22, 0x20, 0x0, 0x2,
    0x7a, 0xef, 0xfa, 0x73, 0x0, 0x0, 0x0, 0x9,
    0xff, 0xff, 0xff, 0xff, 0xfb, 0x10, 0x0, 0x7,
    0xff, 0xd8, 0x55, 0x57, 0xcf, 0xfa, 0x0, 0x0,
    0xaf, 0xf3, 0x0, 0x0, 0x0, 0xff, 0xd0, 0x0,
    0x7, 0xff, 0xd6, 0x43, 0x46, 0xbf, 0xfa, 0x0,
    0x0, 0xa, 0xff, 0xff, 0xff, 0xff, 0xfc, 0x10,
    0x0, 0x0, 0x3, 0x8b, 0xdd, 0xdc, 0x94, 0x0,
    0x0,

    /* U+C989 "즉" */
    0x0, 0x44, 0x44, 0x44, 0x44, 0x44, 0x44, 0x41,
    0x0, 0xf, 0xff, 0xff, 0xff, 0xff, 0xff, 0xff,
    0x50, 0x0, 0xff, 0xff, 0xff, 0xff, 0xff, 0xff,
    0xf5, 0x0, 0x0, 0x0, 0xc, 0xff, 0xff, 0x20,
    0x0, 0x0, 0x0, 0x0, 0x5d, 0xff, 0xbf, 0xff,
    0x71, 0x0, 0x0, 0x6c, 0xff, 0xff, 0x90, 0x6f,
    0xff, 0xfd, 0xa1, 0x5, 0xff, 0xfc, 0x40, 0x0,
    0x2a, 0xff, 0xfb, 0x0, 0x6, 0x41, 0x0, 0x0,
    0x0, 0x0, 0x46, 0x20, 0x6f, 0xff, 0xff, 0xff,
    0xff, 0xff, 0xff, 0xff, 0xd6, 0xff, 0xff, 0xff,
    0xff, 0xff, 0xff, 0xff, 0xfe, 0x14, 0x44, 0x44,
    0x44, 0x44, 0x44, 0x44, 0x44, 0x30, 0x3, 0x44,
    0x44, 0x44, 0x44, 0x44, 0x43, 0x0, 0x0, 0xbf,
    0xff, 0xff, 0xff, 0xff, 0xff, 0xd0, 0x0, 0xa,
    0xff, 0xff, 0xff, 0xff, 0xff, 0xfd, 0x0, 0x0,
    0x0, 0x0, 0x0, 0x0, 0x0, 0xff, 0xd0, 0x0,
    0x0, 0x0, 0x0, 0x0, 0x0, 0xf, 0xfd, 0x0,
    0x0, 0x0, 0x0, 0x0, 0x0, 0x0, 0xff, 0xd0,
    0x0, 0x0, 0x0, 0x0, 0x0, 0x0, 0xf, 0xfc,
    0x0,

    /* U+C9C0 "지" */
    0x0, 0x0, 0x0, 0x0, 0x0, 0x0, 0x0, 0x0,
    0x0, 0x0, 0x0, 0x0, 0x0, 0x0, 0x1f, 0xfc,
    0x5, 0x55, 0x55, 0x55, 0x55, 0x51, 0x1f, 0xfc,
    0xf, 0xff, 0xff, 0xff, 0xff, 0xf5, 0x1f, 0xfc,
    0xe, 0xee, 0xff, 0xff, 0xee, 0xe4, 0x1f, 0xfc,
    0x0, 0x0, 0x4f, 0xf9, 0x0, 0x0, 0x1f, 0xfc,
    0x0, 0x0, 0x5f, 0xfa, 0x0, 0x0, 0x1f, 0xfc,
    0x0, 0x0, 0x7f, 0xfc, 0x0, 0x0, 0x1f, 0xfc,
    0x0, 0x0, 0xbf, 0xff, 0x10, 0x0, 0x1f, 0xfc,
    0x0, 0x1, 0xff, 0xff, 0x70, 0x0, 0x1f, 0xfc,
    0x0, 0x9, 0xff, 0xdf, 0xf2, 0x0, 0x1f, 0xfc,
    0x0, 0x5f, 0xfc, 0x4f, 0xfd, 0x20, 0x1f, 0xfc,
    0x6, 0xff, 0xf3, 0xa, 0xff, 0xf7, 0x2f, 0xfc,
    0x7f, 0xff, 0x70, 0x0, 0xcf, 0xfb, 0x1f, 0xfc,
    0xd, 0xf7, 0x0, 0x0, 0x8, 0xd1, 0x1f, 0xfc,
    0x2, 0x30, 0x0, 0x0, 0x0, 0x0, 0x1f, 0xfc,
    0x0, 0x0, 0x0, 0x0, 0x0, 0x0, 0x1f, 0xfc,
    0x0, 0x0, 0x0, 0x0, 0x0, 0x0, 0x1f, 0xfc,
    0x0, 0x0, 0x0, 0x0, 0x0, 0x0, 0x1e, 0xea,

    /* U+CCAD "청" */
    0x0, 0x0, 0x8e, 0xe4, 0x0, 0x0, 0xd, 0xda,
    0x0, 0x0, 0x9f, 0xf5, 0x0, 0x0, 0xf, 0xfc,
    0xf, 0xff, 0xff, 0xff, 0xff, 0xb0, 0xf, 0xfc,
    0xf, 0xff, 0xff, 0xff, 0xff, 0xb0, 0xf, 0xfc,
    0x0, 0x0, 0xaf, 0xf5, 0x0, 0x34, 0x4f, 0xfc,
    0x0, 0x0, 0xef, 0xfa, 0x0, 0xbf, 0xff, 0xfc,
    0x0, 0x7, 0xff, 0xff, 0x50, 0xaf, 0xff, 0xfc,
    0x0, 0x7f, 0xfd, 0xef, 0xfa, 0x20, 0xf, 0xfc,
    0x5d, 0xff, 0xf3, 0x3f, 0xff, 0xf2, 0xf, 0xfc,
    0x2f, 0xfe, 0x40, 0x2, 0xaf, 0xa0, 0xf, 0xfc,
    0x7, 0x70, 0x0, 0x0, 0x1, 0x10, 0xd, 0xda,
    0x0, 0x0, 0x5, 0xad, 0xff, 0xfd, 0xa6, 0x0,
    0x0, 0x1, 0xcf, 0xff, 0xff, 0xff, 0xff, 0xd1,
    0x0, 0x8, 0xff, 0xb5, 0x22, 0x24, 0xaf, 0xfa,
    0x0, 0xb, 0xff, 0x20, 0x0, 0x0, 0xf, 0xfd,
    0x0, 0x7, 0xff, 0xd7, 0x44, 0x46, 0xcf, 0xf9,
    0x0, 0x0, 0xaf, 0xff, 0xff, 0xff, 0xff, 0xb0,
    0x0, 0x0, 0x3, 0x8b, 0xdd, 0xdb, 0x83, 0x0,

    /* U+CCB4 "체" */
    0x0, 0x0, 0x0, 0x0, 0x0, 0x0, 0x0, 0x0,
    0x0, 0x3, 0x77, 0x10, 0x1, 0xcc, 0x7a, 0xff,
    0x0, 0x7, 0xff, 0x20, 0x1, 0xff, 0x8a, 0xff,
    0x1, 0x18, 0xff, 0x41, 0x11, 0xff, 0x8a, 0xff,
    0x3f, 0xff, 0xff, 0xff, 0xd1, 0xff, 0x8a, 0xff,
    0x3f, 0xff, 0xff, 0xff, 0xd1, 0xff, 0x8a, 0xff,
    0x2, 0x28, 0xff, 0x42, 0x11, 0xff, 0x8a, 0xff,
    0x0, 0x8, 0xff, 0x30, 0x56, 0xff, 0x8a, 0xff,
    0x0, 0xa, 0xff, 0x50, 0xff, 0xff, 0x8a, 0xff,
    0x0, 0xe, 0xff, 0xa0, 0xef, 0xff, 0x8a, 0xff,
    0x0, 0x4f, 0xff, 0xf2, 0x1, 0xff, 0x8a, 0xff,
    0x0, 0xdf, 0xdf, 0xfc, 0x1, 0xff, 0x8a, 0xff,
    0xa, 0xff, 0x68, 0xff, 0xc3, 0xff, 0x8a, 0xff,
    0xaf, 0xfc, 0x0, 0xcf, 0xf8, 0xff, 0x8a, 0xff,
    0x2f, 0xe2, 0x0, 0x1b, 0xb1, 0xff, 0x8a, 0xff,
    0x4, 0x10, 0x0, 0x0, 0x1, 0xff, 0x8a, 0xff,
    0x0, 0x0, 0x0, 0x0, 0x1, 0xff, 0x8a, 0xff,
    0x0, 0x0, 0x0, 0x0, 0x1, 0xff, 0x8a, 0xff,
    0x0, 0x0, 0x0, 0x0, 0x0, 0x11, 0x9, 0xee,

    /* U+CD9C "출" */
    0x0, 0x0, 0x0, 0x0, 0x0, 0x0, 0x0, 0x0,
    0x0, 0x0, 0x0, 0x0, 0xcf, 0xf0, 0x0, 0x0,
    0x0, 0x0, 0xcc, 0xcc, 0xcf, 0xff, 0xcc, 0xcc,
    0xc3, 0x0, 0xf, 0xff, 0xff, 0xff, 0xff, 0xff,
    0xff, 0x40, 0x0, 0x33, 0x33, 0xaf, 0xff, 0xc3,
    0x33, 0x30, 0x0, 0x0, 0x36, 0xcf, 0xff, 0xff,
    0xd7, 0x31, 0x0, 0xc, 0xff, 0xff, 0xfb, 0x19,
    0xff, 0xff, 0xfe, 0x0, 0x6f, 0xfc, 0x93, 0x0,
    0x2, 0x8c, 0xff, 0x90, 0x48, 0x98, 0x88, 0x88,
    0x88, 0x88, 0x88, 0x99, 0x68, 0xff, 0xff, 0xff,
    0xff, 0xff, 0xff, 0xff, 0xfc, 0x48, 0x88, 0x88,
    0x8e, 0xff, 0x88, 0x88, 0x88, 0x60, 0x3, 0x55,
    0x55, 0xdf, 0xf5, 0x55, 0x54, 0x0, 0x0, 0xbf,
    0xff, 0xff, 0xff, 0xff, 0xff, 0xd0, 0x0, 0x7,
    0xaa, 0xaa, 0xaa, 0xaa, 0xaf, 0xfd, 0x0, 0x0,
    0x7a, 0xaa, 0xaa, 0xaa, 0xaa, 0xff, 0xd0, 0x0,
    0xb, 0xff, 0xff, 0xff, 0xff, 0xff, 0xfd, 0x0,
    0x0, 0xbf, 0xf5, 0x44, 0x44, 0x44, 0x44, 0x30,
    0x0, 0xb, 0xff, 0xff, 0xff, 0xff, 0xff, 0xff,
    0x40, 0x0, 0xaf, 0xff, 0xff, 0xff, 0xff, 0xff,
    0xf4, 0x0,

    /* U+CE21 "측" */
    0x0, 0x0, 0x0, 0xc, 0xff, 0x0, 0x0, 0x0,
    0x0, 0x5, 0x55, 0x55, 0xdf, 0xf5, 0x55, 0x55,
    0x10, 0x0, 0xff, 0xff, 0xff, 0xff, 0xff, 0xff,
    0xf4, 0x0, 0xd, 0xdd, 0xdd, 0xff, 0xfe, 0xdd,
    0xdd, 0x30, 0x0, 0x0, 0x0, 0x7f, 0xff, 0xb0,
    0x0, 0x0, 0x0, 0x0, 0x25, 0xcf, 0xff, 0xff,
    0xd7, 0x30, 0x0, 0x9, 0xff, 0xff, 0xfb, 0x19,
    0xff, 0xff, 0xfe, 0x0, 0x5f, 0xfe, 0xa4, 0x0,
    0x2, 0x8d, 0xff, 0xa0, 0x13, 0x64, 0x33, 0x33,
    0x33, 0x33, 0x34, 0x64, 0x36, 0xff, 0xff, 0xff,
    0xff, 0xff, 0xff, 0xff, 0xfe, 0x6f, 0xff, 0xff,
    0xff, 0xff, 0xff, 0xff, 0xff, 0xe0, 0x0, 0x0,
    0x0, 0x0, 0x0, 0x0, 0x0, 0x0, 0x0, 0xaf,
    0xff, 0xff, 0xff, 0xff, 0xff, 0xc0, 0x0, 0xb,
    0xff, 0xff, 0xff, 0xff, 0xff, 0xfd, 0x0, 0x0,
    0x23, 0x33, 0x33, 0x33, 0x33, 0xff, 0xd0, 0x0,
    0x0, 0x0, 0x0, 0x0, 0x0, 0xf, 0xfd, 0x0,
    0x0, 0x0, 0x0, 0x0, 0x0, 0x0, 0xff, 0xd0,
    0x0, 0x0, 0x0, 0x0, 0x0, 0x0, 0xa, 0xb9,
    0x0,

    /* U+D0DC "태" */
    0x0, 0x0, 0x0, 0x0, 0x0, 0x0, 0x1, 0x0,
    0x0, 0x0, 0x0, 0x8, 0xdd, 0xd, 0xfe, 0x33,
    0x33, 0x33, 0x31, 0xaf, 0xf0, 0xdf, 0xef, 0xff,
    0xff, 0xff, 0x6a, 0xff, 0xd, 0xfe, 0xff, 0xff,
    0xff, 0xf6, 0xaf, 0xf0, 0xdf, 0xef, 0xfc, 0x0,
    0x0, 0xa, 0xff, 0xd, 0xfe, 0xff, 0xc0, 0x0,
    0x0, 0xaf, 0xf0, 0xdf, 0xef, 0xfe, 0x99, 0x99,
    0xa, 0xff, 0x3d, 0xfe, 0xff, 0xff, 0xff, 0xf1,
    0xaf, 0xff, 0xff, 0xef, 0xfe, 0x99, 0x99, 0xa,
    0xff, 0xff, 0xfe, 0xff, 0xc0, 0x0, 0x0, 0xaf,
    0xf1, 0xdf, 0xef, 0xfc, 0x0, 0x0, 0xa, 0xff,
    0xd, 0xfe, 0xff, 0xd4, 0x45, 0x75, 0xaf, 0xf0,
    0xdf, 0xef, 0xff, 0xff, 0xff, 0xaa, 0xff, 0xd,
    0xfe, 0xff, 0xff, 0xff, 0xe9, 0xaf, 0xf0, 0xdf,
    0xe1, 0x11, 0x10, 0x0, 0xa, 0xff, 0xd, 0xfe,
    0x0, 0x0, 0x0, 0x0, 0xaf, 0xf0, 0xdf, 0xe0,
    0x0, 0x0, 0x0, 0xa, 0xff, 0xd, 0xfe, 0x0,
    0x0, 0x0, 0x0, 0x1, 0x10, 0xbd, 0xc0,

    /* U+D1B5 "통" */
    0x0, 0x7d, 0xdd, 0xdd, 0xdd, 0xdd, 0xdd, 0xd0,
    0x0, 0x9, 0xff, 0xff, 0xff, 0xff, 0xff, 0xff,
    0x0, 0x0, 0x9f, 0xf7, 0x44, 0x44, 0x44, 0x44,
    0x40, 0x0, 0x9, 0xff, 0xee, 0xee, 0xee, 0xee,
    0xe7, 0x0, 0x0, 0x9f, 0xff, 0xff, 0xff, 0xff,
    0xff, 0x80, 0x0, 0x9, 0xff, 0x63, 0x33, 0x33,
    0x33, 0x31, 0x0, 0x0, 0x9f, 0xff, 0xff, 0xff,
    0xff, 0xff, 0xf1, 0x0, 0x9, 0xff, 0xff, 0xff,
    0xff, 0xff, 0xff, 0x10, 0x0, 0x13, 0x33, 0x3d,
    0xff, 0x33, 0x33, 0x30, 0x8, 0xee, 0xee, 0xee,
    0xff, 0xfe, 0xee, 0xee, 0xeb, 0x9f, 0xff, 0xff,
    0xff, 0xff, 0xff, 0xff, 0xff, 0xd2, 0x44, 0x44,
    0x44, 0x55, 0x54, 0x44, 0x44, 0x43, 0x0, 0x1,
    0x8c, 0xff, 0xff, 0xfd, 0x92, 0x0, 0x0, 0x2,
    0xef, 0xff, 0xff, 0xff, 0xff, 0xf5, 0x0, 0x0,
    0x9f, 0xf7, 0x10, 0x0, 0x15, 0xff, 0xc0, 0x0,
    0x9, 0xff, 0xa4, 0x32, 0x34, 0x8f, 0xfc, 0x0,
    0x0, 0x1d, 0xff, 0xff, 0xff, 0xff, 0xfe, 0x30,
    0x0, 0x0, 0x5, 0x9c, 0xde, 0xdc, 0xa6, 0x0,
    0x0,

    /* U+D53C "피" */
    0x0, 0x0, 0x0, 0x0, 0x0, 0x0, 0x0, 0x0,
    0x0, 0x0, 0x0, 0x0, 0x0, 0x0, 0x1f, 0xfc,
    0x8, 0x88, 0x88, 0x88, 0x88, 0x80, 0x1f, 0xfc,
    0x1f, 0xff, 0xff, 0xff, 0xff, 0xf1, 0x1f, 0xfc,
    0x1c, 0xef, 0xfc, 0xcf, 0xfe, 0xc1, 0x1f, 0xfc,
    0x0, 0xaf, 0xf1, 0x1f, 0xfa, 0x0, 0x1f, 0xfc,
    0x0, 0xaf, 0xf1, 0x1f, 0xfa, 0x0, 0x1f, 0xfc,
    0x0, 0xaf, 0xf1, 0x1f, 0xfa, 0x0, 0x1f, 0xfc,
    0x0, 0xaf, 0xf1, 0x1f, 0xfa, 0x0, 0x1f, 0xfc,
    0x0, 0xaf, 0xf1, 0x1f, 0xfa, 0x0, 0x1f, 0xfc,
    0x0, 0xaf, 0xf1, 0x1f, 0xfa, 0x0, 0x1f, 0xfc,
    0x0, 0xaf, 0xf1, 0x1f, 0xfa, 0x0, 0x1f, 0xfc,
    0x36, 0xcf, 0xf8, 0x9f, 0xfe, 0xcb, 0x1f, 0xfc,
    0x7f, 0xff, 0xff, 0xff, 0xff, 0xfe, 0x1f, 0xfc,
    0x4d, 0xdd, 0xcc, 0xba, 0x97, 0x53, 0x1f, 0xfc,
    0x0, 0x0, 0x0, 0x0, 0x0, 0x0, 0x1f, 0xfc,
    0x0, 0x0, 0x0, 0x0, 0x0, 0x0, 0x1f, 0xfc,
    0x0, 0x0, 0x0, 0x0, 0x0, 0x0, 0x1f, 0xfc,
    0x0, 0x0, 0x0, 0x0, 0x0, 0x0, 0x1e, 0xea,

    /* U+D558 "하" */
    0x0, 0x0, 0x0, 0x0, 0x0, 0x0, 0x11, 0x0,
    0x0, 0x0, 0x0, 0xcf, 0xf0, 0x0, 0x1, 0xff,
    0xa0, 0x0, 0x0, 0x0, 0xcf, 0xf0, 0x0, 0x1,
    0xff, 0xa0, 0x0, 0x6a, 0xaa, 0xef, 0xfa, 0xaa,
    0x91, 0xff, 0xa0, 0x0, 0xaf, 0xff, 0xff, 0xff,
    0xff, 0xd1, 0xff, 0xa0, 0x0, 0x59, 0x99, 0x99,
    0x99, 0x99, 0x71, 0xff, 0xa0, 0x0, 0x0, 0x1,
    0x57, 0x62, 0x0, 0x1, 0xff, 0xa0, 0x0, 0x0,
    0x6f, 0xff, 0xff, 0x90, 0x1, 0xff, 0xb2, 0x20,
    0x4, 0xff, 0xff, 0xff, 0xf8, 0x1, 0xff, 0xff,
    0xf3, 0xc, 0xff, 0x50, 0x2e, 0xff, 0x1, 0xff,
    0xff, 0xf3, 0xf, 0xfc, 0x0, 0x8, 0xff, 0x31,
    0xff, 0xb2, 0x20, 0xe, 0xfc, 0x0, 0x8, 0xff,
    0x21, 0xff, 0xa0, 0x0, 0xb, 0xff, 0x60, 0x3e,
    0xfe, 0x1, 0xff, 0xa0, 0x0, 0x2, 0xff, 0xff,
    0xff, 0xf6, 0x1, 0xff, 0xa0, 0x0, 0x0, 0x3d,
    0xff, 0xfe, 0x50, 0x1, 0xff, 0xa0, 0x0, 0x0,
    0x0, 0x24, 0x30, 0x0, 0x1, 0xff, 0xa0, 0x0,
    0x0, 0x0, 0x0, 0x0, 0x0, 0x1, 0xff, 0xa0,
    0x0, 0x0, 0x0, 0x0, 0x0, 0x0, 0x1, 0xff,
    0xa0, 0x0, 0x0, 0x0, 0x0, 0x0, 0x0, 0x1,
    0xdd, 0x90, 0x0,

    /* U+D574 "해" */
    0x0, 0x0, 0x0, 0x0, 0x0, 0x0, 0x2, 0x22,
    0x0, 0x5, 0x99, 0x10, 0x8, 0xdd, 0xd, 0xfd,
    0x0, 0xa, 0xff, 0x10, 0xa, 0xff, 0xd, 0xfd,
    0x37, 0x7c, 0xff, 0x87, 0x7a, 0xff, 0xd, 0xfd,
    0x9f, 0xff, 0xff, 0xff, 0xfa, 0xff, 0xd, 0xfd,
    0x7c, 0xcc, 0xcc, 0xcc, 0xca, 0xff, 0xd, 0xfd,
    0x0, 0x5, 0x87, 0x20, 0xa, 0xff, 0xd, 0xfd,
    0x1, 0xcf, 0xff, 0xf6, 0xa, 0xff, 0xd, 0xfd,
    0xa, 0xff, 0xbe, 0xff, 0x2a, 0xff, 0xff, 0xfd,
    0xf, 0xf8, 0x1, 0xff, 0x8a, 0xff, 0xff, 0xfd,
    0x3f, 0xf4, 0x0, 0xcf, 0xba, 0xff, 0x4e, 0xfd,
    0x2f, 0xf6, 0x0, 0xef, 0xaa, 0xff, 0xd, 0xfd,
    0xe, 0xfe, 0x59, 0xff, 0x6a, 0xff, 0xd, 0xfd,
    0x5, 0xff, 0xff, 0xfd, 0xa, 0xff, 0xd, 0xfd,
    0x0, 0x5e, 0xff, 0xb1, 0xa, 0xff, 0xd, 0xfd,
    0x0, 0x0, 0x10, 0x0, 0xa, 0xff, 0xd, 0xfd,
    0x0, 0x0, 0x0, 0x0, 0xa, 0xff, 0xd, 0xfd,
    0x0, 0x0, 0x0, 0x0, 0xa, 0xff, 0xd, 0xfd,
    0x0, 0x0, 0x0, 0x0, 0x0, 0x0, 0xa, 0xc9,

    /* U+D589 "행" */
    0x0, 0x0, 0x0, 0x0, 0x0, 0x0, 0x3, 0x43,
    0x0, 0x9, 0xee, 0x10, 0x7, 0xee, 0x1c, 0xfe,
    0x46, 0x6d, 0xff, 0x86, 0x68, 0xff, 0x1c, 0xfe,
    0xaf, 0xff, 0xff, 0xff, 0xf9, 0xff, 0x1c, 0xfe,
    0x8d, 0xdd, 0xdd, 0xdd, 0xd9, 0xff, 0x1c, 0xfe,
    0x0, 0x4a, 0xdc, 0x81, 0x8, 0xff, 0xff, 0xfe,
    0x7, 0xff, 0xff, 0xfe, 0x18, 0xff, 0xff, 0xfe,
    0xf, 0xfb, 0x35, 0xff, 0x88, 0xff, 0x6d, 0xfe,
    0x2f, 0xf6, 0x0, 0xef, 0xa8, 0xff, 0x1c, 0xfe,
    0xd, 0xfe, 0x9b, 0xff, 0x68, 0xff, 0x1c, 0xfe,
    0x3, 0xef, 0xff, 0xf9, 0x8, 0xff, 0x1c, 0xfe,
    0x0, 0x4, 0x76, 0x20, 0x3, 0x66, 0xb, 0xfe,
    0x0, 0x0, 0x2, 0x7b, 0xdd, 0xdc, 0x95, 0x0,
    0x0, 0x0, 0x8f, 0xff, 0xff, 0xff, 0xff, 0xd2,
    0x0, 0x4, 0xff, 0xd6, 0x43, 0x35, 0xaf, 0xfc,
    0x0, 0x8, 0xff, 0x50, 0x0, 0x0, 0xd, 0xff,
    0x0, 0x4, 0xff, 0xe7, 0x43, 0x45, 0xaf, 0xfc,
    0x0, 0x0, 0x8f, 0xff, 0xff, 0xff, 0xff, 0xd2,
    0x0, 0x0, 0x2, 0x7b, 0xdd, 0xdc, 0x95, 0x0,

    /* U+D5D8 "험" */
    0x0, 0x0, 0x13, 0x30, 0x0, 0x0, 0x2, 0x21,
    0x0, 0x0, 0x9f, 0xf3, 0x0, 0x0, 0x2f, 0xfa,
    0x49, 0x99, 0xdf, 0xfa, 0x99, 0x91, 0x2f, 0xfa,
    0x7f, 0xff, 0xff, 0xff, 0xff, 0xf1, 0x2f, 0xfa,
    0x4a, 0xaa, 0xaa, 0xaa, 0xaa, 0xa1, 0x2f, 0xfa,
    0x0, 0x6, 0xce, 0xeb, 0x40, 0x0, 0x2f, 0xfa,
    0x0, 0xbf, 0xff, 0xff, 0xf6, 0x3f, 0xff, 0xfa,
    0x5, 0xff, 0x92, 0x3d, 0xff, 0x4f, 0xff, 0xfa,
    0x8, 0xff, 0x30, 0x9, 0xff, 0x35, 0x6f, 0xfa,
    0x5, 0xff, 0xb4, 0x5e, 0xff, 0x0, 0x2f, 0xfa,
    0x0, 0xaf, 0xff, 0xff, 0xf5, 0x0, 0x2f, 0xfa,
    0x0, 0x5, 0xac, 0xc9, 0x20, 0x0, 0x1b, 0xb7,
    0x0, 0x2, 0x44, 0x44, 0x44, 0x44, 0x44, 0x43,
    0x0, 0x8, 0xff, 0xff, 0xff, 0xff, 0xff, 0xfa,
    0x0, 0x8, 0xff, 0xee, 0xee, 0xee, 0xef, 0xfa,
    0x0, 0x8, 0xff, 0x50, 0x0, 0x0, 0x1f, 0xfa,
    0x0, 0x8, 0xff, 0x85, 0x55, 0x55, 0x6f, 0xfa,
    0x0, 0x8, 0xff, 0xff, 0xff, 0xff, 0xff, 0xfa,
    0x0, 0x7, 0xee, 0xee, 0xee, 0xee, 0xee, 0xe9,

    /* U+D604 "현" */
    0x0, 0x0, 0x11, 0x10, 0x0, 0x0, 0x0, 0x0,
    0x0, 0x0, 0xc, 0xff, 0x0, 0x0, 0x1, 0xff,
    0xb0, 0x14, 0x44, 0xdf, 0xf4, 0x44, 0x10, 0x1f,
    0xfb, 0x7, 0xff, 0xff, 0xff, 0xff, 0xf6, 0x1,
    0xff, 0xb0, 0x7f, 0xff, 0xff, 0xff, 0xff, 0x60,
    0x1f, 0xfb, 0x0, 0x0, 0x3, 0x54, 0x0, 0x2,
    0x89, 0xff, 0xb0, 0x0, 0x5e, 0xff, 0xff, 0x70,
    0x4f, 0xff, 0xfb, 0x0, 0x3f, 0xff, 0xef, 0xff,
    0x63, 0xcd, 0xff, 0xb0, 0x9, 0xff, 0x20, 0x1e,
    0xfc, 0x0, 0x1f, 0xfb, 0x0, 0x9f, 0xf2, 0x0,
    0xef, 0xd4, 0xde, 0xff, 0xb0, 0x3, 0xff, 0xfd,
    0xff, 0xf7, 0x4f, 0xff, 0xfb, 0x0, 0x5, 0xef,
    0xff, 0xf8, 0x0, 0x24, 0xff, 0xb0, 0x0, 0x0,
    0x35, 0x40, 0x0, 0x0, 0x1f, 0xfb, 0x0, 0x0,
    0x4c, 0xc5, 0x0, 0x0, 0x1, 0xff, 0xb0, 0x0,
    0x6, 0xff, 0x70, 0x0, 0x0, 0x9, 0x96, 0x0,
    0x0, 0x6f, 0xf7, 0x0, 0x0, 0x0, 0x0, 0x0,
    0x0, 0x7, 0xff, 0xfe, 0xee, 0xee, 0xee, 0xee,
    0x0, 0x0, 0x6f, 0xff, 0xff, 0xff, 0xff, 0xff,
    0xf1, 0x0, 0x2, 0x66, 0x66, 0x66, 0x66, 0x66,
    0x66, 0x0,

    /* U+D654 "화" */
    0x0, 0x0, 0x0, 0x0, 0x0, 0x0, 0x1, 0x10,
    0x0, 0x0, 0x0, 0x6d, 0xd5, 0x0, 0x0, 0xdf,
    0xf0, 0x0, 0x0, 0x0, 0x8f, 0xf6, 0x0, 0x0,
    0xdf, 0xf0, 0x0, 0x6f, 0xff, 0xff, 0xff, 0xff,
    0xf3, 0xdf, 0xf0, 0x0, 0x6f, 0xff, 0xff, 0xff,
    0xff, 0xf3, 0xdf, 0xf0, 0x0, 0x2, 0x22, 0x36,
    0x63, 0x22, 0x20, 0xdf, 0xf0, 0x0, 0x0, 0x2c,
    0xff, 0xff, 0xb2, 0x0, 0xdf, 0xf0, 0x0, 0x1,
    0xff, 0xfe, 0xef, 0xfe, 0x10, 0xdf, 0xf0, 0x0,
    0x7, 0xff, 0x50, 0x7, 0xff, 0x60, 0xdf, 0xfd,
    0xd2, 0x7, 0xff, 0x60, 0x7, 0xff, 0x60, 0xdf,
    0xff, 0xf3, 0x1, 0xef, 0xff, 0xff, 0xfe, 0x10,
    0xdf, 0xf4, 0x30, 0x0, 0x2b, 0xff, 0xff, 0xa2,
    0x0, 0xdf, 0xf0, 0x0, 0x0, 0x0, 0x7f, 0xf6,
    0x0, 0x0, 0xdf, 0xf0, 0x0, 0x1, 0x11, 0x8f,
    0xf8, 0x46, 0x93, 0xdf, 0xf0, 0x0, 0xaf, 0xff,
    0xff, 0xff, 0xff, 0xf6, 0xdf, 0xf0, 0x0, 0x7f,
    0xff, 0xff, 0xff, 0xec, 0xa3, 0xdf, 0xf0, 0x0,
    0x13, 0x33, 0x22, 0x10, 0x0, 0x0, 0xdf, 0xf0,
    0x0, 0x0, 0x0, 0x0, 0x0, 0x0, 0x0, 0xdf,
    0xf0, 0x0, 0x0, 0x0, 0x0, 0x0, 0x0, 0x0,
    0xbd, 0xd0, 0x0,

    /* U+D655 "확" */
    0x0, 0x0, 0x24, 0x40, 0x0, 0x0, 0x0, 0x0,
    0x0, 0x0, 0x0, 0x9f, 0xf3, 0x0, 0x0, 0xef,
    0xe0, 0x0, 0x4e, 0xee, 0xff, 0xff, 0xee, 0xd0,
    0xef, 0xe0, 0x0, 0x4f, 0xff, 0xff, 0xff, 0xff,
    0xe0, 0xef, 0xe0, 0x0, 0x1, 0x15, 0x8a, 0x97,
    0x31, 0x10, 0xef, 0xe0, 0x0, 0x0, 0xbf, 0xff,
    0xff, 0xf6, 0x0, 0xef, 0xe0, 0x0, 0x8, 0xff,
    0x96, 0x6d, 0xff, 0x10, 0xef, 0xff, 0xf1, 0x9,
    0xff, 0x30, 0xa, 0xff, 0x30, 0xef, 0xff, 0xf1,
    0x3, 0xff, 0xff, 0xff, 0xfc, 0x0, 0xef, 0xf4,
    0x40, 0x0, 0x3a, 0xff, 0xfd, 0x80, 0x0, 0xef,
    0xe0, 0x0, 0x0, 0x1, 0xaf, 0xf5, 0x45, 0x73,
    0xef, 0xe0, 0x0, 0xbf, 0xff, 0xff, 0xff, 0xff,
    0xf7, 0xef, 0xe0, 0x0, 0x9f, 0xff, 0xff, 0xfe,
    0xcb, 0x93, 0xef, 0xe0, 0x0, 0x1, 0x23, 0x22,
    0x22, 0x22, 0x22, 0x55, 0x50, 0x0, 0x0, 0x7f,
    0xff, 0xff, 0xff, 0xff, 0xff, 0xe0, 0x0, 0x0,
    0x7f, 0xff, 0xff, 0xff, 0xff, 0xff, 0xe0, 0x0,
    0x0, 0x0, 0x0, 0x0, 0x0, 0x0, 0xef, 0xe0,
    0x0, 0x0, 0x0, 0x0, 0x0, 0x0, 0x0, 0xef,
    0xe0, 0x0, 0x0, 0x0, 0x0, 0x0, 0x0, 0x0,
    0xcd, 0xc0, 0x0,

    /* U+D669 "황" */
    0x0, 0x0, 0x24, 0x40, 0x0, 0x0, 0x0, 0x0,
    0x0, 0x0, 0x0, 0x9f, 0xf3, 0x0, 0x0, 0xef,
    0xe0, 0x0, 0x4f, 0xff, 0xff, 0xff, 0xff, 0xe0,
    0xef, 0xe0, 0x0, 0x4f, 0xff, 0xff, 0xff, 0xff,
    0xe0, 0xef, 0xe0, 0x0, 0x1, 0x15, 0x9a, 0xa8,
    0x31, 0x10, 0xef, 0xe0, 0x0, 0x1, 0xcf, 0xff,
    0xff, 0xf7, 0x0, 0xef, 0xe0, 0x0, 0x8, 0xff,
    0x95, 0x6d, 0xff, 0x20, 0xef, 0xff, 0xf1, 0x8,
    0xff, 0x62, 0x3b, 0xff, 0x20, 0xef, 0xff, 0xf1,
    0x1, 0xcf, 0xff, 0xff, 0xf7, 0x0, 0xef, 0xe4,
    0x40, 0x0, 0x3, 0xcf, 0xf8, 0x10, 0x0, 0xef,
    0xe0, 0x0, 0x7a, 0xab, 0xef, 0xfd, 0xdf, 0xf6,
    0xef, 0xe0, 0x0, 0x9f, 0xff, 0xff, 0xff, 0xff,
    0xe6, 0xef, 0xe0, 0x0, 0x37, 0x66, 0x65, 0x43,
    0x20, 0x0, 0xef, 0xe0, 0x0, 0x0, 0x0, 0x38,
    0xbc, 0xdd, 0xca, 0x72, 0x0, 0x0, 0x0, 0xa,
    0xff, 0xff, 0xff, 0xff, 0xff, 0x40, 0x0, 0x0,
    0x5f, 0xfc, 0x53, 0x33, 0x47, 0xff, 0xd0, 0x0,
    0x0, 0x5f, 0xfb, 0x43, 0x22, 0x36, 0xff, 0xd0,
    0x0, 0x0, 0xb, 0xff, 0xff, 0xff, 0xff, 0xff,
    0x40, 0x0, 0x0, 0x0, 0x49, 0xcd, 0xee, 0xda,
    0x71, 0x0, 0x0
};


/*---------------------
 *  GLYPH DESCRIPTION
 *--------------------*/

static const lv_font_fmt_txt_glyph_dsc_t glyph_dsc[] = {
    {.bitmap_index = 0, .adv_w = 0, .box_w = 0, .box_h = 0, .ofs_x = 0, .ofs_y = 0} /* id = 0 reserved */,
    {.bitmap_index = 0, .adv_w = 72, .box_w = 0, .box_h = 0, .ofs_x = 0, .ofs_y = 0},
    {.bitmap_index = 0, .adv_w = 104, .box_w = 4, .box_h = 14, .ofs_x = 1, .ofs_y = 0},
    {.bitmap_index = 28, .adv_w = 120, .box_w = 7, .box_h = 6, .ofs_x = 0, .ofs_y = 8},
    {.bitmap_index = 49, .adv_w = 203, .box_w = 13, .box_h = 14, .ofs_x = 0, .ofs_y = 0},
    {.bitmap_index = 140, .adv_w = 204, .box_w = 13, .box_h = 19, .ofs_x = 0, .ofs_y = -2},
    {.bitmap_index = 264, .adv_w = 318, .box_w = 18, .box_h = 14, .ofs_x = 1, .ofs_y = 0},
    {.bitmap_index = 390, .adv_w = 212, .box_w = 14, .box_h = 14, .ofs_x = 0, .ofs_y = 0},
    {.bitmap_index = 488, .adv_w = 63, .box_w = 4, .box_h = 6, .ofs_x = 0, .ofs_y = 8},
    {.bitmap_index = 500, .adv_w = 130, .box_w = 7, .box_h = 20, .ofs_x = 1, .ofs_y = -4},
    {.bitmap_index = 570, .adv_w = 130, .box_w = 7, .box_h = 20, .ofs_x = 0, .ofs_y = -4},
    {.bitmap_index = 640, .adv_w = 180, .box_w = 9, .box_h = 9, .ofs_x = 1, .ofs_y = 5},
    {.bitmap_index = 681, .adv_w = 212, .box_w = 11, .box_h = 10, .ofs_x = 1, .ofs_y = 1},
    {.bitmap_index = 736, .adv_w = 95, .box_w = 5, .box_h = 6, .ofs_x = 0, .ofs_y = -4},
    {.bitmap_index = 751, .adv_w = 145, .box_w = 7, .box_h = 3, .ofs_x = 1, .ofs_y = 5},
    {.bitmap_index = 762, .adv_w = 93, .box_w = 4, .box_h = 4, .ofs_x = 1, .ofs_y = 0},
    {.bitmap_index = 770, .adv_w = 123, .box_w = 8, .box_h = 18, .ofs_x = 0, .ofs_y = -2},
    {.bitmap_index = 842, .adv_w = 218, .box_w = 13, .box_h = 14, .ofs_x = 0, .ofs_y = 0},
    {.bitmap_index = 933, .adv_w = 153, .box_w = 8, .box_h = 14, .ofs_x = 0, .ofs_y = 0},
    {.bitmap_index = 989, .adv_w = 198, .box_w = 12, .box_h = 14, .ofs_x = 0, .ofs_y = 0},
    {.bitmap_index = 1073, .adv_w = 207, .box_w = 13, .box_h = 14, .ofs_x = 0, .ofs_y = 0},
    {.bitmap_index = 1164, .adv_w = 214, .box_w = 13, .box_h = 14, .ofs_x = 0, .ofs_y = 0},
    {.bitmap_index = 1255, .adv_w = 204, .box_w = 11, .box_h = 14, .ofs_x = 1, .ofs_y = 0},
    {.bitmap_index = 1332, .adv_w = 209, .box_w = 13, .box_h = 14, .ofs_x = 0, .ofs_y = 0},
    {.bitmap_index = 1423, .adv_w = 187, .box_w = 11, .box_h = 14, .ofs_x = 0, .ofs_y = 0},
    {.bitmap_index = 1500, .adv_w = 210, .box_w = 13, .box_h = 14, .ofs_x = 0, .ofs_y = 0},
    {.bitmap_index = 1591, .adv_w = 209, .box_w = 13, .box_h = 14, .ofs_x = 0, .ofs_y = 0},
    {.bitmap_index = 1682, .adv_w = 93, .box_w = 4, .box_h = 11, .ofs_x = 1, .ofs_y = 0},
    {.bitmap_index = 1704, .adv_w = 93, .box_w = 5, .box_h = 15, .ofs_x = 0, .ofs_y = -4},
    {.bitmap_index = 1742, .adv_w = 212, .box_w = 11, .box_h = 12, .ofs_x = 1, .ofs_y = 0},
    {.bitmap_index = 1808, .adv_w = 212, .box_w = 11, .box_h = 8, .ofs_x = 1, .ofs_y = 2},
    {.bitmap_index = 1852, .adv_w = 212, .box_w = 11, .box_h = 12, .ofs_x = 1, .ofs_y = 0},
    {.bitmap_index = 1918, .adv_w = 178, .box_w = 11, .box_h = 14, .ofs_x = 0, .ofs_y = 0},
    {.bitmap_index = 1995, .adv_w = 279, .box_w = 17, .box_h = 17, .ofs_x = 0, .ofs_y = -3},
    {.bitmap_index = 2140, .adv_w = 238, .box_w = 15, .box_h = 14, .ofs_x = 0, .ofs_y = 0},
    {.bitmap_index = 2245, .adv_w = 205, .box_w = 12, .box_h = 14, .ofs_x = 1, .ofs_y = 0},
    {.bitmap_index = 2329, .adv_w = 235, .box_w = 14, .box_h = 14, .ofs_x = 0, .ofs_y = 0},
    {.bitmap_index = 2427, .adv_w = 226, .box_w = 13, .box_h = 14, .ofs_x = 1, .ofs_y = 0},
    {.bitmap_index = 2518, .adv_w = 190, .box_w = 10, .box_h = 14, .ofs_x = 1, .ofs_y = 0},
    {.bitmap_index = 2588, .adv_w = 181, .box_w = 10, .box_h = 14, .ofs_x = 1, .ofs_y = 0},
    {.bitmap_index = 2658, .adv_w = 237, .box_w = 14, .box_h = 14, .ofs_x = 0, .ofs_y = 0},
    {.bitmap_index = 2756, .adv_w = 232, .box_w = 13, .box_h = 14, .ofs_x = 1, .ofs_y = 0},
    {.bitmap_index = 2847, .adv_w = 88, .box_w = 4, .box_h = 14, .ofs_x = 1, .ofs_y = 0},
    {.bitmap_index = 2875, .adv_w = 179, .box_w = 11, .box_h = 14, .ofs_x = 0, .ofs_y = 0},
    {.bitmap_index = 2952, .adv_w = 216, .box_w = 13, .box_h = 14, .ofs_x = 1, .ofs_y = 0},
    {.bitmap_index = 3043, .adv_w = 176, .box_w = 10, .box_h = 14, .ofs_x = 1, .ofs_y = 0},
    {.bitmap_index = 3113, .adv_w = 286, .box_w = 16, .box_h = 14, .ofs_x = 1, .ofs_y = 0},
    {.bitmap_index = 3225, .adv_w = 226, .box_w = 13, .box_h = 14, .ofs_x = 1, .ofs_y = 0},
    {.bitmap_index = 3316, .adv_w = 244, .box_w = 15, .box_h = 14, .ofs_x = 0, .ofs_y = 0},
    {.bitmap_index = 3421, .adv_w = 201, .box_w = 11, .box_h = 14, .ofs_x = 1, .ofs_y = 0},
    {.bitmap_index = 3498, .adv_w = 244, .box_w = 15, .box_h = 15, .ofs_x = 0, .ofs_y = -1},
    {.bitmap_index = 3611, .adv_w = 205, .box_w = 12, .box_h = 14, .ofs_x = 1, .ofs_y = 0},
    {.bitmap_index = 3695, .adv_w = 204, .box_w = 13, .box_h = 14, .ofs_x = 0, .ofs_y = 0},
    {.bitmap_index = 3786, .adv_w = 209, .box_w = 13, .box_h = 14, .ofs_x = 0, .ofs_y = 0},
    {.bitmap_index = 3877, .adv_w = 225, .box_w = 12, .box_h = 14, .ofs_x = 1, .ofs_y = 0},
    {.bitmap_index = 3961, .adv_w = 238, .box_w = 15, .box_h = 14, .ofs_x = 0, .ofs_y = 0},
    {.bitmap_index = 4066, .adv_w = 329, .box_w = 21, .box_h = 14, .ofs_x = 0, .ofs_y = 0},
    {.bitmap_index = 4213, .adv_w = 227, .box_w = 14, .box_h = 14, .ofs_x = 0, .ofs_y = 0},
    {.bitmap_index = 4311, .adv_w = 229, .box_w = 14, .box_h = 14, .ofs_x = 0, .ofs_y = 0},
    {.bitmap_index = 4409, .adv_w = 210, .box_w = 12, .box_h = 14, .ofs_x = 1, .ofs_y = 0},
    {.bitmap_index = 4493, .adv_w = 130, .box_w = 7, .box_h = 19, .ofs_x = 1, .ofs_y = -4},
    {.bitmap_index = 4560, .adv_w = 123, .box_w = 8, .box_h = 18, .ofs_x = 0, .ofs_y = -2},
    {.bitmap_index = 4632, .adv_w = 130, .box_w = 7, .box_h = 19, .ofs_x = 0, .ofs_y = -4},
    {.bitmap_index = 4699, .adv_w = 152, .box_w = 9, .box_h = 7, .ofs_x = 0, .ofs_y = 8},
    {.bitmap_index = 4731, .adv_w = 149, .box_w = 11, .box_h = 3, .ofs_x = -1, .ofs_y = -2},
    {.bitmap_index = 4748, .adv_w = 154, .box_w = 5, .box_h = 4, .ofs_x = 2, .ofs_y = 12},
    {.bitmap_index = 4758, .adv_w = 181, .box_w = 11, .box_h = 11, .ofs_x = 0, .ofs_y = 0},
    {.bitmap_index = 4819, .adv_w = 198, .box_w = 11, .box_h = 14, .ofs_x = 1, .ofs_y = 0},
    {.bitmap_index = 4896, .adv_w = 184, .box_w = 11, .box_h = 11, .ofs_x = 0, .ofs_y = 0},
    {.bitmap_index = 4957, .adv_w = 198, .box_w = 12, .box_h = 14, .ofs_x = 0, .ofs_y = 0},
    {.bitmap_index = 5041, .adv_w = 186, .box_w = 11, .box_h = 11, .ofs_x = 0, .ofs_y = 0},
    {.bitmap_index = 5102, .adv_w = 121, .box_w = 8, .box_h = 14, .ofs_x = 0, .ofs_y = 0},
    {.bitmap_index = 5158, .adv_w = 198, .box_w = 12, .box_h = 15, .ofs_x = 0, .ofs_y = -4},
    {.bitmap_index = 5248, .adv_w = 196, .box_w = 11, .box_h = 14, .ofs_x = 1, .ofs_y = 0},
    {.bitmap_index = 5325, .adv_w = 86, .box_w = 5, .box_h = 16, .ofs_x = 0, .ofs_y = 0},
    {.bitmap_index = 5365, .adv_w = 86, .box_w = 6, .box_h = 20, .ofs_x = -1, .ofs_y = -4},
    {.bitmap_index = 5425, .adv_w = 183, .box_w = 11, .box_h = 14, .ofs_x = 1, .ofs_y = 0},
    {.bitmap_index = 5502, .adv_w = 86, .box_w = 4, .box_h = 14, .ofs_x = 1, .ofs_y = 0},
    {.bitmap_index = 5530, .adv_w = 286, .box_w = 16, .box_h = 11, .ofs_x = 1, .ofs_y = 0},
    {.bitmap_index = 5618, .adv_w = 196, .box_w = 11, .box_h = 11, .ofs_x = 1, .ofs_y = 0},
    {.bitmap_index = 5679, .adv_w = 191, .box_w = 12, .box_h = 11, .ofs_x = 0, .ofs_y = 0},
    {.bitmap_index = 5745, .adv_w = 198, .box_w = 11, .box_h = 15, .ofs_x = 1, .ofs_y = -4},
    {.bitmap_index = 5828, .adv_w = 198, .box_w = 12, .box_h = 15, .ofs_x = 0, .ofs_y = -4},
    {.bitmap_index = 5918, .adv_w = 129, .box_w = 7, .box_h = 12, .ofs_x = 1, .ofs_y = 0},
    {.bitmap_index = 5960, .adv_w = 177, .box_w = 11, .box_h = 11, .ofs_x = 0, .ofs_y = 0},
    {.bitmap_index = 6021, .adv_w = 122, .box_w = 8, .box_h = 14, .ofs_x = 0, .ofs_y = 0},
    {.bitmap_index = 6077, .adv_w = 196, .box_w = 11, .box_h = 11, .ofs_x = 1, .ofs_y = 0},
    {.bitmap_index = 6138, .adv_w = 184, .box_w = 12, .box_h = 11, .ofs_x = 0, .ofs_y = 0},
    {.bitmap_index = 6204, .adv_w = 266, .box_w = 17, .box_h = 11, .ofs_x = 0, .ofs_y = 0},
    {.bitmap_index = 6298, .adv_w = 180, .box_w = 11, .box_h = 11, .ofs_x = 0, .ofs_y = 0},
    {.bitmap_index = 6359, .adv_w = 184, .box_w = 12, .box_h = 15, .ofs_x = 0, .ofs_y = -4},
    {.bitmap_index = 6449, .adv_w = 179, .box_w = 10, .box_h = 11, .ofs_x = 1, .ofs_y = 0},
    {.bitmap_index = 6504, .adv_w = 130, .box_w = 8, .box_h = 18, .ofs_x = 0, .ofs_y = -4},
    {.bitmap_index = 6576, .adv_w = 119, .box_w = 4, .box_h = 19, .ofs_x = 2, .ofs_y = -2},
    {.bitmap_index = 6614, .adv_w = 130, .box_w = 8, .box_h = 18, .ofs_x = 0, .ofs_y = -4},
    {.bitmap_index = 6686, .adv_w = 212, .box_w = 11, .box_h = 4, .ofs_x = 1, .ofs_y = 4},
    {.bitmap_index = 6708, .adv_w = 93, .box_w = 4, .box_h = 4, .ofs_x = 1, .ofs_y = 5},
    {.bitmap_index = 6716, .adv_w = 277, .box_w = 18, .box_h = 19, .ofs_x = 0, .ofs_y = -2},
    {.bitmap_index = 6887, .adv_w = 277, .box_w = 17, .box_h = 19, .ofs_x = 0, .ofs_y = -2},
    {.bitmap_index = 7049, .adv_w = 277, .box_w = 17, .box_h = 19, .ofs_x = 0, .ofs_y = -2},
    {.bitmap_index = 7211, .adv_w = 277, .box_w = 16, .box_h = 19, .ofs_x = 0, .ofs_y = -2},
    {.bitmap_index = 7363, .adv_w = 277, .box_w = 17, .box_h = 19, .ofs_x = 0, .ofs_y = -2},
    {.bitmap_index = 7525, .adv_w = 277, .box_w = 16, .box_h = 18, .ofs_x = 0, .ofs_y = -2},
    {.bitmap_index = 7669, .adv_w = 277, .box_w = 17, .box_h = 19, .ofs_x = 0, .ofs_y = -2},
    {.bitmap_index = 7831, .adv_w = 277, .box_w = 17, .box_h = 15, .ofs_x = 0, .ofs_y = 0},
    {.bitmap_index = 7959, .adv_w = 277, .box_w = 17, .box_h = 18, .ofs_x = 0, .ofs_y = -2},
    {.bitmap_index = 8112, .adv_w = 277, .box_w = 18, .box_h = 19, .ofs_x = 0, .ofs_y = -2},
    {.bitmap_index = 8283, .adv_w = 277, .box_w = 18, .box_h = 19, .ofs_x = 0, .ofs_y = -2},
    {.bitmap_index = 8454, .adv_w = 277, .box_w = 17, .box_h = 18, .ofs_x = 0, .ofs_y = -2},
    {.bitmap_index = 8607, .adv_w = 277, .box_w = 17, .box_h = 18, .ofs_x = 0, .ofs_y = -2},
    {.bitmap_index = 8760, .adv_w = 277, .box_w = 17, .box_h = 18, .ofs_x = 0, .ofs_y = -2},
    {.bitmap_index = 8913, .adv_w = 277, .box_w = 16, .box_h = 19, .ofs_x = 0, .ofs_y = -2},
    {.bitmap_index = 9065, .adv_w = 277, .box_w = 16, .box_h = 19, .ofs_x = 0, .ofs_y = -2},
    {.bitmap_index = 9217, .adv_w = 277, .box_w = 17, .box_h = 18, .ofs_x = 0, .ofs_y = -2},
    {.bitmap_index = 9370, .adv_w = 277, .box_w = 17, .box_h = 19, .ofs_x = 1, .ofs_y = -2},
    {.bitmap_index = 9532, .adv_w = 277, .box_w = 15, .box_h = 19, .ofs_x = 1, .ofs_y = -2},
    {.bitmap_index = 9675, .adv_w = 277, .box_w = 17, .box_h = 19, .ofs_x = 1, .ofs_y = -3},
    {.bitmap_index = 9837, .adv_w = 277, .box_w = 16, .box_h = 19, .ofs_x = 0, .ofs_y = -2},
    {.bitmap_index = 9989, .adv_w = 277, .box_w = 17, .box_h = 15, .ofs_x = 0, .ofs_y = 0},
    {.bitmap_index = 10117, .adv_w = 277, .box_w = 17, .box_h = 18, .ofs_x = 0, .ofs_y = -2},
    {.bitmap_index = 10270, .adv_w = 277, .box_w = 17, .box_h = 19, .ofs_x = 0, .ofs_y = -2},
    {.bitmap_index = 10432, .adv_w = 277, .box_w = 16, .box_h = 19, .ofs_x = 0, .ofs_y = -2},
    {.bitmap_index = 10584, .adv_w = 277, .box_w = 17, .box_h = 18, .ofs_x = 0, .ofs_y = -2},
    {.bitmap_index = 10737, .adv_w = 277, .box_w = 17, .box_h = 18, .ofs_x = 0, .ofs_y = -2},
    {.bitmap_index = 10890, .adv_w = 277, .box_w = 18, .box_h = 19, .ofs_x = 0, .ofs_y = -2},
    {.bitmap_index = 11061, .adv_w = 277, .box_w = 17, .box_h = 19, .ofs_x = 1, .ofs_y = -2},
    {.bitmap_index = 11223, .adv_w = 277, .box_w = 17, .box_h = 19, .ofs_x = 1, .ofs_y = -2},
    {.bitmap_index = 11385, .adv_w = 277, .box_w = 16, .box_h = 19, .ofs_x = 0, .ofs_y = -2},
    {.bitmap_index = 11537, .adv_w = 277, .box_w = 15, .box_h = 19, .ofs_x = 1, .ofs_y = -2},
    {.bitmap_index = 11680, .adv_w = 277, .box_w = 17, .box_h = 16, .ofs_x = 0, .ofs_y = -1},
    {.bitmap_index = 11816, .adv_w = 277, .box_w = 17, .box_h = 15, .ofs_x = 0, .ofs_y = 0},
    {.bitmap_index = 11944, .adv_w = 277, .box_w = 17, .box_h = 18, .ofs_x = 0, .ofs_y = -2},
    {.bitmap_index = 12097, .adv_w = 277, .box_w = 15, .box_h = 19, .ofs_x = 1, .ofs_y = -2},
    {.bitmap_index = 12240, .adv_w = 277, .box_w = 18, .box_h = 19, .ofs_x = 0, .ofs_y = -2},
    {.bitmap_index = 12411, .adv_w = 277, .box_w = 18, .box_h = 19, .ofs_x = 0, .ofs_y = -2},
    {.bitmap_index = 12582, .adv_w = 277, .box_w = 18, .box_h = 19, .ofs_x = 0, .ofs_y = -2},
    {.bitmap_index = 12753, .adv_w = 277, .box_w = 17, .box_h = 15, .ofs_x = 0, .ofs_y = 0},
    {.bitmap_index = 12881, .adv_w = 277, .box_w = 17, .box_h = 18, .ofs_x = 0, .ofs_y = -2},
    {.bitmap_index = 13034, .adv_w = 277, .box_w = 17, .box_h = 18, .ofs_x = 0, .ofs_y = -2},
    {.bitmap_index = 13187, .adv_w = 277, .box_w = 16, .box_h = 19, .ofs_x = 1, .ofs_y = -2},
    {.bitmap_index = 13339, .adv_w = 277, .box_w = 17, .box_h = 15, .ofs_x = 0, .ofs_y = 0},
    {.bitmap_index = 13467, .adv_w = 277, .box_w = 18, .box_h = 19, .ofs_x = 0, .ofs_y = -2},
    {.bitmap_index = 13638, .adv_w = 277, .box_w = 18, .box_h = 19, .ofs_x = 0, .ofs_y = -2},
    {.bitmap_index = 13809, .adv_w = 277, .box_w = 16, .box_h = 19, .ofs_x = 0, .ofs_y = -3},
    {.bitmap_index = 13961, .adv_w = 277, .box_w = 17, .box_h = 19, .ofs_x = 0, .ofs_y = -2},
    {.bitmap_index = 14123, .adv_w = 277, .box_w = 17, .box_h = 19, .ofs_x = 0, .ofs_y = -2},
    {.bitmap_index = 14285, .adv_w = 277, .box_w = 17, .box_h = 18, .ofs_x = 0, .ofs_y = -2},
    {.bitmap_index = 14438, .adv_w = 277, .box_w = 17, .box_h = 18, .ofs_x = 0, .ofs_y = -2},
    {.bitmap_index = 14591, .adv_w = 277, .box_w = 16, .box_h = 19, .ofs_x = 0, .ofs_y = -2},
    {.bitmap_index = 14743, .adv_w = 277, .box_w = 16, .box_h = 19, .ofs_x = 0, .ofs_y = -2},
    {.bitmap_index = 14895, .adv_w = 277, .box_w = 16, .box_h = 19, .ofs_x = 0, .ofs_y = -2},
    {.bitmap_index = 15047, .adv_w = 277, .box_w = 18, .box_h = 19, .ofs_x = 0, .ofs_y = -2},
    {.bitmap_index = 15218, .adv_w = 277, .box_w = 18, .box_h = 19, .ofs_x = 0, .ofs_y = -2},
    {.bitmap_index = 15389, .adv_w = 277, .box_w = 18, .box_h = 19, .ofs_x = 0, .ofs_y = -2},
    {.bitmap_index = 15560, .adv_w = 277, .box_w = 18, .box_h = 19, .ofs_x = 0, .ofs_y = -2},
    {.bitmap_index = 15731, .adv_w = 277, .box_w = 18, .box_h = 20, .ofs_x = 0, .ofs_y = -3},
    {.bitmap_index = 15911, .adv_w = 277, .box_w = 17, .box_h = 19, .ofs_x = 0, .ofs_y = -2},
    {.bitmap_index = 16073, .adv_w = 277, .box_w = 17, .box_h = 18, .ofs_x = 0, .ofs_y = -2},
    {.bitmap_index = 16226, .adv_w = 277, .box_w = 16, .box_h = 19, .ofs_x = 0, .ofs_y = -2},
    {.bitmap_index = 16378, .adv_w = 277, .box_w = 17, .box_h = 16, .ofs_x = 0, .ofs_y = 0},
    {.bitmap_index = 16514, .adv_w = 277, .box_w = 17, .box_h = 18, .ofs_x = 0, .ofs_y = -2},
    {.bitmap_index = 16667, .adv_w = 277, .box_w = 17, .box_h = 18, .ofs_x = 0, .ofs_y = -2},
    {.bitmap_index = 16820, .adv_w = 277, .box_w = 17, .box_h = 18, .ofs_x = 0, .ofs_y = -2},
    {.bitmap_index = 16973, .adv_w = 277, .box_w = 16, .box_h = 19, .ofs_x = 0, .ofs_y = -2},
    {.bitmap_index = 17125, .adv_w = 277, .box_w = 17, .box_h = 18, .ofs_x = 0, .ofs_y = -2},
    {.bitmap_index = 17278, .adv_w = 277, .box_w = 17, .box_h = 18, .ofs_x = 0, .ofs_y = -2},
    {.bitmap_index = 17431, .adv_w = 277, .box_w = 17, .box_h = 18, .ofs_x = 0, .ofs_y = -2},
    {.bitmap_index = 17584, .adv_w = 277, .box_w = 17, .box_h = 18, .ofs_x = 0, .ofs_y = -2},
    {.bitmap_index = 17737, .adv_w = 277, .box_w = 17, .box_h = 18, .ofs_x = 0, .ofs_y = -2},
    {.bitmap_index = 17890, .adv_w = 277, .box_w = 16, .box_h = 19, .ofs_x = 0, .ofs_y = -2},
    {.bitmap_index = 18042, .adv_w = 277, .box_w = 16, .box_h = 19, .ofs_x = 0, .ofs_y = -2},
    {.bitmap_index = 18194, .adv_w = 277, .box_w = 17, .box_h = 19, .ofs_x = 0, .ofs_y = -2},
    {.bitmap_index = 18356, .adv_w = 277, .box_w = 16, .box_h = 19, .ofs_x = 0, .ofs_y = -2},
    {.bitmap_index = 18508, .adv_w = 277, .box_w = 18, .box_h = 19, .ofs_x = 0, .ofs_y = -2},
    {.bitmap_index = 18679, .adv_w = 277, .box_w = 17, .box_h = 19, .ofs_x = -1, .ofs_y = -2},
    {.bitmap_index = 18841, .adv_w = 277, .box_w = 17, .box_h = 18, .ofs_x = 0, .ofs_y = -2},
    {.bitmap_index = 18994, .adv_w = 277, .box_w = 16, .box_h = 19, .ofs_x = 0, .ofs_y = -2},
    {.bitmap_index = 19146, .adv_w = 277, .box_w = 16, .box_h = 19, .ofs_x = 0, .ofs_y = -2},
    {.bitmap_index = 19298, .adv_w = 277, .box_w = 17, .box_h = 19, .ofs_x = -1, .ofs_y = -2},
    {.bitmap_index = 19460, .adv_w = 277, .box_w = 17, .box_h = 18, .ofs_x = 0, .ofs_y = -2},
    {.bitmap_index = 19613, .adv_w = 277, .box_w = 17, .box_h = 18, .ofs_x = 0, .ofs_y = -2},
    {.bitmap_index = 19766, .adv_w = 277, .box_w = 17, .box_h = 18, .ofs_x = 0, .ofs_y = -2},
    {.bitmap_index = 19919, .adv_w = 277, .box_w = 16, .box_h = 19, .ofs_x = 0, .ofs_y = -2},
    {.bitmap_index = 20071, .adv_w = 277, .box_w = 16, .box_h = 18, .ofs_x = 0, .ofs_y = -2},
    {.bitmap_index = 20215, .adv_w = 277, .box_w = 16, .box_h = 19, .ofs_x = 0, .ofs_y = -2},
    {.bitmap_index = 20367, .adv_w = 277, .box_w = 17, .box_h = 19, .ofs_x = 0, .ofs_y = -2},
    {.bitmap_index = 20529, .adv_w = 277, .box_w = 17, .box_h = 18, .ofs_x = 0, .ofs_y = -2},
    {.bitmap_index = 20682, .adv_w = 277, .box_w = 15, .box_h = 19, .ofs_x = 1, .ofs_y = -2},
    {.bitmap_index = 20825, .adv_w = 277, .box_w = 17, .box_h = 18, .ofs_x = 0, .ofs_y = -2},
    {.bitmap_index = 20978, .adv_w = 277, .box_w = 16, .box_h = 19, .ofs_x = 0, .ofs_y = -2},
    {.bitmap_index = 21130, .adv_w = 277, .box_w = 18, .box_h = 19, .ofs_x = 0, .ofs_y = -2},
    {.bitmap_index = 21301, .adv_w = 277, .box_w = 16, .box_h = 19, .ofs_x = 0, .ofs_y = -2},
    {.bitmap_index = 21453, .adv_w = 277, .box_w = 16, .box_h = 19, .ofs_x = 0, .ofs_y = -2},
    {.bitmap_index = 21605, .adv_w = 277, .box_w = 16, .box_h = 19, .ofs_x = 0, .ofs_y = -2},
    {.bitmap_index = 21757, .adv_w = 277, .box_w = 17, .box_h = 19, .ofs_x = 0, .ofs_y = -2},
    {.bitmap_index = 21919, .adv_w = 277, .box_w = 18, .box_h = 19, .ofs_x = 0, .ofs_y = -2},
    {.bitmap_index = 22090, .adv_w = 277, .box_w = 18, .box_h = 19, .ofs_x = 0, .ofs_y = -2},
    {.bitmap_index = 22261, .adv_w = 277, .box_w = 18, .box_h = 19, .ofs_x = 0, .ofs_y = -2}
};

/*---------------------
 *  CHARACTER MAPPING
 *--------------------*/

static const uint16_t unicode_list_1[] = {
    0x0, 0xab4d, 0xabbd, 0xabd5, 0xabf2, 0xabf9, 0xac06, 0xac0d,
    0xac29, 0xac3e, 0xac45, 0xac49, 0xacb5, 0xad45, 0xad52, 0xad79,
    0xad89, 0xaf93, 0xafe2, 0xaffd, 0xb22d, 0xb249, 0xb30d, 0xb322,
    0xb365, 0xb371, 0xb399, 0xb429, 0xb479, 0xb6c5, 0xb6d5, 0xb751,
    0xb76d, 0xb7a5, 0xb8bd, 0xb8c5, 0xb905, 0xb911, 0xb912, 0xb919,
    0xb9f1, 0xba85, 0xbaf5, 0xbc09, 0xbc3d, 0xbff5, 0xc00a, 0xc065,
    0xc081, 0xc0a1, 0xc0d6, 0xc161, 0xc225, 0xc229, 0xc235, 0xc491,
    0xc495, 0xc4a2, 0xc4a7, 0xc50f, 0xc519, 0xc539, 0xc54a, 0xc5dd,
    0xc5fd, 0xc609, 0xc619, 0xc64d, 0xc669, 0xc689, 0xc68d, 0xc695,
    0xc69a, 0xc6a1, 0xc6bd, 0xc6c1, 0xc6ce, 0xc6ee, 0xc6f5, 0xc74d,
    0xc75a, 0xc75e, 0xc765, 0xc845, 0xc85a, 0xc8d2, 0xc909, 0xcbf6,
    0xcbfd, 0xcce5, 0xcd6a, 0xd025, 0xd0fe, 0xd485, 0xd4a1, 0xd4bd,
    0xd4d2, 0xd521, 0xd54d, 0xd59d, 0xd59e, 0xd5b2
};

/*Collect the unicode lists and glyph_id offsets*/
static const lv_font_fmt_txt_cmap_t cmaps[] =
{
    {
        .range_start = 32, .range_length = 95, .glyph_id_start = 1,
        .unicode_list = NULL, .glyph_id_ofs_list = NULL, .list_length = 0, .type = LV_FONT_FMT_TXT_CMAP_FORMAT0_TINY
    },
    {
        .range_start = 183, .range_length = 54707, .glyph_id_start = 96,
        .unicode_list = unicode_list_1, .glyph_id_ofs_list = NULL, .list_length = 102, .type = LV_FONT_FMT_TXT_CMAP_SPARSE_TINY
    }
};

/*-----------------
 *    KERNING
 *----------------*/


/*Pair left and right glyphs for kerning*/
static const uint8_t kern_pair_glyph_ids[] =
{
    3, 7,
    3, 13,
    3, 15,
    3, 21,
    3, 34,
    3, 43,
    7, 3,
    7, 8,
    8, 7,
    8, 13,
    8, 15,
    8, 21,
    8, 34,
    8, 43,
    9, 68,
    9, 69,
    9, 70,
    9, 72,
    9, 75,
    9, 80,
    9, 82,
    11, 7,
    11, 13,
    11, 15,
    11, 21,
    11, 34,
    11, 43,
    11, 64,
    12, 19,
    12, 20,
    12, 24,
    12, 53,
    12, 55,
    12, 56,
    12, 57,
    12, 58,
    12, 61,
    12, 89,
    13, 1,
    13, 2,
    13, 3,
    13, 8,
    13, 17,
    13, 18,
    13, 20,
    13, 22,
    13, 23,
    13, 24,
    13, 25,
    13, 26,
    13, 32,
    13, 53,
    13, 58,
    13, 65,
    14, 19,
    14, 20,
    14, 24,
    14, 53,
    14, 55,
    14, 56,
    14, 57,
    14, 58,
    14, 61,
    14, 89,
    15, 1,
    15, 2,
    15, 3,
    15, 8,
    15, 17,
    15, 18,
    15, 20,
    15, 22,
    15, 23,
    15, 24,
    15, 25,
    15, 26,
    15, 32,
    15, 53,
    15, 58,
    15, 65,
    16, 13,
    16, 15,
    16, 43,
    16, 55,
    16, 56,
    16, 61,
    17, 13,
    17, 15,
    17, 24,
    17, 58,
    17, 64,
    18, 13,
    18, 15,
    19, 21,
    21, 13,
    21, 15,
    21, 18,
    22, 13,
    22, 15,
    23, 13,
    23, 15,
    23, 64,
    24, 4,
    24, 7,
    24, 13,
    24, 15,
    24, 17,
    24, 20,
    24, 21,
    24, 22,
    24, 23,
    24, 24,
    24, 25,
    24, 26,
    24, 27,
    24, 28,
    24, 29,
    24, 34,
    24, 43,
    24, 64,
    24, 66,
    24, 68,
    24, 69,
    24, 70,
    24, 72,
    24, 80,
    24, 82,
    24, 84,
    26, 13,
    26, 15,
    26, 24,
    26, 58,
    26, 64,
    27, 53,
    27, 55,
    27, 61,
    28, 53,
    28, 55,
    28, 61,
    31, 24,
    32, 34,
    60, 68,
    60, 69,
    60, 70,
    60, 72,
    60, 75,
    60, 80,
    60, 82,
    61, 13,
    61, 15,
    61, 53,
    61, 55,
    61, 56,
    61, 61,
    61, 87,
    61, 90,
    63, 7,
    63, 13,
    63, 15,
    63, 21,
    63, 34,
    63, 43,
    63, 64,
    64, 11,
    64, 17,
    64, 18,
    64, 20,
    64, 21,
    64, 22,
    64, 23,
    64, 25,
    64, 26,
    64, 36,
    64, 40,
    64, 48,
    64, 50,
    64, 53,
    64, 54,
    64, 55,
    64, 61,
    64, 63,
    64, 74,
    64, 75,
    64, 78,
    64, 79,
    64, 81,
    64, 83,
    64, 87,
    64, 90,
    92, 68,
    92, 69,
    92, 70,
    92, 72,
    92, 75,
    92, 80,
    92, 82,
    95, 19,
    95, 20,
    95, 24,
    95, 53,
    95, 55,
    95, 56,
    95, 57,
    95, 58,
    95, 61,
    95, 89,
    96, 19,
    96, 20,
    96, 24,
    96, 34,
    96, 43,
    96, 53,
    96, 55,
    96, 56,
    96, 57,
    96, 58,
    96, 61,
    96, 89
};

/* Kerning between the respective left and right glyphs
 * 4.4 format which needs to scaled with `kern_scale`*/
static const int8_t kern_pair_values[] =
{
    -11, -29, -29, -19, -25, -51, -11, -11,
    -11, -29, -29, -19, -25, -51, -1, -1,
    -1, -1, 2, -1, -1, -11, -42, -42,
    -14, -32, -30, -21, -5, -1, -10, -6,
    -4, -4, -15, -6, -4, -7, -13, -5,
    -33, -33, -10, -29, -7, -1, -10, -9,
    -10, -5, -34, -11, -24, -42, -5, -1,
    -10, -6, -4, -4, -15, -6, -4, -7,
    -13, -5, -33, -33, -10, -29, -7, -1,
    -10, -9, -10, -5, -34, -11, -24, -42,
    -12, -12, -19, 3, 3, 3, -10, -10,
    -6, -11, -14, -12, -12, -5, -2, -2,
    -3, -7, -7, -9, -9, -14, -18, -14,
    -39, -39, -5, -5, -18, -3, -5, 6,
    -4, -3, -11, -11, -28, -34, -30, -50,
    -14, -16, -16, -16, -16, -16, -16, -12,
    -10, -10, -6, -11, -14, -11, -19, -19,
    -11, -19, -19, -23, -19, -1, -1, -1,
    -1, 2, -1, -1, 12, 12, -12, -18,
    -18, -18, -16, -16, -11, -42, -42, -14,
    -32, -30, -21, -21, -14, -34, -14, -18,
    -14, -14, -14, -14, -12, -12, -12, -12,
    -18, -12, -25, -25, -21, 11, 30, 14,
    14, 14, 14, -25, -25, -1, -1, -1,
    -1, 2, -1, -1, -5, -1, -10, -6,
    -4, -4, -15, -6, -4, -7, -5, -1,
    -10, -11, -14, -25, -12, -4, -14, -16,
    -12, -7
};

/*Collect the kern pair's data in one place*/
static const lv_font_fmt_txt_kern_pair_t kern_pairs =
{
    .glyph_ids = kern_pair_glyph_ids,
    .values = kern_pair_values,
    .pair_cnt = 218,
    .glyph_ids_size = 0
};

/*--------------------
 *  ALL CUSTOM DATA
 *--------------------*/

#if LVGL_VERSION_MAJOR == 8
/*Store all the custom data of the font*/
static  lv_font_fmt_txt_glyph_cache_t cache;
#endif

#if LVGL_VERSION_MAJOR >= 8
static const lv_font_fmt_txt_dsc_t font_dsc = {
#else
static lv_font_fmt_txt_dsc_t font_dsc = {
#endif
    .glyph_bitmap = glyph_bitmap,
    .glyph_dsc = glyph_dsc,
    .cmaps = cmaps,
    .kern_dsc = &kern_pairs,
    .kern_scale = 16,
    .cmap_num = 2,
    .bpp = 4,
    .kern_classes = 0,
    .bitmap_format = 0,
#if LVGL_VERSION_MAJOR == 8
    .cache = &cache
#endif
};



/*-----------------
 *  PUBLIC FONT
 *----------------*/

/*Initialize a public general font descriptor*/
#if LVGL_VERSION_MAJOR >= 8
const lv_font_t cg_font_20_bold = {
#else
lv_font_t cg_font_20_bold = {
#endif
    .get_glyph_dsc = lv_font_get_glyph_dsc_fmt_txt,    /*Function pointer to get glyph's data*/
    .get_glyph_bitmap = lv_font_get_bitmap_fmt_txt,    /*Function pointer to get glyph's bitmap*/
    .line_height = 21,          /*The maximum line height required by the font*/
    .base_line = 4,             /*Baseline measured from the bottom of the line*/
#if !(LVGL_VERSION_MAJOR == 6 && LVGL_VERSION_MINOR == 0)
    .subpx = LV_FONT_SUBPX_NONE,
#endif
#if LV_VERSION_CHECK(7, 4, 0) || LVGL_VERSION_MAJOR >= 8
    .underline_position = -3,
    .underline_thickness = 1,
#endif
    .dsc = &font_dsc,          /*The custom font data. Will be accessed by `get_glyph_bitmap/dsc` */
#if LV_VERSION_CHECK(8, 2, 0) || LVGL_VERSION_MAJOR >= 9
    .fallback = NULL,
#endif
    .user_data = NULL,
};



#endif /*#if CG_FONT_20_BOLD*/
