/*******************************************************************************
 * Size: 20 px
 * Bpp: 4
 * Generated by device/generate-assets.mjs. Font: CG UI 20px weight 400 (Pretendard subset, SIL OFL 1.1).
 ******************************************************************************/

#ifdef LV_LVGL_H_INCLUDE_SIMPLE
#include "lvgl.h"
#else
#include "lvgl/lvgl.h"
#endif

#ifndef CG_FONT_20
#define CG_FONT_20 1
#endif

#if CG_FONT_20

/*-----------------
 *    BITMAPS
 *----------------*/

/*Store the image of the glyphs*/
static LV_ATTRIBUTE_LARGE_CONST const uint8_t glyph_bitmap[] = {
    /* U+0020 " " */

    /* U+0021 "!" */
    0x6f, 0x86, 0xf7, 0x5f, 0x75, 0xf7, 0x5f, 0x75,
    0xf7, 0x5f, 0x64, 0xf6, 0x4f, 0x64, 0xf6, 0x16,
    0x22, 0x82, 0xaf, 0xc5, 0xf7,

    /* U+0022 "\"" */
    0xcc, 0x3, 0xf5, 0xcc, 0x3, 0xf5, 0xcc, 0x3,
    0xf5, 0xcc, 0x3, 0xf5, 0xcc, 0x3, 0xf5,

    /* U+0023 "#" */
    0x0, 0x2, 0xf4, 0x0, 0x2f, 0x40, 0x0, 0x4,
    0xf2, 0x0, 0x5f, 0x10, 0x0, 0x7, 0xf0, 0x0,
    0x7f, 0x0, 0xd, 0xff, 0xff, 0xff, 0xff, 0xfb,
    0x6, 0x7e, 0xc7, 0x77, 0xec, 0x74, 0x0, 0xf,
    0x70, 0x0, 0xf7, 0x0, 0x0, 0x2f, 0x40, 0x2,
    0xf4, 0x0, 0x0, 0x4f, 0x20, 0x5, 0xf1, 0x0,
    0x12, 0x8f, 0x22, 0x28, 0xf2, 0x10, 0xbf, 0xff,
    0xff, 0xff, 0xff, 0xe0, 0x45, 0xeb, 0x55, 0x5e,
    0xb5, 0x30, 0x0, 0xf7, 0x0, 0xf, 0x70, 0x0,
    0x2, 0xf4, 0x0, 0x2f, 0x40, 0x0, 0x4, 0xf2,
    0x0, 0x4f, 0x10, 0x0,

    /* U+0024 "$" */
    0x0, 0x0, 0x4, 0x50, 0x0, 0x0, 0x0, 0x0,
    0x8, 0xa0, 0x0, 0x0, 0x0, 0x0, 0x8, 0xa0,
    0x0, 0x0, 0x0, 0x6, 0xcf, 0xfd, 0x91, 0x0,
    0x0, 0xbf, 0xed, 0xec, 0xfe, 0x20, 0x6, 0xf9,
    0x8, 0xa0, 0x5f, 0xb0, 0xa, 0xf1, 0x8, 0xa0,
    0x8, 0xa0, 0x8, 0xf3, 0x8, 0xa0, 0x0, 0x0,
    0x2, 0xfe, 0x79, 0xa0, 0x0, 0x0, 0x0, 0x2b,
    0xff, 0xe8, 0x30, 0x0, 0x0, 0x0, 0x2b, 0xef,
    0xfb, 0x10, 0x0, 0x0, 0x8, 0xa0, 0x7f, 0xc0,
    0x0, 0x0, 0x8, 0xa0, 0x9, 0xf2, 0xc, 0xb0,
    0x8, 0xa0, 0xa, 0xf2, 0xb, 0xf7, 0x8, 0xa0,
    0x5f, 0xd0, 0x2, 0xef, 0xed, 0xed, 0xff, 0x40,
    0x0, 0x18, 0xdf, 0xfd, 0x92, 0x0, 0x0, 0x0,
    0x8, 0xa0, 0x0, 0x0, 0x0, 0x0, 0x4, 0x50,
    0x0, 0x0,

    /* U+0025 "%" */
    0x5, 0xef, 0xc2, 0x0, 0x0, 0xb, 0xd0, 0x2,
    0xf9, 0x4c, 0xd0, 0x0, 0x7, 0xf2, 0x0, 0x7f,
    0x0, 0x5f, 0x10, 0x2, 0xf7, 0x0, 0x7, 0xf0,
    0x5, 0xf2, 0x0, 0xdb, 0x0, 0x0, 0x4f, 0x61,
    0xbe, 0x0, 0x8f, 0x10, 0x0, 0x0, 0x9f, 0xfe,
    0x40, 0x3f, 0x50, 0x0, 0x0, 0x0, 0x13, 0x0,
    0xd, 0xa0, 0x0, 0x0, 0x0, 0x0, 0x0, 0x9,
    0xe1, 0x9, 0xff, 0x80, 0x0, 0x0, 0x4, 0xf4,
    0x7, 0xf5, 0x6f, 0x50, 0x0, 0x1, 0xe9, 0x0,
    0xca, 0x0, 0xca, 0x0, 0x0, 0xbd, 0x0, 0xd,
    0x80, 0xa, 0xc0, 0x0, 0x6f, 0x30, 0x0, 0xca,
    0x0, 0xca, 0x0, 0x2f, 0x70, 0x0, 0x7, 0xf6,
    0x6f, 0x50, 0xc, 0xc0, 0x0, 0x0, 0x9, 0xfe,
    0x70,

    /* U+0026 "&" */
    0x0, 0x8, 0xef, 0xd7, 0x0, 0x0, 0x0, 0x8,
    0xfc, 0x8c, 0xf7, 0x0, 0x0, 0x0, 0xed, 0x0,
    0xe, 0xd0, 0x0, 0x0, 0xf, 0xb0, 0x0, 0xec,
    0x0, 0x0, 0x0, 0xbf, 0x20, 0xaf, 0x60, 0x0,
    0x0, 0x2, 0xfd, 0xdf, 0x80, 0x0, 0x0, 0x0,
    0xa, 0xff, 0x50, 0x0, 0x0, 0x0, 0xb, 0xfe,
    0xf8, 0x0, 0x25, 0x10, 0xa, 0xf9, 0xa, 0xf6,
    0x7, 0xf2, 0x1, 0xfd, 0x0, 0xc, 0xf4, 0xbf,
    0x0, 0x2f, 0x90, 0x0, 0x1d, 0xff, 0xa0, 0x0,
    0xee, 0x10, 0x0, 0x4f, 0xf2, 0x0, 0x5, 0xfd,
    0x65, 0x8f, 0xff, 0xb0, 0x0, 0x3, 0xbe, 0xfe,
    0x91, 0x6f, 0x90,

    /* U+0027 "'" */
    0xcc, 0xcc, 0xcc, 0xcc, 0xcc,

    /* U+0028 "(" */
    0x0, 0xb, 0xc0, 0x0, 0x4f, 0x40, 0x0, 0xcd,
    0x0, 0x3, 0xf8, 0x0, 0x8, 0xf3, 0x0, 0xc,
    0xf0, 0x0, 0xf, 0xc0, 0x0, 0x1f, 0xa0, 0x0,
    0x2f, 0x80, 0x0, 0x3f, 0x80, 0x0, 0x2f, 0x80,
    0x0, 0x1f, 0xa0, 0x0, 0xf, 0xc0, 0x0, 0xc,
    0xf0, 0x0, 0x8, 0xf3, 0x0, 0x2, 0xf8, 0x0,
    0x0, 0xcd, 0x0, 0x0, 0x4f, 0x40, 0x0, 0xb,
    0xc0,

    /* U+0029 ")" */
    0xe, 0x80, 0x0, 0x7, 0xf2, 0x0, 0x1, 0xf9,
    0x0, 0x0, 0xbf, 0x0, 0x0, 0x6f, 0x50, 0x0,
    0x2f, 0x90, 0x0, 0xf, 0xc0, 0x0, 0xd, 0xe0,
    0x0, 0xb, 0xf0, 0x0, 0xb, 0xf0, 0x0, 0xb,
    0xf0, 0x0, 0xd, 0xe0, 0x0, 0xf, 0xc0, 0x0,
    0x2f, 0x90, 0x0, 0x6f, 0x50, 0x0, 0xbf, 0x0,
    0x1, 0xf9, 0x0, 0x7, 0xf2, 0x0, 0xe, 0x80,
    0x0,

    /* U+002A "*" */
    0x0, 0x0, 0xf5, 0x0, 0x0, 0x41, 0xe, 0x50,
    0x50, 0xd, 0xe5, 0xd6, 0xbf, 0x40, 0x7, 0xff,
    0xfb, 0x20, 0x0, 0x5d, 0xff, 0x81, 0x0, 0xcf,
    0x7e, 0x7d, 0xf3, 0x6, 0x20, 0xe4, 0x7, 0x0,
    0x0, 0xe, 0x50, 0x0, 0x0, 0x0, 0x20, 0x0,
    0x0,

    /* U+002B "+" */
    0x0, 0x0, 0x48, 0x0, 0x0, 0x0, 0x0, 0x8f,
    0x0, 0x0, 0x0, 0x0, 0x8f, 0x0, 0x0, 0x0,
    0x0, 0x8f, 0x0, 0x0, 0x29, 0x99, 0xdf, 0xa9,
    0x98, 0x4f, 0xff, 0xff, 0xff, 0xfd, 0x0, 0x0,
    0x8f, 0x0, 0x0, 0x0, 0x0, 0x8f, 0x0, 0x0,
    0x0, 0x0, 0x8f, 0x0, 0x0, 0x0, 0x0, 0x8f,
    0x0, 0x0,

    /* U+002C "," */
    0x2, 0x73, 0x8, 0xf4, 0xb, 0xf0, 0xe, 0xb0,
    0x1f, 0x70, 0x4f, 0x20,

    /* U+002D "-" */
    0x79, 0x99, 0x99, 0x3c, 0xff, 0xff, 0xf6,

    /* U+002E "." */
    0x28, 0x2a, 0xfb, 0x6f, 0x70,

    /* U+002F "/" */
    0x0, 0x0, 0x18, 0x20, 0x0, 0x6, 0xf2, 0x0,
    0x0, 0xad, 0x0, 0x0, 0xe, 0x90, 0x0, 0x3,
    0xf5, 0x0, 0x0, 0x7f, 0x10, 0x0, 0xb, 0xd0,
    0x0, 0x0, 0xf8, 0x0, 0x0, 0x3f, 0x40, 0x0,
    0x7, 0xf0, 0x0, 0x0, 0xcc, 0x0, 0x0, 0xf,
    0x80, 0x0, 0x4, 0xf4, 0x0, 0x0, 0x8f, 0x0,
    0x0, 0xc, 0xb0, 0x0, 0x1, 0xf7, 0x0, 0x0,
    0x5f, 0x30, 0x0, 0x9, 0xe0, 0x0, 0x0,

    /* U+0030 "0" */
    0x0, 0x4c, 0xff, 0xb3, 0x0, 0x6, 0xfe, 0x9a,
    0xff, 0x50, 0x1f, 0xd1, 0x0, 0x2e, 0xe0, 0x7f,
    0x50, 0x0, 0x6, 0xf6, 0xbf, 0x0, 0x0, 0x1,
    0xfa, 0xed, 0x0, 0x0, 0x0, 0xed, 0xfb, 0x0,
    0x0, 0x0, 0xde, 0xfb, 0x0, 0x0, 0x0, 0xde,
    0xed, 0x0, 0x0, 0x0, 0xed, 0xcf, 0x0, 0x0,
    0x1, 0xfa, 0x7f, 0x50, 0x0, 0x6, 0xf6, 0x1f,
    0xe1, 0x0, 0x2e, 0xf1, 0x6, 0xff, 0xaa, 0xff,
    0x50, 0x0, 0x4c, 0xff, 0xb4, 0x0,

    /* U+0031 "1" */
    0x0, 0x5e, 0xf5, 0x1a, 0xff, 0xf5, 0xef, 0x77,
    0xf5, 0xb2, 0x7, 0xf5, 0x0, 0x7, 0xf5, 0x0,
    0x7, 0xf5, 0x0, 0x7, 0xf5, 0x0, 0x7, 0xf5,
    0x0, 0x7, 0xf5, 0x0, 0x7, 0xf5, 0x0, 0x7,
    0xf5, 0x0, 0x7, 0xf5, 0x0, 0x7, 0xf5, 0x0,
    0x7, 0xf5,

    /* U+0032 "2" */
    0x0, 0x6d, 0xff, 0xb4, 0x0, 0xa, 0xfd, 0x9a,
    0xff, 0x50, 0x4f, 0xa0, 0x0, 0x1d, 0xf0, 0x8f,
    0x20, 0x0, 0x7, 0xf3, 0x12, 0x0, 0x0, 0x7,
    0xf2, 0x0, 0x0, 0x0, 0xd, 0xd0, 0x0, 0x0,
    0x0, 0xaf, 0x40, 0x0, 0x0, 0x9, 0xf7, 0x0,
    0x0, 0x0, 0x9f, 0x90, 0x0, 0x0, 0x8, 0xf9,
    0x0, 0x0, 0x0, 0x8f, 0x90, 0x0, 0x0, 0x8,
    0xf9, 0x0, 0x0, 0x0, 0x7f, 0xfa, 0xaa, 0xaa,
    0xa5, 0xaf, 0xff, 0xff, 0xff, 0xf8,

    /* U+0033 "3" */
    0x0, 0x5c, 0xff, 0xe9, 0x10, 0x0, 0x9f, 0xea,
    0x9c, 0xfd, 0x10, 0x3f, 0xb0, 0x0, 0x7, 0xf7,
    0x2, 0x51, 0x0, 0x0, 0x2f, 0x90, 0x0, 0x0,
    0x0, 0x8, 0xf5, 0x0, 0x0, 0x19, 0x9d, 0xf7,
    0x0, 0x0, 0x2, 0xff, 0xfc, 0x40, 0x0, 0x0,
    0x0, 0x3, 0xcf, 0x60, 0x0, 0x0, 0x0, 0x0,
    0xee, 0x0, 0x0, 0x0, 0x0, 0x9, 0xf2, 0x9e,
    0x20, 0x0, 0x0, 0xbf, 0x15, 0xfb, 0x0, 0x0,
    0x6f, 0xb0, 0xa, 0xfe, 0xaa, 0xdf, 0xe2, 0x0,
    0x6, 0xcf, 0xfd, 0x81, 0x0,

    /* U+0034 "4" */
    0x0, 0x0, 0x0, 0x1e, 0xf8, 0x0, 0x0, 0x0,
    0x0, 0xaf, 0xf8, 0x0, 0x0, 0x0, 0x5, 0xfb,
    0xf8, 0x0, 0x0, 0x0, 0x1e, 0xd3, 0xf8, 0x0,
    0x0, 0x0, 0xaf, 0x22, 0xf8, 0x0, 0x0, 0x5,
    0xf7, 0x2, 0xf8, 0x0, 0x0, 0x1e, 0xc0, 0x2,
    0xf8, 0x0, 0x0, 0xaf, 0x20, 0x2, 0xf8, 0x0,
    0x5, 0xf7, 0x0, 0x2, 0xf8, 0x0, 0xe, 0xfa,
    0xaa, 0xab, 0xfd, 0xa4, 0xf, 0xff, 0xff, 0xff,
    0xff, 0xf7, 0x0, 0x0, 0x0, 0x2, 0xf8, 0x0,
    0x0, 0x0, 0x0, 0x2, 0xf8, 0x0, 0x0, 0x0,
    0x0, 0x2, 0xf8, 0x0,

    /* U+0035 "5" */
    0x9, 0xff, 0xff, 0xff, 0xf2, 0xb, 0xf9, 0x99,
    0x99, 0x91, 0xd, 0xd0, 0x0, 0x0, 0x0, 0xf,
    0xa0, 0x0, 0x0, 0x0, 0x2f, 0x84, 0x89, 0x61,
    0x0, 0x4f, 0xef, 0xff, 0xfe, 0x40, 0x6f, 0xc3,
    0x1, 0x7f, 0xf1, 0x24, 0x10, 0x0, 0x6, 0xf8,
    0x0, 0x0, 0x0, 0x0, 0xfc, 0x0, 0x0, 0x0,
    0x0, 0xec, 0x7d, 0x20, 0x0, 0x2, 0xfa, 0x5f,
    0xb0, 0x0, 0x1c, 0xf4, 0xa, 0xfe, 0x9a, 0xef,
    0x80, 0x0, 0x6c, 0xff, 0xc5, 0x0,

    /* U+0036 "6" */
    0x0, 0x19, 0xef, 0xea, 0x20, 0x0, 0x2e, 0xfb,
    0x9b, 0xff, 0x30, 0xc, 0xe3, 0x0, 0x4, 0xfc,
    0x4, 0xf5, 0x0, 0x0, 0x4, 0x50, 0x9f, 0x1,
    0x69, 0x72, 0x0, 0xc, 0xc5, 0xff, 0xff, 0xf8,
    0x0, 0xde, 0xf8, 0x10, 0x3d, 0xf6, 0xe, 0xf8,
    0x0, 0x0, 0x1e, 0xe0, 0xdf, 0x10, 0x0, 0x0,
    0x9f, 0x1b, 0xf0, 0x0, 0x0, 0x9, 0xf2, 0x7f,
    0x40, 0x0, 0x0, 0xdf, 0x1, 0xfd, 0x20, 0x0,
    0x8f, 0x90, 0x5, 0xff, 0xa9, 0xdf, 0xd1, 0x0,
    0x3, 0xbf, 0xfd, 0x80, 0x0,

    /* U+0037 "7" */
    0x3f, 0xff, 0xff, 0xff, 0xff, 0x12, 0xaa, 0xaa,
    0xaa, 0xaf, 0xf0, 0x0, 0x0, 0x0, 0x3, 0xfa,
    0x0, 0x0, 0x0, 0x0, 0xbf, 0x20, 0x0, 0x0,
    0x0, 0x3f, 0x90, 0x0, 0x0, 0x0, 0xc, 0xf1,
    0x0, 0x0, 0x0, 0x4, 0xf8, 0x0, 0x0, 0x0,
    0x0, 0xcf, 0x10, 0x0, 0x0, 0x0, 0x5f, 0x70,
    0x0, 0x0, 0x0, 0xd, 0xe0, 0x0, 0x0, 0x0,
    0x6, 0xf7, 0x0, 0x0, 0x0, 0x0, 0xee, 0x0,
    0x0, 0x0, 0x0, 0x6f, 0x60, 0x0, 0x0, 0x0,
    0xe, 0xd0, 0x0, 0x0, 0x0,

    /* U+0038 "8" */
    0x0, 0x6c, 0xff, 0xd7, 0x0, 0x0, 0xbf, 0xd9,
    0x9d, 0xfc, 0x0, 0x4f, 0xa0, 0x0, 0x8, 0xf6,
    0x6, 0xf5, 0x0, 0x0, 0x3f, 0x80, 0x2f, 0xa0,
    0x0, 0x8, 0xf4, 0x0, 0x6f, 0xd9, 0x8c, 0xf7,
    0x0, 0x3, 0xbf, 0xff, 0xfc, 0x40, 0x3, 0xfe,
    0x50, 0x4, 0xdf, 0x40, 0xbf, 0x20, 0x0, 0x1,
    0xfd, 0xf, 0xd0, 0x0, 0x0, 0xb, 0xf1, 0xee,
    0x0, 0x0, 0x0, 0xcf, 0x9, 0xf8, 0x0, 0x0,
    0x6f, 0xb0, 0x1d, 0xfd, 0x99, 0xdf, 0xe2, 0x0,
    0x7, 0xdf, 0xfd, 0x81, 0x0,

    /* U+0039 "9" */
    0x0, 0x6c, 0xff, 0xc6, 0x0, 0x0, 0xbf, 0xea,
    0x9d, 0xfa, 0x0, 0x7f, 0xa0, 0x0, 0x9, 0xf5,
    0xd, 0xf0, 0x0, 0x0, 0xe, 0xc0, 0xed, 0x0,
    0x0, 0x0, 0xcf, 0xb, 0xf2, 0x0, 0x0, 0x2f,
    0xf2, 0x4f, 0xe5, 0x0, 0x5e, 0xef, 0x20, 0x6f,
    0xff, 0xff, 0x98, 0xf2, 0x0, 0x16, 0x97, 0x30,
    0x9f, 0x0, 0x0, 0x0, 0x0, 0xd, 0xd0, 0xaf,
    0x20, 0x0, 0x4, 0xf8, 0x5, 0xfb, 0x0, 0x2,
    0xdf, 0x10, 0xa, 0xfe, 0xab, 0xff, 0x50, 0x0,
    0x6, 0xdf, 0xfb, 0x30, 0x0,

    /* U+003A ":" */
    0x6f, 0x7a, 0xfb, 0x28, 0x20, 0x0, 0x0, 0x0,
    0x0, 0x0, 0x0, 0x0, 0x28, 0x2a, 0xfb, 0x6f,
    0x70,

    /* U+003B ";" */
    0x6, 0xf7, 0xa, 0xfb, 0x2, 0x82, 0x0, 0x0,
    0x0, 0x0, 0x0, 0x0, 0x0, 0x0, 0x0, 0x0,
    0x0, 0x0, 0x2, 0x73, 0x8, 0xf4, 0xb, 0xf0,
    0xe, 0xb0, 0x1f, 0x70, 0x4f, 0x20,

    /* U+003C "<" */
    0x0, 0x0, 0x0, 0x0, 0x38, 0x0, 0x0, 0x0,
    0x3b, 0xfc, 0x0, 0x0, 0x2b, 0xff, 0x91, 0x0,
    0x2a, 0xff, 0x91, 0x0, 0x9, 0xff, 0x81, 0x0,
    0x0, 0x2f, 0xf6, 0x0, 0x0, 0x0, 0x4, 0xcf,
    0xd5, 0x0, 0x0, 0x0, 0x5, 0xdf, 0xd6, 0x0,
    0x0, 0x0, 0x5, 0xdf, 0xe5, 0x0, 0x0, 0x0,
    0x6, 0xec, 0x0, 0x0, 0x0, 0x0, 0x4,

    /* U+003D "=" */
    0x99, 0x99, 0x99, 0x99, 0x5f, 0xff, 0xff, 0xff,
    0xf8, 0x0, 0x0, 0x0, 0x0, 0x0, 0x0, 0x0,
    0x0, 0x0, 0x89, 0x99, 0x99, 0x99, 0x4f, 0xff,
    0xff, 0xff, 0xf8,

    /* U+003E ">" */
    0x28, 0x10, 0x0, 0x0, 0x0, 0x3f, 0xf7, 0x0,
    0x0, 0x0, 0x5, 0xcf, 0xe7, 0x0, 0x0, 0x0,
    0x4, 0xcf, 0xe6, 0x0, 0x0, 0x0, 0x4, 0xcf,
    0xd5, 0x0, 0x0, 0x0, 0x1c, 0xfb, 0x0, 0x0,
    0x19, 0xff, 0x91, 0x0, 0x29, 0xff, 0x92, 0x0,
    0x1a, 0xff, 0xa2, 0x0, 0x0, 0x3f, 0xb2, 0x0,
    0x0, 0x0, 0x13, 0x0, 0x0, 0x0, 0x0,

    /* U+003F "?" */
    0x0, 0x6d, 0xff, 0xa2, 0x0, 0x9f, 0xd8, 0xaf,
    0xf2, 0x2f, 0xc0, 0x0, 0x4f, 0x93, 0xa5, 0x0,
    0x0, 0xfc, 0x0, 0x0, 0x0, 0x2f, 0xa0, 0x0,
    0x0, 0x2d, 0xf4, 0x0, 0x0, 0x6f, 0xe5, 0x0,
    0x0, 0x2f, 0xd1, 0x0, 0x0, 0x6, 0xf6, 0x0,
    0x0, 0x0, 0x7e, 0x20, 0x0, 0x0, 0x0, 0x0,
    0x0, 0x0, 0x0, 0x38, 0x10, 0x0, 0x0, 0xd,
    0xf9, 0x0, 0x0, 0x0, 0x8f, 0x40, 0x0,

    /* U+0040 "@" */
    0x0, 0x0, 0x4a, 0xef, 0xfd, 0x93, 0x0, 0x0,
    0x0, 0x1b, 0xfc, 0x86, 0x69, 0xdf, 0x90, 0x0,
    0x1, 0xde, 0x40, 0x0, 0x0, 0x6, 0xfb, 0x0,
    0xb, 0xe2, 0x0, 0x0, 0x0, 0x0, 0x3f, 0x80,
    0x3f, 0x50, 0x6, 0xdf, 0xb6, 0xf2, 0x8, 0xf1,
    0x9e, 0x0, 0x5f, 0xc7, 0xae, 0xf2, 0x1, 0xf5,
    0xd9, 0x0, 0xcd, 0x0, 0xa, 0xf2, 0x0, 0xe8,
    0xf7, 0x0, 0xf8, 0x0, 0x5, 0xf2, 0x0, 0xd9,
    0xf7, 0x0, 0xf8, 0x0, 0x5, 0xf2, 0x0, 0xe8,
    0xe8, 0x0, 0xdc, 0x0, 0x8, 0xf2, 0x3, 0xf4,
    0xbb, 0x0, 0x8f, 0x82, 0x5f, 0xf7, 0x3c, 0xd0,
    0x7f, 0x10, 0xb, 0xff, 0xf4, 0xdf, 0xfe, 0x30,
    0x1f, 0xa0, 0x0, 0x34, 0x10, 0x3, 0x40, 0x0,
    0x6, 0xf8, 0x0, 0x0, 0x0, 0x0, 0x0, 0x0,
    0x0, 0x7f, 0xd6, 0x31, 0x13, 0x51, 0x0, 0x0,
    0x0, 0x3, 0xbf, 0xff, 0xff, 0xf2, 0x0, 0x0,
    0x0, 0x0, 0x0, 0x34, 0x42, 0x0, 0x0, 0x0,

    /* U+0041 "A" */
    0x0, 0x0, 0xa, 0xf9, 0x0, 0x0, 0x0, 0x0,
    0x0, 0xff, 0xe0, 0x0, 0x0, 0x0, 0x0, 0x6f,
    0xbf, 0x50, 0x0, 0x0, 0x0, 0xc, 0xe1, 0xfa,
    0x0, 0x0, 0x0, 0x2, 0xf9, 0xb, 0xf1, 0x0,
    0x0, 0x0, 0x8f, 0x30, 0x5f, 0x60, 0x0, 0x0,
    0xd, 0xd0, 0x0, 0xfc, 0x0, 0x0, 0x3, 0xf8,
    0x0, 0x9, 0xf2, 0x0, 0x0, 0x9f, 0xb9, 0x99,
    0xbf, 0x80, 0x0, 0xf, 0xff, 0xff, 0xff, 0xfe,
    0x0, 0x5, 0xf7, 0x0, 0x0, 0x8, 0xf4, 0x0,
    0xbf, 0x10, 0x0, 0x0, 0x3f, 0xa0, 0x1f, 0xb0,
    0x0, 0x0, 0x0, 0xdf, 0x7, 0xf5, 0x0, 0x0,
    0x0, 0x7, 0xf6,

    /* U+0042 "B" */
    0x7f, 0xff, 0xff, 0xeb, 0x30, 0x7, 0xfb, 0x99,
    0x9b, 0xff, 0x30, 0x7f, 0x50, 0x0, 0x3, 0xfb,
    0x7, 0xf5, 0x0, 0x0, 0xd, 0xd0, 0x7f, 0x50,
    0x0, 0x0, 0xec, 0x7, 0xf5, 0x0, 0x2, 0xbf,
    0x40, 0x7f, 0xff, 0xff, 0xfe, 0x40, 0x7, 0xfb,
    0x99, 0x9a, 0xff, 0x50, 0x7f, 0x50, 0x0, 0x1,
    0xdf, 0x17, 0xf5, 0x0, 0x0, 0x5, 0xf6, 0x7f,
    0x50, 0x0, 0x0, 0x4f, 0x67, 0xf5, 0x0, 0x0,
    0xb, 0xf3, 0x7f, 0xb9, 0x99, 0xae, 0xfb, 0x7,
    0xff, 0xff, 0xff, 0xc6, 0x0,

    /* U+0043 "C" */
    0x0, 0x5, 0xcf, 0xfe, 0x92, 0x0, 0x0, 0xbf,
    0xfc, 0xbd, 0xff, 0x50, 0xa, 0xfa, 0x10, 0x0,
    0x4e, 0xf3, 0x4f, 0xb0, 0x0, 0x0, 0x3, 0xfa,
    0xaf, 0x20, 0x0, 0x0, 0x0, 0x77, 0xdd, 0x0,
    0x0, 0x0, 0x0, 0x0, 0xfb, 0x0, 0x0, 0x0,
    0x0, 0x0, 0xfb, 0x0, 0x0, 0x0, 0x0, 0x0,
    0xdd, 0x0, 0x0, 0x0, 0x0, 0x0, 0xaf, 0x20,
    0x0, 0x0, 0x0, 0x67, 0x4f, 0xb0, 0x0, 0x0,
    0x3, 0xfa, 0xa, 0xfa, 0x10, 0x0, 0x4e, 0xf3,
    0x0, 0xbf, 0xfc, 0xbd, 0xff, 0x50, 0x0, 0x5,
    0xcf, 0xfe, 0x92, 0x0,

    /* U+0044 "D" */
    0x7f, 0xff, 0xff, 0xea, 0x30, 0x0, 0x7f, 0xb9,
    0x99, 0xcf, 0xf9, 0x0, 0x7f, 0x50, 0x0, 0x2,
    0xcf, 0x70, 0x7f, 0x50, 0x0, 0x0, 0xe, 0xf1,
    0x7f, 0x50, 0x0, 0x0, 0x6, 0xf6, 0x7f, 0x50,
    0x0, 0x0, 0x2, 0xf9, 0x7f, 0x50, 0x0, 0x0,
    0x0, 0xfa, 0x7f, 0x50, 0x0, 0x0, 0x0, 0xfa,
    0x7f, 0x50, 0x0, 0x0, 0x2, 0xf9, 0x7f, 0x50,
    0x0, 0x0, 0x6, 0xf5, 0x7f, 0x50, 0x0, 0x0,
    0x1e, 0xf0, 0x7f, 0x50, 0x0, 0x2, 0xcf, 0x60,
    0x7f, 0xb9, 0x9a, 0xcf, 0xf8, 0x0, 0x7f, 0xff,
    0xff, 0xd9, 0x30, 0x0,

    /* U+0045 "E" */
    0x7f, 0xff, 0xff, 0xff, 0xf2, 0x7f, 0xb9, 0x99,
    0x99, 0x91, 0x7f, 0x50, 0x0, 0x0, 0x0, 0x7f,
    0x50, 0x0, 0x0, 0x0, 0x7f, 0x50, 0x0, 0x0,
    0x0, 0x7f, 0x50, 0x0, 0x0, 0x0, 0x7f, 0xff,
    0xff, 0xff, 0xb0, 0x7f, 0xb9, 0x99, 0x99, 0x60,
    0x7f, 0x50, 0x0, 0x0, 0x0, 0x7f, 0x50, 0x0,
    0x0, 0x0, 0x7f, 0x50, 0x0, 0x0, 0x0, 0x7f,
    0x50, 0x0, 0x0, 0x0, 0x7f, 0xb9, 0x99, 0x99,
    0x92, 0x7f, 0xff, 0xff, 0xff, 0xf3,

    /* U+0046 "F" */
    0x7f, 0xff, 0xff, 0xff, 0xf1, 0x7f, 0xb9, 0x99,
    0x99, 0x90, 0x7f, 0x50, 0x0, 0x0, 0x0, 0x7f,
    0x50, 0x0, 0x0, 0x0, 0x7f, 0x50, 0x0, 0x0,
    0x0, 0x7f, 0x50, 0x0, 0x0, 0x0, 0x7f, 0xff,
    0xff, 0xff, 0x70, 0x7f, 0xb9, 0x99, 0x99, 0x40,
    0x7f, 0x50, 0x0, 0x0, 0x0, 0x7f, 0x50, 0x0,
    0x0, 0x0, 0x7f, 0x50, 0x0, 0x0, 0x0, 0x7f,
    0x50, 0x0, 0x0, 0x0, 0x7f, 0x50, 0x0, 0x0,
    0x0, 0x7f, 0x50, 0x0, 0x0, 0x0,

    /* U+0047 "G" */
    0x0, 0x6, 0xcf, 0xfe, 0x93, 0x0, 0x0, 0xc,
    0xff, 0xcb, 0xdf, 0xf7, 0x0, 0xb, 0xfa, 0x10,
    0x0, 0x4e, 0xf5, 0x4, 0xfb, 0x0, 0x0, 0x0,
    0x2f, 0xd0, 0xaf, 0x20, 0x0, 0x0, 0x0, 0x23,
    0xd, 0xd0, 0x0, 0x0, 0x0, 0x0, 0x0, 0xfb,
    0x0, 0x0, 0x29, 0x99, 0x99, 0x1f, 0xb0, 0x0,
    0x4, 0xff, 0xff, 0xf1, 0xdd, 0x0, 0x0, 0x0,
    0x0, 0xaf, 0x1a, 0xf2, 0x0, 0x0, 0x0, 0xd,
    0xf0, 0x4f, 0xb0, 0x0, 0x0, 0x4, 0xfa, 0x0,
    0xbf, 0xa1, 0x0, 0x4, 0xef, 0x20, 0x0, 0xbf,
    0xfc, 0xbd, 0xff, 0x50, 0x0, 0x0, 0x6c, 0xff,
    0xe9, 0x20, 0x0,

    /* U+0048 "H" */
    0x7f, 0x50, 0x0, 0x0, 0x3, 0xf9, 0x7f, 0x50,
    0x0, 0x0, 0x3, 0xf9, 0x7f, 0x50, 0x0, 0x0,
    0x3, 0xf9, 0x7f, 0x50, 0x0, 0x0, 0x3, 0xf9,
    0x7f, 0x50, 0x0, 0x0, 0x3, 0xf9, 0x7f, 0x50,
    0x0, 0x0, 0x3, 0xf9, 0x7f, 0xff, 0xff, 0xff,
    0xff, 0xf9, 0x7f, 0xb9, 0x99, 0x99, 0x9a, 0xf9,
    0x7f, 0x50, 0x0, 0x0, 0x3, 0xf9, 0x7f, 0x50,
    0x0, 0x0, 0x3, 0xf9, 0x7f, 0x50, 0x0, 0x0,
    0x3, 0xf9, 0x7f, 0x50, 0x0, 0x0, 0x3, 0xf9,
    0x7f, 0x50, 0x0, 0x0, 0x3, 0xf9, 0x7f, 0x50,
    0x0, 0x0, 0x3, 0xf9,

    /* U+0049 "I" */
    0x7f, 0x57, 0xf5, 0x7f, 0x57, 0xf5, 0x7f, 0x57,
    0xf5, 0x7f, 0x57, 0xf5, 0x7f, 0x57, 0xf5, 0x7f,
    0x57, 0xf5, 0x7f, 0x57, 0xf5,

    /* U+004A "J" */
    0x0, 0x0, 0x0, 0xf, 0xc0, 0x0, 0x0, 0x0,
    0xfc, 0x0, 0x0, 0x0, 0xf, 0xc0, 0x0, 0x0,
    0x0, 0xfc, 0x0, 0x0, 0x0, 0xf, 0xc0, 0x0,
    0x0, 0x0, 0xfc, 0x0, 0x0, 0x0, 0xf, 0xc0,
    0x0, 0x0, 0x0, 0xfc, 0x0, 0x0, 0x0, 0xf,
    0xc0, 0x0, 0x0, 0x0, 0xfc, 0x28, 0x30, 0x0,
    0x1f, 0xb3, 0xfb, 0x0, 0x7, 0xf7, 0xb, 0xfd,
    0xab, 0xfe, 0x10, 0x8, 0xdf, 0xea, 0x10,

    /* U+004B "K" */
    0x7f, 0x50, 0x0, 0x0, 0xaf, 0x90, 0x7f, 0x50,
    0x0, 0x9, 0xfa, 0x0, 0x7f, 0x50, 0x0, 0x7f,
    0xb0, 0x0, 0x7f, 0x50, 0x6, 0xfc, 0x0, 0x0,
    0x7f, 0x50, 0x5f, 0xd1, 0x0, 0x0, 0x7f, 0x53,
    0xfd, 0x10, 0x0, 0x0, 0x7f, 0x8f, 0xf6, 0x0,
    0x0, 0x0, 0x7f, 0xfe, 0xef, 0x20, 0x0, 0x0,
    0x7f, 0xf3, 0x3f, 0xd0, 0x0, 0x0, 0x7f, 0x70,
    0x7, 0xf9, 0x0, 0x0, 0x7f, 0x50, 0x0, 0xaf,
    0x60, 0x0, 0x7f, 0x50, 0x0, 0x1d, 0xf3, 0x0,
    0x7f, 0x50, 0x0, 0x3, 0xfd, 0x10, 0x7f, 0x50,
    0x0, 0x0, 0x7f, 0xb0,

    /* U+004C "L" */
    0x7f, 0x50, 0x0, 0x0, 0x7, 0xf5, 0x0, 0x0,
    0x0, 0x7f, 0x50, 0x0, 0x0, 0x7, 0xf5, 0x0,
    0x0, 0x0, 0x7f, 0x50, 0x0, 0x0, 0x7, 0xf5,
    0x0, 0x0, 0x0, 0x7f, 0x50, 0x0, 0x0, 0x7,
    0xf5, 0x0, 0x0, 0x0, 0x7f, 0x50, 0x0, 0x0,
    0x7, 0xf5, 0x0, 0x0, 0x0, 0x7f, 0x50, 0x0,
    0x0, 0x7, 0xf5, 0x0, 0x0, 0x0, 0x7f, 0xb9,
    0x99, 0x99, 0x87, 0xff, 0xff, 0xff, 0xfe,

    /* U+004D "M" */
    0x7f, 0xd0, 0x0, 0x0, 0x0, 0x0, 0xdf, 0x77,
    0xff, 0x40, 0x0, 0x0, 0x0, 0x3f, 0xf7, 0x7f,
    0xfb, 0x0, 0x0, 0x0, 0xa, 0xff, 0x77, 0xfd,
    0xf2, 0x0, 0x0, 0x1, 0xfd, 0xf7, 0x7f, 0x6f,
    0x80, 0x0, 0x0, 0x7f, 0x6f, 0x77, 0xf3, 0xce,
    0x0, 0x0, 0xe, 0xd2, 0xf7, 0x7f, 0x36, 0xf5,
    0x0, 0x4, 0xf6, 0x2f, 0x77, 0xf3, 0xe, 0xc0,
    0x0, 0xbf, 0x2, 0xf7, 0x7f, 0x30, 0x8f, 0x30,
    0x2f, 0x90, 0x2f, 0x77, 0xf3, 0x2, 0xf9, 0x8,
    0xf2, 0x2, 0xf7, 0x7f, 0x30, 0xb, 0xf1, 0xec,
    0x0, 0x2f, 0x77, 0xf3, 0x0, 0x4f, 0xcf, 0x50,
    0x2, 0xf7, 0x7f, 0x30, 0x0, 0xef, 0xe0, 0x0,
    0x2f, 0x77, 0xf3, 0x0, 0x7, 0xf8, 0x0, 0x2,
    0xf7,

    /* U+004E "N" */
    0x7f, 0x90, 0x0, 0x0, 0x0, 0xfc, 0x7f, 0xf5,
    0x0, 0x0, 0x0, 0xfc, 0x7f, 0xfe, 0x10, 0x0,
    0x0, 0xfc, 0x7f, 0x9f, 0xb0, 0x0, 0x0, 0xfc,
    0x7f, 0x59, 0xf6, 0x0, 0x0, 0xfc, 0x7f, 0x50,
    0xdf, 0x20, 0x0, 0xfc, 0x7f, 0x50, 0x2f, 0xc0,
    0x0, 0xfc, 0x7f, 0x50, 0x7, 0xf8, 0x0, 0xfc,
    0x7f, 0x50, 0x0, 0xbf, 0x30, 0xfc, 0x7f, 0x50,
    0x0, 0x1f, 0xd0, 0xfc, 0x7f, 0x50, 0x0, 0x5,
    0xfa, 0xfc, 0x7f, 0x50, 0x0, 0x0, 0xaf, 0xfc,
    0x7f, 0x50, 0x0, 0x0, 0x1e, 0xfc, 0x7f, 0x50,
    0x0, 0x0, 0x4, 0xfc,

    /* U+004F "O" */
    0x0, 0x5, 0xcf, 0xfe, 0x92, 0x0, 0x0, 0xb,
    0xff, 0xcb, 0xdf, 0xf5, 0x0, 0xa, 0xfa, 0x10,
    0x0, 0x4e, 0xf3, 0x4, 0xfb, 0x0, 0x0, 0x0,
    0x2f, 0xc0, 0xaf, 0x20, 0x0, 0x0, 0x0, 0xaf,
    0x2d, 0xd0, 0x0, 0x0, 0x0, 0x5, 0xf6, 0xfb,
    0x0, 0x0, 0x0, 0x0, 0x3f, 0x7f, 0xb0, 0x0,
    0x0, 0x0, 0x3, 0xf7, 0xdd, 0x0, 0x0, 0x0,
    0x0, 0x5f, 0x6a, 0xf2, 0x0, 0x0, 0x0, 0xa,
    0xf2, 0x4f, 0xb0, 0x0, 0x0, 0x2, 0xfc, 0x0,
    0xaf, 0xa1, 0x0, 0x4, 0xef, 0x30, 0x0, 0xbf,
    0xfc, 0xbd, 0xff, 0x50, 0x0, 0x0, 0x5c, 0xff,
    0xe9, 0x20, 0x0,

    /* U+0050 "P" */
    0x7f, 0xff, 0xff, 0xea, 0x20, 0x7, 0xfb, 0x99,
    0x9b, 0xff, 0x40, 0x7f, 0x50, 0x0, 0x3, 0xfd,
    0x7, 0xf5, 0x0, 0x0, 0xa, 0xf1, 0x7f, 0x50,
    0x0, 0x0, 0x9f, 0x27, 0xf5, 0x0, 0x0, 0xc,
    0xf0, 0x7f, 0x50, 0x0, 0x2a, 0xfa, 0x7, 0xff,
    0xff, 0xff, 0xfb, 0x10, 0x7f, 0xb9, 0x99, 0x84,
    0x0, 0x7, 0xf5, 0x0, 0x0, 0x0, 0x0, 0x7f,
    0x50, 0x0, 0x0, 0x0, 0x7, 0xf5, 0x0, 0x0,
    0x0, 0x0, 0x7f, 0x50, 0x0, 0x0, 0x0, 0x7,
    0xf5, 0x0, 0x0, 0x0, 0x0,

    /* U+0051 "Q" */
    0x0, 0x5, 0xcf, 0xfe, 0x92, 0x0, 0x0, 0xb,
    0xff, 0xcb, 0xdf, 0xf5, 0x0, 0xa, 0xfa, 0x10,
    0x0, 0x4e, 0xf3, 0x4, 0xfb, 0x0, 0x0, 0x0,
    0x2f, 0xc0, 0xaf, 0x20, 0x0, 0x0, 0x0, 0xaf,
    0x2d, 0xd0, 0x0, 0x0, 0x0, 0x5, 0xf6, 0xfb,
    0x0, 0x0, 0x0, 0x0, 0x3f, 0x7f, 0xb0, 0x0,
    0x0, 0x0, 0x3, 0xf7, 0xdd, 0x0, 0x0, 0x0,
    0x0, 0x5f, 0x6a, 0xf2, 0x0, 0x17, 0x60, 0xa,
    0xf2, 0x4f, 0xb0, 0x0, 0x8f, 0x62, 0xfc, 0x0,
    0xaf, 0xa1, 0x0, 0xbf, 0xef, 0x30, 0x0, 0xbf,
    0xfc, 0xbd, 0xff, 0x70, 0x0, 0x0, 0x5c, 0xff,
    0xea, 0xfc, 0x0, 0x0, 0x0, 0x0, 0x0, 0x5,
    0xf9, 0x0,

    /* U+0052 "R" */
    0x7f, 0xff, 0xff, 0xea, 0x30, 0x7, 0xfb, 0x99,
    0x9b, 0xff, 0x40, 0x7f, 0x50, 0x0, 0x3, 0xfd,
    0x7, 0xf5, 0x0, 0x0, 0xa, 0xf1, 0x7f, 0x50,
    0x0, 0x0, 0x9f, 0x27, 0xf5, 0x0, 0x0, 0xc,
    0xf0, 0x7f, 0x50, 0x0, 0x29, 0xfb, 0x7, 0xff,
    0xff, 0xff, 0xfd, 0x10, 0x7f, 0xca, 0xab, 0xfc,
    0x0, 0x7, 0xf5, 0x0, 0xc, 0xf3, 0x0, 0x7f,
    0x50, 0x0, 0x3f, 0xc0, 0x7, 0xf5, 0x0, 0x0,
    0xaf, 0x50, 0x7f, 0x50, 0x0, 0x2, 0xfd, 0x7,
    0xf5, 0x0, 0x0, 0x9, 0xf7,

    /* U+0053 "S" */
    0x0, 0x6, 0xcf, 0xfd, 0x91, 0x0, 0x0, 0xbf,
    0xea, 0x9c, 0xfe, 0x20, 0x6, 0xf9, 0x0, 0x0,
    0x5f, 0xb0, 0xa, 0xf1, 0x0, 0x0, 0x8, 0xa0,
    0x8, 0xf3, 0x0, 0x0, 0x0, 0x0, 0x2, 0xfe,
    0x71, 0x0, 0x0, 0x0, 0x0, 0x2b, 0xff, 0xc8,
    0x30, 0x0, 0x0, 0x0, 0x27, 0xaf, 0xfb, 0x10,
    0x0, 0x0, 0x0, 0x0, 0x7f, 0xc0, 0x0, 0x0,
    0x0, 0x0, 0x9, 0xf2, 0xc, 0xb0, 0x0, 0x0,
    0xa, 0xf2, 0xb, 0xf7, 0x0, 0x0, 0x5f, 0xd0,
    0x2, 0xef, 0xeb, 0xad, 0xff, 0x40, 0x0, 0x18,
    0xdf, 0xfd, 0x92, 0x0,

    /* U+0054 "T" */
    0x3f, 0xff, 0xff, 0xff, 0xff, 0xf7, 0x29, 0x99,
    0x9e, 0xf9, 0x99, 0x94, 0x0, 0x0, 0xc, 0xf0,
    0x0, 0x0, 0x0, 0x0, 0xc, 0xf0, 0x0, 0x0,
    0x0, 0x0, 0xc, 0xf0, 0x0, 0x0, 0x0, 0x0,
    0xc, 0xf0, 0x0, 0x0, 0x0, 0x0, 0xc, 0xf0,
    0x0, 0x0, 0x0, 0x0, 0xc, 0xf0, 0x0, 0x0,
    0x0, 0x0, 0xc, 0xf0, 0x0, 0x0, 0x0, 0x0,
    0xc, 0xf0, 0x0, 0x0, 0x0, 0x0, 0xc, 0xf0,
    0x0, 0x0, 0x0, 0x0, 0xc, 0xf0, 0x0, 0x0,
    0x0, 0x0, 0xc, 0xf0, 0x0, 0x0, 0x0, 0x0,
    0xc, 0xf0, 0x0, 0x0,

    /* U+0055 "U" */
    0x7f, 0x50, 0x0, 0x0, 0x2, 0xf9, 0x7f, 0x50,
    0x0, 0x0, 0x2, 0xf9, 0x7f, 0x50, 0x0, 0x0,
    0x2, 0xf9, 0x7f, 0x50, 0x0, 0x0, 0x2, 0xf9,
    0x7f, 0x50, 0x0, 0x0, 0x2, 0xf9, 0x7f, 0x50,
    0x0, 0x0, 0x2, 0xf9, 0x7f, 0x50, 0x0, 0x0,
    0x2, 0xf9, 0x7f, 0x50, 0x0, 0x0, 0x2, 0xf9,
    0x7f, 0x50, 0x0, 0x0, 0x2, 0xf9, 0x6f, 0x60,
    0x0, 0x0, 0x3, 0xf8, 0x3f, 0xb0, 0x0, 0x0,
    0x9, 0xf5, 0xc, 0xf8, 0x0, 0x0, 0x6f, 0xe0,
    0x2, 0xdf, 0xeb, 0xbe, 0xfe, 0x30, 0x0, 0x7,
    0xdf, 0xfd, 0x81, 0x0,

    /* U+0056 "V" */
    0x7f, 0x60, 0x0, 0x0, 0x0, 0x7f, 0x61, 0xfb,
    0x0, 0x0, 0x0, 0xd, 0xf0, 0xb, 0xf1, 0x0,
    0x0, 0x2, 0xfa, 0x0, 0x5f, 0x60, 0x0, 0x0,
    0x8f, 0x40, 0x0, 0xfc, 0x0, 0x0, 0xd, 0xe0,
    0x0, 0x9, 0xf1, 0x0, 0x3, 0xf8, 0x0, 0x0,
    0x3f, 0x70, 0x0, 0x8f, 0x20, 0x0, 0x0, 0xdc,
    0x0, 0xe, 0xc0, 0x0, 0x0, 0x8, 0xf2, 0x3,
    0xf6, 0x0, 0x0, 0x0, 0x2f, 0x70, 0x9f, 0x10,
    0x0, 0x0, 0x0, 0xcd, 0xe, 0xa0, 0x0, 0x0,
    0x0, 0x6, 0xf6, 0xf5, 0x0, 0x0, 0x0, 0x0,
    0xf, 0xfe, 0x0, 0x0, 0x0, 0x0, 0x0, 0xaf,
    0x90, 0x0, 0x0,

    /* U+0057 "W" */
    0x8f, 0x30, 0x0, 0x0, 0xff, 0x40, 0x0, 0x0,
    0xed, 0x4f, 0x70, 0x0, 0x3, 0xff, 0x80, 0x0,
    0x2, 0xf9, 0xf, 0xb0, 0x0, 0x7, 0xff, 0xc0,
    0x0, 0x6, 0xf4, 0xb, 0xf0, 0x0, 0xc, 0xea,
    0xf1, 0x0, 0xb, 0xf0, 0x7, 0xf4, 0x0, 0xf,
    0xa5, 0xf5, 0x0, 0xf, 0xb0, 0x2, 0xf8, 0x0,
    0x4f, 0x61, 0xf9, 0x0, 0x3f, 0x70, 0x0, 0xec,
    0x0, 0x8f, 0x10, 0xcd, 0x0, 0x7f, 0x30, 0x0,
    0x9f, 0x0, 0xdd, 0x0, 0x8f, 0x20, 0xbe, 0x0,
    0x0, 0x5f, 0x51, 0xf8, 0x0, 0x3f, 0x60, 0xfa,
    0x0, 0x0, 0x1f, 0x95, 0xf4, 0x0, 0xe, 0xa4,
    0xf5, 0x0, 0x0, 0xc, 0xd9, 0xf0, 0x0, 0xa,
    0xe8, 0xf1, 0x0, 0x0, 0x8, 0xfe, 0xb0, 0x0,
    0x6, 0xfe, 0xd0, 0x0, 0x0, 0x3, 0xff, 0x60,
    0x0, 0x1, 0xff, 0x80, 0x0, 0x0, 0x0, 0xff,
    0x20, 0x0, 0x0, 0xdf, 0x40, 0x0,

    /* U+0058 "X" */
    0x4f, 0xc0, 0x0, 0x0, 0x8, 0xf8, 0xa, 0xf5,
    0x0, 0x0, 0x2f, 0xd0, 0x1, 0xee, 0x10, 0x0,
    0xbf, 0x40, 0x0, 0x5f, 0x90, 0x5, 0xfa, 0x0,
    0x0, 0xb, 0xf3, 0xe, 0xe1, 0x0, 0x0, 0x1,
    0xfc, 0x8f, 0x60, 0x0, 0x0, 0x0, 0x6f, 0xfb,
    0x0, 0x0, 0x0, 0x0, 0x6f, 0xfb, 0x0, 0x0,
    0x0, 0x1, 0xfe, 0xbf, 0x60, 0x0, 0x0, 0xb,
    0xf5, 0x2f, 0xe1, 0x0, 0x0, 0x5f, 0xa0, 0x7,
    0xfa, 0x0, 0x1, 0xef, 0x10, 0x0, 0xcf, 0x40,
    0xa, 0xf6, 0x0, 0x0, 0x3f, 0xd0, 0x4f, 0xc0,
    0x0, 0x0, 0x8, 0xf8,

    /* U+0059 "Y" */
    0x5f, 0xa0, 0x0, 0x0, 0x1, 0xef, 0x10, 0xbf,
    0x40, 0x0, 0x0, 0x9f, 0x60, 0x2, 0xfd, 0x0,
    0x0, 0x3f, 0xc0, 0x0, 0x7, 0xf7, 0x0, 0xc,
    0xf3, 0x0, 0x0, 0xd, 0xf1, 0x6, 0xf9, 0x0,
    0x0, 0x0, 0x4f, 0xa1, 0xee, 0x0, 0x0, 0x0,
    0x0, 0xaf, 0xcf, 0x50, 0x0, 0x0, 0x0, 0x1,
    0xef, 0xb0, 0x0, 0x0, 0x0, 0x0, 0x9, 0xf4,
    0x0, 0x0, 0x0, 0x0, 0x0, 0x8f, 0x30, 0x0,
    0x0, 0x0, 0x0, 0x8, 0xf3, 0x0, 0x0, 0x0,
    0x0, 0x0, 0x8f, 0x30, 0x0, 0x0, 0x0, 0x0,
    0x8, 0xf3, 0x0, 0x0, 0x0, 0x0, 0x0, 0x8f,
    0x30, 0x0, 0x0,

    /* U+005A "Z" */
    0xff, 0xff, 0xff, 0xff, 0xfc, 0x99, 0x99, 0x99,
    0x9c, 0xfa, 0x0, 0x0, 0x0, 0xe, 0xe1, 0x0,
    0x0, 0x0, 0x9f, 0x40, 0x0, 0x0, 0x4, 0xf9,
    0x0, 0x0, 0x0, 0x1e, 0xe0, 0x0, 0x0, 0x0,
    0xaf, 0x40, 0x0, 0x0, 0x5, 0xf8, 0x0, 0x0,
    0x0, 0x1e, 0xd0, 0x0, 0x0, 0x0, 0xbf, 0x30,
    0x0, 0x0, 0x6, 0xf8, 0x0, 0x0, 0x0, 0x2f,
    0xc0, 0x0, 0x0, 0x0, 0xbf, 0xb9, 0x99, 0x99,
    0x98, 0xef, 0xff, 0xff, 0xff, 0xfe,

    /* U+005B "[" */
    0x11, 0x11, 0xd, 0xff, 0xf4, 0xdd, 0x44, 0x1d,
    0xb0, 0x0, 0xdb, 0x0, 0xd, 0xb0, 0x0, 0xdb,
    0x0, 0xd, 0xb0, 0x0, 0xdb, 0x0, 0xd, 0xb0,
    0x0, 0xdb, 0x0, 0xd, 0xb0, 0x0, 0xdb, 0x0,
    0xd, 0xb0, 0x0, 0xdb, 0x0, 0xd, 0xb0, 0x0,
    0xdb, 0x0, 0xd, 0xb0, 0x0, 0xdd, 0x77, 0x2d,
    0xff, 0xf4,

    /* U+005C "\\" */
    0x57, 0x0, 0x0, 0x7, 0xf1, 0x0, 0x0, 0x3f,
    0x50, 0x0, 0x0, 0xe9, 0x0, 0x0, 0xa, 0xd0,
    0x0, 0x0, 0x6f, 0x10, 0x0, 0x2, 0xf6, 0x0,
    0x0, 0xe, 0xa0, 0x0, 0x0, 0xae, 0x0, 0x0,
    0x5, 0xf2, 0x0, 0x0, 0x1f, 0x60, 0x0, 0x0,
    0xdb, 0x0, 0x0, 0x9, 0xf0, 0x0, 0x0, 0x5f,
    0x30, 0x0, 0x1, 0xf7, 0x0, 0x0, 0xc, 0xb0,
    0x0, 0x0, 0x8f, 0x0, 0x0, 0x4, 0xf4,

    /* U+005D "]" */
    0x1, 0x11, 0x17, 0xff, 0xfa, 0x24, 0x4e, 0xa0,
    0x0, 0xea, 0x0, 0xe, 0xa0, 0x0, 0xea, 0x0,
    0xe, 0xa0, 0x0, 0xea, 0x0, 0xe, 0xa0, 0x0,
    0xea, 0x0, 0xe, 0xa0, 0x0, 0xea, 0x0, 0xe,
    0xa0, 0x0, 0xea, 0x0, 0xe, 0xa0, 0x0, 0xea,
    0x0, 0xe, 0xa0, 0x0, 0xea, 0x37, 0x7f, 0xa7,
    0xff, 0xfa,

    /* U+005E "^" */
    0x0, 0x7, 0xa5, 0x0, 0x0, 0x1, 0xff, 0xe0,
    0x0, 0x0, 0x8f, 0x5f, 0x60, 0x0, 0x1f, 0x90,
    0xcd, 0x0, 0x8, 0xf2, 0x4, 0xf5, 0x0, 0xea,
    0x0, 0xd, 0xd0, 0x15, 0x20, 0x0, 0x25, 0x0,

    /* U+005F "_" */
    0x19, 0x99, 0x99, 0x99, 0x96, 0x2f, 0xff, 0xff,
    0xff, 0xfa,

    /* U+0060 "`" */
    0x7, 0x70, 0x0, 0x8f, 0x50, 0x0, 0xdc, 0x0,
    0x4, 0xf4,

    /* U+0061 "a" */
    0x0, 0x3b, 0xef, 0xe9, 0x0, 0x3, 0xff, 0x98,
    0xbf, 0xb0, 0xb, 0xf3, 0x0, 0x9, 0xf3, 0x0,
    0x0, 0x0, 0x5, 0xf5, 0x0, 0x0, 0x1, 0x15,
    0xf5, 0x2, 0xae, 0xff, 0xff, 0xf5, 0xd, 0xf8,
    0x44, 0x47, 0xf5, 0x2f, 0x90, 0x0, 0x6, 0xf5,
    0x1f, 0xb0, 0x0, 0x1d, 0xf5, 0xa, 0xfc, 0x9a,
    0xfc, 0xf5, 0x0, 0x8e, 0xfd, 0x74, 0xf5,

    /* U+0062 "b" */
    0x7f, 0x40, 0x0, 0x0, 0x0, 0x7f, 0x40, 0x0,
    0x0, 0x0, 0x7f, 0x40, 0x0, 0x0, 0x0, 0x7f,
    0x47, 0xef, 0xd8, 0x0, 0x7f, 0xaf, 0xa9, 0xdf,
    0xb0, 0x7f, 0xf2, 0x0, 0xa, 0xf5, 0x7f, 0x80,
    0x0, 0x1, 0xfb, 0x7f, 0x40, 0x0, 0x0, 0xce,
    0x7f, 0x30, 0x0, 0x0, 0xbf, 0x7f, 0x40, 0x0,
    0x0, 0xce, 0x7f, 0x80, 0x0, 0x1, 0xfb, 0x7f,
    0xf2, 0x0, 0xa, 0xf5, 0x7f, 0x9f, 0xa9, 0xdf,
    0xb0, 0x7f, 0x36, 0xef, 0xd7, 0x0,

    /* U+0063 "c" */
    0x0, 0x7, 0xdf, 0xea, 0x20, 0x0, 0xcf, 0xc8,
    0xaf, 0xe2, 0x7, 0xf8, 0x0, 0x4, 0xfa, 0xd,
    0xd0, 0x0, 0x0, 0x54, 0x1f, 0x90, 0x0, 0x0,
    0x0, 0x2f, 0x80, 0x0, 0x0, 0x0, 0x1f, 0x90,
    0x0, 0x0, 0x0, 0xe, 0xe0, 0x0, 0x0, 0x54,
    0x7, 0xf8, 0x0, 0x4, 0xfa, 0x0, 0xcf, 0xc8,
    0xaf, 0xe2, 0x0, 0x7, 0xdf, 0xea, 0x20,

    /* U+0064 "d" */
    0x0, 0x0, 0x0, 0x0, 0x7f, 0x40, 0x0, 0x0,
    0x0, 0x7, 0xf4, 0x0, 0x0, 0x0, 0x0, 0x7f,
    0x40, 0x1, 0x9e, 0xfd, 0x57, 0xf4, 0x0, 0xdf,
    0xc8, 0xaf, 0xaf, 0x40, 0x8f, 0x80, 0x0, 0x4f,
    0xf4, 0xe, 0xe0, 0x0, 0x0, 0xbf, 0x41, 0xfa,
    0x0, 0x0, 0x7, 0xf4, 0x2f, 0x80, 0x0, 0x0,
    0x6f, 0x41, 0xf9, 0x0, 0x0, 0x7, 0xf4, 0xe,
    0xd0, 0x0, 0x0, 0xaf, 0x40, 0x8f, 0x50, 0x0,
    0x3f, 0xf4, 0x0, 0xdf, 0x85, 0x7e, 0xbf, 0x40,
    0x1, 0x9e, 0xfd, 0x56, 0xf4,

    /* U+0065 "e" */
    0x0, 0x7, 0xdf, 0xe9, 0x10, 0x0, 0xc, 0xfb,
    0x8a, 0xfe, 0x10, 0x7, 0xf6, 0x0, 0x4, 0xf9,
    0x0, 0xdc, 0x0, 0x0, 0xb, 0xf0, 0x1f, 0x92,
    0x22, 0x22, 0x9f, 0x22, 0xff, 0xff, 0xff, 0xff,
    0xf3, 0x1f, 0xb5, 0x55, 0x55, 0x55, 0x10, 0xed,
    0x0, 0x0, 0x0, 0x0, 0x7, 0xf7, 0x0, 0x0,
    0x99, 0x0, 0xc, 0xfc, 0x89, 0xef, 0x60, 0x0,
    0x7, 0xdf, 0xfb, 0x40, 0x0,

    /* U+0066 "f" */
    0x0, 0x1a, 0xff, 0x40, 0xb, 0xfc, 0x93, 0x0,
    0xfd, 0x0, 0xa, 0xff, 0xff, 0xf1, 0x47, 0xfd,
    0x77, 0x0, 0xf, 0xc0, 0x0, 0x0, 0xfc, 0x0,
    0x0, 0xf, 0xc0, 0x0, 0x0, 0xfc, 0x0, 0x0,
    0xf, 0xc0, 0x0, 0x0, 0xfc, 0x0, 0x0, 0xf,
    0xc0, 0x0, 0x0, 0xfc, 0x0, 0x0, 0xf, 0xc0,
    0x0,

    /* U+0067 "g" */
    0x0, 0x19, 0xef, 0xd5, 0x6f, 0x40, 0xd, 0xfc,
    0x8a, 0xfa, 0xf4, 0x8, 0xf8, 0x0, 0x5, 0xff,
    0x40, 0xee, 0x0, 0x0, 0xb, 0xf4, 0x1f, 0xa0,
    0x0, 0x0, 0x7f, 0x42, 0xf8, 0x0, 0x0, 0x6,
    0xf4, 0x1f, 0xa0, 0x0, 0x0, 0x7f, 0x40, 0xed,
    0x0, 0x0, 0xb, 0xf4, 0x8, 0xf7, 0x0, 0x4,
    0xff, 0x40, 0xd, 0xfc, 0x9b, 0xfa, 0xf4, 0x0,
    0x19, 0xef, 0xd5, 0x6f, 0x40, 0x0, 0x0, 0x0,
    0x7, 0xf3, 0xa, 0xe2, 0x0, 0x0, 0xcf, 0x0,
    0x4f, 0xfa, 0x89, 0xef, 0x70, 0x0, 0x3b, 0xef,
    0xfc, 0x50, 0x0,

    /* U+0068 "h" */
    0xaf, 0x0, 0x0, 0x0, 0xa, 0xf0, 0x0, 0x0,
    0x0, 0xaf, 0x0, 0x0, 0x0, 0xa, 0xf1, 0x9e,
    0xfd, 0x50, 0xaf, 0xad, 0x8a, 0xff, 0x4a, 0xfa,
    0x0, 0x4, 0xfb, 0xaf, 0x20, 0x0, 0xd, 0xda,
    0xf0, 0x0, 0x0, 0xce, 0xaf, 0x0, 0x0, 0xc,
    0xea, 0xf0, 0x0, 0x0, 0xce, 0xaf, 0x0, 0x0,
    0xc, 0xea, 0xf0, 0x0, 0x0, 0xce, 0xaf, 0x0,
    0x0, 0xc, 0xea, 0xf0, 0x0, 0x0, 0xce,

    /* U+0069 "i" */
    0xbe, 0x2d, 0xf4, 0x13, 0xa, 0xf0, 0xaf, 0xa,
    0xf0, 0xaf, 0xa, 0xf0, 0xaf, 0xa, 0xf0, 0xaf,
    0xa, 0xf0, 0xaf, 0xa, 0xf0,

    /* U+006A "j" */
    0x0, 0xbe, 0x20, 0xe, 0xf3, 0x0, 0x12, 0x0,
    0xa, 0xf0, 0x0, 0xaf, 0x0, 0xa, 0xf0, 0x0,
    0xaf, 0x0, 0xa, 0xf0, 0x0, 0xaf, 0x0, 0xa,
    0xf0, 0x0, 0xaf, 0x0, 0xa, 0xf0, 0x0, 0xaf,
    0x0, 0xa, 0xf0, 0x0, 0xaf, 0x0, 0xc, 0xf0,
    0x3b, 0xfa, 0x6, 0xfa, 0x10,

    /* U+006B "k" */
    0xaf, 0x0, 0x0, 0x0, 0x0, 0xaf, 0x0, 0x0,
    0x0, 0x0, 0xaf, 0x0, 0x0, 0x0, 0x0, 0xaf,
    0x0, 0x0, 0xaf, 0x60, 0xaf, 0x0, 0x9, 0xf7,
    0x0, 0xaf, 0x0, 0x8f, 0x80, 0x0, 0xaf, 0x7,
    0xf9, 0x0, 0x0, 0xaf, 0x6f, 0xb0, 0x0, 0x0,
    0xaf, 0xff, 0xe1, 0x0, 0x0, 0xaf, 0x85, 0xfb,
    0x0, 0x0, 0xaf, 0x0, 0x9f, 0x80, 0x0, 0xaf,
    0x0, 0xc, 0xf4, 0x0, 0xaf, 0x0, 0x2, 0xee,
    0x20, 0xaf, 0x0, 0x0, 0x4f, 0xc0,

    /* U+006C "l" */
    0xaf, 0xa, 0xf0, 0xaf, 0xa, 0xf0, 0xaf, 0xa,
    0xf0, 0xaf, 0xa, 0xf0, 0xaf, 0xa, 0xf0, 0xaf,
    0xa, 0xf0, 0xaf, 0xa, 0xf0,

    /* U+006D "m" */
    0xaf, 0x1b, 0xff, 0xa0, 0x2b, 0xff, 0xb2, 0xa,
    0xfc, 0xa6, 0xbf, 0xbe, 0xa6, 0xaf, 0xd0, 0xaf,
    0x80, 0x0, 0xcf, 0x80, 0x0, 0x9f, 0x3a, 0xf1,
    0x0, 0x8, 0xf3, 0x0, 0x5, 0xf5, 0xaf, 0x0,
    0x0, 0x8f, 0x30, 0x0, 0x5f, 0x5a, 0xf0, 0x0,
    0x8, 0xf3, 0x0, 0x5, 0xf5, 0xaf, 0x0, 0x0,
    0x8f, 0x30, 0x0, 0x5f, 0x5a, 0xf0, 0x0, 0x8,
    0xf3, 0x0, 0x5, 0xf5, 0xaf, 0x0, 0x0, 0x8f,
    0x30, 0x0, 0x5f, 0x5a, 0xf0, 0x0, 0x8, 0xf3,
    0x0, 0x5, 0xf5, 0xaf, 0x0, 0x0, 0x8f, 0x30,
    0x0, 0x5f, 0x50,

    /* U+006E "n" */
    0xaf, 0x1a, 0xff, 0xc4, 0xa, 0xfc, 0xb6, 0x8f,
    0xf2, 0xaf, 0x90, 0x0, 0x4f, 0x9a, 0xf2, 0x0,
    0x0, 0xfb, 0xaf, 0x0, 0x0, 0xe, 0xca, 0xf0,
    0x0, 0x0, 0xec, 0xaf, 0x0, 0x0, 0xe, 0xca,
    0xf0, 0x0, 0x0, 0xec, 0xaf, 0x0, 0x0, 0xe,
    0xca, 0xf0, 0x0, 0x0, 0xec, 0xaf, 0x0, 0x0,
    0xe, 0xc0,

    /* U+006F "o" */
    0x0, 0x7, 0xdf, 0xea, 0x20, 0x0, 0xc, 0xfc,
    0x8a, 0xff, 0x30, 0x7, 0xf7, 0x0, 0x3, 0xfd,
    0x0, 0xed, 0x0, 0x0, 0x8, 0xf3, 0x1f, 0x90,
    0x0, 0x0, 0x4f, 0x62, 0xf8, 0x0, 0x0, 0x3,
    0xf7, 0x1f, 0x90, 0x0, 0x0, 0x4f, 0x60, 0xed,
    0x0, 0x0, 0x8, 0xf3, 0x7, 0xf8, 0x0, 0x3,
    0xfd, 0x0, 0xc, 0xfc, 0x8a, 0xff, 0x30, 0x0,
    0x7, 0xdf, 0xea, 0x20, 0x0,

    /* U+0070 "p" */
    0xaf, 0x9, 0xff, 0xd5, 0x0, 0xaf, 0xbd, 0x77,
    0xcf, 0x70, 0xaf, 0xc0, 0x0, 0xc, 0xf2, 0xaf,
    0x40, 0x0, 0x3, 0xf7, 0xaf, 0x0, 0x0, 0x0,
    0xfa, 0xaf, 0x0, 0x0, 0x0, 0xfb, 0xaf, 0x10,
    0x0, 0x0, 0xfa, 0xaf, 0x50, 0x0, 0x4, 0xf7,
    0xaf, 0xd1, 0x0, 0x1d, 0xf2, 0xaf, 0xae, 0x99,
    0xef, 0x70, 0xaf, 0x8, 0xef, 0xc5, 0x0, 0xaf,
    0x0, 0x0, 0x0, 0x0, 0xaf, 0x0, 0x0, 0x0,
    0x0, 0xaf, 0x0, 0x0, 0x0, 0x0, 0xaf, 0x0,
    0x0, 0x0, 0x0,

    /* U+0071 "q" */
    0x0, 0x19, 0xef, 0xd5, 0x6f, 0x40, 0xd, 0xfc,
    0x8a, 0xfa, 0xf4, 0x8, 0xf7, 0x0, 0x4, 0xff,
    0x40, 0xee, 0x0, 0x0, 0xb, 0xf4, 0x1f, 0xa0,
    0x0, 0x0, 0x7f, 0x42, 0xf8, 0x0, 0x0, 0x6,
    0xf4, 0x1f, 0xa0, 0x0, 0x0, 0x7f, 0x40, 0xee,
    0x0, 0x0, 0xb, 0xf4, 0x8, 0xf8, 0x0, 0x5,
    0xff, 0x40, 0xd, 0xfc, 0x8b, 0xfa, 0xf4, 0x0,
    0x19, 0xef, 0xd4, 0x7f, 0x40, 0x0, 0x0, 0x0,
    0x7, 0xf4, 0x0, 0x0, 0x0, 0x0, 0x7f, 0x40,
    0x0, 0x0, 0x0, 0x7, 0xf4, 0x0, 0x0, 0x0,
    0x0, 0x7f, 0x40,

    /* U+0072 "r" */
    0x0, 0x0, 0x0, 0xaf, 0x2b, 0xfb, 0xaf, 0xdc,
    0x86, 0xaf, 0x90, 0x0, 0xaf, 0x10, 0x0, 0xaf,
    0x0, 0x0, 0xaf, 0x0, 0x0, 0xaf, 0x0, 0x0,
    0xaf, 0x0, 0x0, 0xaf, 0x0, 0x0, 0xaf, 0x0,
    0x0, 0xaf, 0x0, 0x0,

    /* U+0073 "s" */
    0x0, 0x4c, 0xff, 0xc5, 0x0, 0x4, 0xfd, 0x87,
    0xdf, 0x50, 0xb, 0xf1, 0x0, 0xd, 0xb0, 0xc,
    0xf1, 0x0, 0x0, 0x0, 0x6, 0xfe, 0x84, 0x0,
    0x0, 0x0, 0x5d, 0xff, 0xf9, 0x10, 0x0, 0x0,
    0x15, 0xaf, 0xb0, 0x0, 0x0, 0x0, 0xc, 0xf0,
    0xf, 0xc0, 0x0, 0xd, 0xf0, 0x8, 0xfc, 0x88,
    0xdf, 0x80, 0x0, 0x7d, 0xff, 0xc6, 0x0,

    /* U+0074 "t" */
    0x0, 0x76, 0x0, 0x0, 0xf, 0xc0, 0x0, 0x0,
    0xfc, 0x0, 0x8, 0xff, 0xff, 0xf0, 0x37, 0xfd,
    0x77, 0x0, 0xf, 0xc0, 0x0, 0x0, 0xfc, 0x0,
    0x0, 0xf, 0xc0, 0x0, 0x0, 0xfc, 0x0, 0x0,
    0xf, 0xc0, 0x0, 0x0, 0xfc, 0x0, 0x0, 0xe,
    0xd0, 0x0, 0x0, 0xaf, 0xca, 0x10, 0x0, 0xaf,
    0xf2,

    /* U+0075 "u" */
    0xaf, 0x0, 0x0, 0xf, 0xba, 0xf0, 0x0, 0x0,
    0xfb, 0xaf, 0x0, 0x0, 0xf, 0xba, 0xf0, 0x0,
    0x0, 0xfb, 0xaf, 0x0, 0x0, 0xf, 0xba, 0xf0,
    0x0, 0x0, 0xfb, 0xaf, 0x0, 0x0, 0xf, 0xb9,
    0xf1, 0x0, 0x1, 0xfb, 0x7f, 0x80, 0x0, 0xaf,
    0xb1, 0xef, 0xb8, 0xcb, 0xfb, 0x3, 0xcf, 0xe9,
    0xf, 0xb0,

    /* U+0076 "v" */
    0x4f, 0x80, 0x0, 0x0, 0xee, 0x0, 0xed, 0x0,
    0x0, 0x3f, 0x80, 0x9, 0xf2, 0x0, 0x9, 0xf2,
    0x0, 0x3f, 0x80, 0x0, 0xed, 0x0, 0x0, 0xed,
    0x0, 0x3f, 0x70, 0x0, 0x8, 0xf2, 0x9, 0xf1,
    0x0, 0x0, 0x2f, 0x70, 0xec, 0x0, 0x0, 0x0,
    0xdd, 0x3f, 0x60, 0x0, 0x0, 0x7, 0xfb, 0xf1,
    0x0, 0x0, 0x0, 0x1f, 0xfb, 0x0, 0x0, 0x0,
    0x0, 0xcf, 0x50, 0x0, 0x0,

    /* U+0077 "w" */
    0x5f, 0x60, 0x0, 0x3f, 0xd0, 0x0, 0xd, 0xe0,
    0x1f, 0xa0, 0x0, 0x8f, 0xf1, 0x0, 0x2f, 0x90,
    0xc, 0xf0, 0x0, 0xce, 0xf5, 0x0, 0x6f, 0x50,
    0x7, 0xf3, 0x0, 0xf7, 0xe9, 0x0, 0xaf, 0x0,
    0x2, 0xf7, 0x4, 0xf2, 0x9e, 0x0, 0xeb, 0x0,
    0x0, 0xec, 0x9, 0xe0, 0x5f, 0x23, 0xf6, 0x0,
    0x0, 0x9f, 0xd, 0xa0, 0x1f, 0x67, 0xf2, 0x0,
    0x0, 0x4f, 0x6f, 0x50, 0xc, 0xac, 0xd0, 0x0,
    0x0, 0xf, 0xef, 0x10, 0x8, 0xff, 0x80, 0x0,
    0x0, 0xb, 0xfd, 0x0, 0x4, 0xff, 0x40, 0x0,
    0x0, 0x6, 0xf8, 0x0, 0x0, 0xff, 0x0, 0x0,

    /* U+0078 "x" */
    0x1e, 0xe0, 0x0, 0xa, 0xf4, 0x6, 0xf7, 0x0,
    0x3f, 0xa0, 0x0, 0xcf, 0x10, 0xce, 0x10, 0x0,
    0x3f, 0x95, 0xf6, 0x0, 0x0, 0x9, 0xfe, 0xc0,
    0x0, 0x0, 0x2, 0xff, 0x50, 0x0, 0x0, 0x9,
    0xff, 0xc0, 0x0, 0x0, 0x3f, 0xa6, 0xf6, 0x0,
    0x0, 0xcf, 0x20, 0xdf, 0x10, 0x6, 0xf8, 0x0,
    0x3f, 0xa0, 0x1e, 0xe0, 0x0, 0xa, 0xf4,

    /* U+0079 "y" */
    0x4f, 0x80, 0x0, 0x0, 0xee, 0x0, 0xed, 0x0,
    0x0, 0x4f, 0x80, 0x9, 0xf2, 0x0, 0x9, 0xf2,
    0x0, 0x3f, 0x80, 0x0, 0xed, 0x0, 0x0, 0xed,
    0x0, 0x4f, 0x70, 0x0, 0x8, 0xf2, 0x9, 0xf1,
    0x0, 0x0, 0x2f, 0x80, 0xeb, 0x0, 0x0, 0x0,
    0xcd, 0x4f, 0x60, 0x0, 0x0, 0x7, 0xfc, 0xf0,
    0x0, 0x0, 0x0, 0x1f, 0xfa, 0x0, 0x0, 0x0,
    0x0, 0xbf, 0x40, 0x0, 0x0, 0x0, 0xc, 0xe0,
    0x0, 0x0, 0x0, 0x2, 0xf9, 0x0, 0x0, 0x0,
    0x49, 0xef, 0x10, 0x0, 0x0, 0x7, 0xfc, 0x30,
    0x0, 0x0, 0x0,

    /* U+007A "z" */
    0xcf, 0xff, 0xff, 0xff, 0x37, 0xaa, 0xaa, 0xaf,
    0xf1, 0x0, 0x0, 0xa, 0xf5, 0x0, 0x0, 0x5,
    0xfa, 0x0, 0x0, 0x2, 0xfd, 0x0, 0x0, 0x0,
    0xdf, 0x30, 0x0, 0x0, 0x9f, 0x70, 0x0, 0x0,
    0x5f, 0xb0, 0x0, 0x0, 0x2f, 0xe1, 0x0, 0x0,
    0xc, 0xfd, 0xaa, 0xaa, 0xa3, 0xff, 0xff, 0xff,
    0xff, 0x60,

    /* U+007B "{" */
    0x0, 0x3, 0xcf, 0x40, 0x1, 0xfe, 0x82, 0x0,
    0x4f, 0x50, 0x0, 0x5, 0xf3, 0x0, 0x0, 0x5f,
    0x30, 0x0, 0x5, 0xf3, 0x0, 0x0, 0x7f, 0x20,
    0x3, 0x8e, 0xd0, 0x0, 0x8f, 0xb0, 0x0, 0x3,
    0x8f, 0xc0, 0x0, 0x0, 0x7f, 0x20, 0x0, 0x5,
    0xf3, 0x0, 0x0, 0x5f, 0x30, 0x0, 0x5, 0xf3,
    0x0, 0x0, 0x5f, 0x30, 0x0, 0x4, 0xf6, 0x0,
    0x0, 0xe, 0xf8, 0x20, 0x0, 0x2b, 0xf4,

    /* U+007C "|" */
    0x56, 0xac, 0xac, 0xac, 0xac, 0xac, 0xac, 0xac,
    0xac, 0xac, 0xac, 0xac, 0xac, 0xac, 0xac, 0xac,
    0xac, 0xac, 0xac,

    /* U+007D "}" */
    0x7f, 0xb2, 0x0, 0x3, 0x9f, 0xd0, 0x0, 0x0,
    0x8f, 0x20, 0x0, 0x5, 0xf2, 0x0, 0x0, 0x5f,
    0x30, 0x0, 0x5, 0xf3, 0x0, 0x0, 0x5f, 0x40,
    0x0, 0x1, 0xee, 0x82, 0x0, 0x2, 0xdf, 0x40,
    0x1, 0xee, 0x71, 0x0, 0x5f, 0x50, 0x0, 0x5,
    0xf3, 0x0, 0x0, 0x5f, 0x30, 0x0, 0x5, 0xf3,
    0x0, 0x0, 0x6f, 0x20, 0x0, 0x9, 0xf1, 0x0,
    0x39, 0xfc, 0x0, 0x7, 0xea, 0x10, 0x0,

    /* U+007E "~" */
    0x1, 0x78, 0x50, 0x0, 0x3, 0x1e, 0xff, 0xff,
    0xa9, 0xca, 0x18, 0x10, 0x49, 0xef, 0xc2, 0x0,
    0x0, 0x0, 0x0, 0x0,

    /* U+00B7 "·" */
    0x28, 0x2a, 0xfb, 0x6f, 0x70,

    /* U+AC04 "간" */
    0x0, 0x0, 0x0, 0x0, 0x0, 0x0, 0xa, 0x40,
    0x0, 0x3, 0x55, 0x55, 0x55, 0x63, 0x0, 0x1f,
    0x70, 0x0, 0x8, 0xff, 0xff, 0xff, 0xf9, 0x0,
    0x1f, 0x70, 0x0, 0x0, 0x0, 0x0, 0x2, 0xf6,
    0x0, 0x1f, 0x70, 0x0, 0x0, 0x0, 0x0, 0x7,
    0xf2, 0x0, 0x1f, 0x70, 0x0, 0x0, 0x0, 0x0,
    0xe, 0xb0, 0x0, 0x1f, 0xa5, 0x50, 0x0, 0x0,
    0x0, 0xbf, 0x20, 0x0, 0x1f, 0xff, 0xf1, 0x0,
    0x0, 0x1b, 0xf4, 0x0, 0x0, 0x1f, 0x70, 0x0,
    0x0, 0x5, 0xee, 0x40, 0x0, 0x0, 0x1f, 0x70,
    0x0, 0x7, 0xdf, 0xa1, 0x0, 0x0, 0x0, 0x1f,
    0x70, 0x0, 0xc, 0x92, 0x0, 0x0, 0x0, 0x0,
    0x1f, 0x70, 0x0, 0x0, 0x2, 0x40, 0x0, 0x0,
    0x0, 0x1f, 0x70, 0x0, 0x0, 0x9, 0xe0, 0x0,
    0x0, 0x0, 0x1f, 0x70, 0x0, 0x0, 0x9, 0xe0,
    0x0, 0x0, 0x0, 0x1, 0x0, 0x0, 0x0, 0x9,
    0xe0, 0x0, 0x0, 0x0, 0x0, 0x0, 0x0, 0x0,
    0x9, 0xe0, 0x0, 0x0, 0x0, 0x0, 0x0, 0x0,
    0x0, 0xa, 0xff, 0xff, 0xff, 0xff, 0xff, 0xf4,
    0x0, 0x0, 0x2, 0x44, 0x44, 0x44, 0x44, 0x44,
    0x41, 0x0,

    /* U+AC74 "건" */
    0x0, 0x0, 0x0, 0x0, 0x0, 0x0, 0x4, 0xb1,
    0x0, 0x55, 0x55, 0x55, 0x64, 0x0, 0x7, 0xf1,
    0x2, 0xff, 0xff, 0xff, 0xfa, 0x0, 0x7, 0xf1,
    0x0, 0x0, 0x0, 0x1, 0xf8, 0x0, 0x7, 0xf1,
    0x0, 0x0, 0x0, 0x5, 0xf3, 0x0, 0x7, 0xf1,
    0x0, 0x0, 0x0, 0xd, 0xd1, 0x55, 0x5a, 0xf1,
    0x0, 0x0, 0x0, 0x9f, 0x34, 0xff, 0xff, 0xf1,
    0x0, 0x0, 0x9, 0xf7, 0x0, 0x0, 0x7, 0xf1,
    0x0, 0x3, 0xcf, 0x70, 0x0, 0x0, 0x7, 0xf1,
    0x5, 0xbf, 0xd3, 0x0, 0x0, 0x0, 0x7, 0xf1,
    0xb, 0xc5, 0x0, 0x0, 0x0, 0x0, 0x7, 0xf1,
    0x0, 0x0, 0x21, 0x0, 0x0, 0x0, 0x7, 0xf1,
    0x0, 0x0, 0xf9, 0x0, 0x0, 0x0, 0x7, 0xf1,
    0x0, 0x0, 0xf9, 0x0, 0x0, 0x0, 0x1, 0x20,
    0x0, 0x0, 0xf9, 0x0, 0x0, 0x0, 0x0, 0x0,
    0x0, 0x0, 0xf9, 0x0, 0x0, 0x0, 0x0, 0x0,
    0x0, 0x0, 0xff, 0xff, 0xff, 0xff, 0xff, 0xf8,
    0x0, 0x0, 0x44, 0x44, 0x44, 0x44, 0x44, 0x42,

    /* U+AC8C "게" */
    0x0, 0x0, 0x0, 0x0, 0x0, 0x25, 0x0, 0x8e,
    0x0, 0x0, 0x0, 0x0, 0x0, 0x7f, 0x0, 0x8e,
    0x2, 0x99, 0x99, 0x99, 0x30, 0x7f, 0x0, 0x8e,
    0x3, 0xbb, 0xbb, 0xcf, 0x60, 0x7f, 0x0, 0x8e,
    0x0, 0x0, 0x0, 0x3f, 0x40, 0x7f, 0x0, 0x8e,
    0x0, 0x0, 0x0, 0x6f, 0x10, 0x7f, 0x0, 0x8e,
    0x0, 0x0, 0x0, 0xad, 0x0, 0x7f, 0x0, 0x8e,
    0x0, 0x0, 0x1, 0xfe, 0xaa, 0xdf, 0x0, 0x8e,
    0x0, 0x0, 0xa, 0xf9, 0x99, 0xcf, 0x0, 0x8e,
    0x0, 0x0, 0x5f, 0x70, 0x0, 0x7f, 0x0, 0x8e,
    0x0, 0x4, 0xfb, 0x0, 0x0, 0x7f, 0x0, 0x8e,
    0x0, 0x5f, 0xc0, 0x0, 0x0, 0x7f, 0x0, 0x8e,
    0xa, 0xfb, 0x0, 0x0, 0x0, 0x7f, 0x0, 0x8e,
    0x6, 0x60, 0x0, 0x0, 0x0, 0x7f, 0x0, 0x8e,
    0x0, 0x0, 0x0, 0x0, 0x0, 0x7f, 0x0, 0x8e,
    0x0, 0x0, 0x0, 0x0, 0x0, 0x7f, 0x0, 0x8e,
    0x0, 0x0, 0x0, 0x0, 0x0, 0x5b, 0x0, 0x8e,
    0x0, 0x0, 0x0, 0x0, 0x0, 0x0, 0x0, 0x36,

    /* U+ACA9 "격" */
    0x0, 0x0, 0x0, 0x0, 0x0, 0x0, 0x9, 0xe0,
    0x1d, 0xdd, 0xdd, 0xdd, 0x80, 0x0, 0x9f, 0x1,
    0x77, 0x77, 0x77, 0xf9, 0x0, 0x9, 0xf0, 0x0,
    0x0, 0x0, 0x2f, 0xfe, 0xee, 0xff, 0x0, 0x0,
    0x0, 0x8, 0xf6, 0x66, 0x6c, 0xf0, 0x0, 0x0,
    0x3, 0xf8, 0x0, 0x0, 0x9f, 0x0, 0x0, 0x3,
    0xed, 0x0, 0x0, 0x9, 0xf0, 0x0, 0x6, 0xfd,
    0x10, 0xff, 0xff, 0xff, 0x1, 0x6d, 0xf9, 0x0,
    0x4, 0x44, 0x4b, 0xf0, 0xcf, 0xa3, 0x0, 0x0,
    0x0, 0x0, 0x9f, 0x2, 0x10, 0x0, 0x0, 0x0,
    0x0, 0x5, 0x80, 0x0, 0xae, 0xee, 0xee, 0xee,
    0xee, 0xed, 0x0, 0x4, 0x55, 0x55, 0x55, 0x55,
    0x5b, 0xf0, 0x0, 0x0, 0x0, 0x0, 0x0, 0x0,
    0x9f, 0x0, 0x0, 0x0, 0x0, 0x0, 0x0, 0x9,
    0xf0, 0x0, 0x0, 0x0, 0x0, 0x0, 0x0, 0x9f,
    0x0, 0x0, 0x0, 0x0, 0x0, 0x0, 0x9, 0xf0,
    0x0, 0x0, 0x0, 0x0, 0x0, 0x0, 0x35,

    /* U+ACB0 "결" */
    0x0, 0x0, 0x0, 0x0, 0x0, 0x0, 0x5c, 0x11,
    0xee, 0xee, 0xee, 0xfa, 0x0, 0x6, 0xf2, 0x5,
    0x55, 0x55, 0x5f, 0xb4, 0x44, 0x8f, 0x20, 0x0,
    0x0, 0x3, 0xff, 0xff, 0xff, 0xf2, 0x0, 0x0,
    0x0, 0xbe, 0x0, 0x0, 0x6f, 0x20, 0x0, 0x0,
    0x8f, 0x50, 0x0, 0x6, 0xf2, 0x0, 0x1, 0xaf,
    0x70, 0xff, 0xff, 0xff, 0x20, 0x39, 0xfe, 0x50,
    0x4, 0x44, 0x48, 0xf2, 0xcf, 0xe7, 0x0, 0x0,
    0x0, 0x0, 0x6f, 0x23, 0x30, 0x11, 0x11, 0x11,
    0x11, 0x12, 0x30, 0x0, 0x2f, 0xff, 0xff, 0xff,
    0xff, 0xff, 0x20, 0x0, 0x22, 0x22, 0x22, 0x22,
    0x27, 0xf2, 0x0, 0x0, 0x0, 0x0, 0x0, 0x0,
    0x6f, 0x20, 0x1, 0xff, 0xff, 0xff, 0xff, 0xff,
    0xf2, 0x0, 0x1f, 0x82, 0x22, 0x22, 0x22, 0x22,
    0x0, 0x1, 0xf7, 0x0, 0x0, 0x0, 0x0, 0x0,
    0x0, 0x2f, 0xed, 0xdd, 0xdd, 0xdd, 0xdd, 0x90,
    0x0, 0x66, 0x66, 0x66, 0x66, 0x66, 0x64,

    /* U+ACBD "경" */
    0x0, 0x0, 0x0, 0x0, 0x0, 0x0, 0x3, 0x80,
    0x0, 0x44, 0x44, 0x44, 0x42, 0x0, 0x7, 0xf1,
    0x3, 0xff, 0xff, 0xff, 0xfa, 0x0, 0x7, 0xf1,
    0x0, 0x0, 0x0, 0x1, 0xfa, 0x44, 0x49, 0xf1,
    0x0, 0x0, 0x0, 0x5, 0xfe, 0xee, 0xef, 0xf1,
    0x0, 0x0, 0x0, 0xd, 0xc0, 0x0, 0x7, 0xf1,
    0x0, 0x0, 0x0, 0xbf, 0x20, 0x0, 0x7, 0xf1,
    0x0, 0x0, 0x2c, 0xf4, 0xf, 0xff, 0xff, 0xf1,
    0x0, 0x29, 0xfd, 0x30, 0x5, 0x55, 0x5a, 0xf1,
    0xb, 0xfe, 0x70, 0x0, 0x0, 0x0, 0x7, 0xf1,
    0x5, 0x50, 0x0, 0x0, 0x12, 0x10, 0x4, 0xa1,
    0x0, 0x0, 0x6, 0xcf, 0xff, 0xff, 0xc5, 0x0,
    0x0, 0x0, 0xbf, 0x83, 0x11, 0x14, 0x9f, 0x90,
    0x0, 0x4, 0xf5, 0x0, 0x0, 0x0, 0x8, 0xf1,
    0x0, 0x5, 0xf3, 0x0, 0x0, 0x0, 0x6, 0xf2,
    0x0, 0x0, 0xed, 0x50, 0x0, 0x1, 0x6f, 0xc0,
    0x0, 0x0, 0x1a, 0xff, 0xed, 0xef, 0xf9, 0x0,
    0x0, 0x0, 0x0, 0x3, 0x56, 0x53, 0x0, 0x0,

    /* U+ACC4 "계" */
    0x0, 0x0, 0x0, 0x0, 0x0, 0x5, 0x20, 0x8e,
    0x0, 0x0, 0x0, 0x0, 0x0, 0xf, 0x70, 0x8e,
    0x2, 0x99, 0x99, 0x99, 0x30, 0xf, 0x70, 0x8e,
    0x3, 0xbb, 0xbb, 0xcf, 0x50, 0xf, 0x70, 0x8e,
    0x0, 0x0, 0x0, 0x3f, 0x40, 0xf, 0x70, 0x8e,
    0x0, 0x0, 0x0, 0x6f, 0xff, 0xff, 0x70, 0x8e,
    0x0, 0x0, 0x0, 0xbd, 0x55, 0x5f, 0x70, 0x8e,
    0x0, 0x0, 0x2, 0xf7, 0x0, 0xf, 0x70, 0x8e,
    0x0, 0x0, 0xa, 0xf1, 0x0, 0xf, 0x70, 0x8e,
    0x0, 0x0, 0x5f, 0x62, 0x99, 0x9f, 0x70, 0x8e,
    0x0, 0x4, 0xfb, 0x2, 0xbb, 0xbf, 0x70, 0x8e,
    0x0, 0x6f, 0xc0, 0x0, 0x0, 0xf, 0x70, 0x8e,
    0xa, 0xfa, 0x0, 0x0, 0x0, 0xf, 0x70, 0x8e,
    0x6, 0x60, 0x0, 0x0, 0x0, 0xf, 0x70, 0x8e,
    0x0, 0x0, 0x0, 0x0, 0x0, 0xf, 0x70, 0x8e,
    0x0, 0x0, 0x0, 0x0, 0x0, 0xf, 0x70, 0x8e,
    0x0, 0x0, 0x0, 0x0, 0x0, 0xb, 0x50, 0x8e,
    0x0, 0x0, 0x0, 0x0, 0x0, 0x0, 0x0, 0x36,

    /* U+ACE0 "고" */
    0x0, 0x0, 0x0, 0x0, 0x0, 0x0, 0x0, 0x0,
    0x0, 0x9, 0xff, 0xff, 0xff, 0xff, 0xff, 0xfa,
    0x0, 0x0, 0x24, 0x44, 0x44, 0x44, 0x44, 0x4e,
    0xa0, 0x0, 0x0, 0x0, 0x0, 0x0, 0x0, 0x0,
    0xea, 0x0, 0x0, 0x0, 0x0, 0x0, 0x0, 0x0,
    0xe, 0x90, 0x0, 0x0, 0x0, 0x0, 0x0, 0x0,
    0x0, 0xf9, 0x0, 0x0, 0x0, 0x0, 0x4, 0x20,
    0x0, 0xf, 0x80, 0x0, 0x0, 0x0, 0x1, 0xf6,
    0x0, 0x1, 0xf7, 0x0, 0x0, 0x0, 0x0, 0x1f,
    0x60, 0x0, 0x3f, 0x50, 0x0, 0x0, 0x0, 0x1,
    0xf6, 0x0, 0x5, 0xf3, 0x0, 0x0, 0x0, 0x0,
    0x1f, 0x60, 0x0, 0x5c, 0x0, 0x0, 0x0, 0x0,
    0x1, 0xf6, 0x0, 0x0, 0x0, 0x0, 0x0, 0x0,
    0x0, 0x1f, 0x60, 0x0, 0x0, 0x0, 0x4, 0xff,
    0xff, 0xff, 0xff, 0xff, 0xff, 0xff, 0xf8, 0x14,
    0x44, 0x44, 0x44, 0x44, 0x44, 0x44, 0x44, 0x20,

    /* U+ACF5 "공" */
    0x0, 0x5f, 0xff, 0xff, 0xff, 0xff, 0xff, 0x80,
    0x0, 0x1, 0x44, 0x44, 0x44, 0x44, 0x44, 0xf8,
    0x0, 0x0, 0x0, 0x0, 0x0, 0x0, 0x0, 0xf,
    0x80, 0x0, 0x0, 0x0, 0x0, 0x0, 0x0, 0x0,
    0xf7, 0x0, 0x0, 0x0, 0x0, 0x9, 0xe0, 0x0,
    0x2f, 0x60, 0x0, 0x0, 0x0, 0x0, 0x9e, 0x0,
    0x5, 0xf3, 0x0, 0x0, 0x0, 0x0, 0x9, 0xe0,
    0x0, 0x2, 0x0, 0x1, 0xaa, 0xaa, 0xaa, 0xef,
    0xaa, 0xaa, 0xaa, 0xa7, 0x19, 0x99, 0x99, 0x99,
    0x99, 0x99, 0x99, 0x99, 0x60, 0x0, 0x0, 0x0,
    0x0, 0x0, 0x0, 0x0, 0x0, 0x0, 0x0, 0x38,
    0xbd, 0xdd, 0xb8, 0x40, 0x0, 0x0, 0x0, 0x9f,
    0xc7, 0x55, 0x57, 0xbf, 0xb0, 0x0, 0x0, 0x5f,
    0x50, 0x0, 0x0, 0x0, 0x3f, 0x80, 0x0, 0x7,
    0xf1, 0x0, 0x0, 0x0, 0x0, 0xea, 0x0, 0x0,
    0x2f, 0xc4, 0x0, 0x0, 0x3, 0xbf, 0x40, 0x0,
    0x0, 0x2b, 0xff, 0xed, 0xef, 0xfb, 0x30, 0x0,
    0x0, 0x0, 0x0, 0x35, 0x55, 0x31, 0x0, 0x0,
    0x0,

    /* U+ACFC "과" */
    0x0, 0x0, 0x0, 0x0, 0x0, 0x0, 0x1a, 0x40,
    0x0, 0x0, 0x0, 0x0, 0x0, 0x0, 0x0, 0x1f,
    0x60, 0x0, 0x3, 0xff, 0xff, 0xff, 0xff, 0x90,
    0x1f, 0x60, 0x0, 0x0, 0x44, 0x44, 0x44, 0x4f,
    0x90, 0x1f, 0x60, 0x0, 0x0, 0x0, 0x0, 0x0,
    0xe, 0x90, 0x1f, 0x60, 0x0, 0x0, 0x0, 0x0,
    0x0, 0xf, 0x90, 0x1f, 0x60, 0x0, 0x0, 0x0,
    0x0, 0x0, 0xf, 0x80, 0x1f, 0x60, 0x0, 0x0,
    0x0, 0x8d, 0x0, 0x1f, 0x70, 0x1f, 0xa6, 0x61,
    0x0, 0x0, 0x9e, 0x0, 0x3f, 0x50, 0x1f, 0xff,
    0xf3, 0x0, 0x0, 0x9e, 0x0, 0x5f, 0x30, 0x1f,
    0x60, 0x0, 0x0, 0x0, 0x9e, 0x0, 0x0, 0x0,
    0x1f, 0x60, 0x0, 0x0, 0x0, 0x9e, 0x0, 0x0,
    0x0, 0x1f, 0x60, 0x0, 0x18, 0x88, 0xdf, 0xaa,
    0xbd, 0xea, 0x1f, 0x60, 0x0, 0xc, 0xbb, 0xba,
    0xa9, 0x86, 0x41, 0x1f, 0x60, 0x0, 0x0, 0x0,
    0x0, 0x0, 0x0, 0x0, 0x1f, 0x60, 0x0, 0x0,
    0x0, 0x0, 0x0, 0x0, 0x0, 0x1f, 0x60, 0x0,
    0x0, 0x0, 0x0, 0x0, 0x0, 0x0, 0x1f, 0x60,
    0x0, 0x0, 0x0, 0x0, 0x0, 0x0, 0x0, 0x1b,
    0x40, 0x0,

    /* U+AD00 "관" */
    0x0, 0x0, 0x0, 0x0, 0x0, 0x0, 0xb, 0x70,
    0x0, 0x0, 0x55, 0x55, 0x55, 0x56, 0x20, 0xf,
    0xa0, 0x0, 0x1, 0xff, 0xff, 0xff, 0xff, 0x80,
    0xf, 0xa0, 0x0, 0x0, 0x0, 0x0, 0x0, 0xf,
    0x70, 0xf, 0xa0, 0x0, 0x0, 0x0, 0x0, 0x0,
    0xf, 0x70, 0xf, 0xa0, 0x0, 0x0, 0x0, 0x59,
    0x0, 0x2f, 0x60, 0xf, 0xb2, 0x20, 0x0, 0x0,
    0x9f, 0x0, 0x4f, 0x40, 0xf, 0xff, 0xf2, 0x0,
    0x0, 0x9f, 0x0, 0x39, 0x10, 0xf, 0xb3, 0x30,
    0x0, 0x0, 0x9f, 0x0, 0x1, 0x23, 0xf, 0xa0,
    0x0, 0x1c, 0xcc, 0xef, 0xee, 0xff, 0xfc, 0xf,
    0xa0, 0x0, 0x8, 0x77, 0x76, 0x65, 0x32, 0x0,
    0xf, 0xa0, 0x0, 0x0, 0x0, 0x0, 0x0, 0x0,
    0x0, 0xf, 0xa0, 0x0, 0x0, 0x8, 0xc0, 0x0,
    0x0, 0x0, 0xf, 0xa0, 0x0, 0x0, 0xa, 0xe0,
    0x0, 0x0, 0x0, 0x4, 0x20, 0x0, 0x0, 0xa,
    0xe0, 0x0, 0x0, 0x0, 0x0, 0x0, 0x0, 0x0,
    0xa, 0xe0, 0x0, 0x0, 0x0, 0x0, 0x0, 0x0,
    0x0, 0xa, 0xff, 0xff, 0xff, 0xff, 0xff, 0xf3,
    0x0, 0x0, 0x3, 0x44, 0x44, 0x44, 0x44, 0x44,
    0x40, 0x0,

    /* U+AD6C "구" */
    0x0, 0x2e, 0xee, 0xee, 0xee, 0xee, 0xef, 0x70,
    0x0, 0x1, 0x66, 0x66, 0x66, 0x66, 0x66, 0xf9,
    0x0, 0x0, 0x0, 0x0, 0x0, 0x0, 0x0, 0xf,
    0x80, 0x0, 0x0, 0x0, 0x0, 0x0, 0x0, 0x0,
    0xf8, 0x0, 0x0, 0x0, 0x0, 0x0, 0x0, 0x0,
    0xf, 0x70, 0x0, 0x0, 0x0, 0x0, 0x0, 0x0,
    0x2, 0xf6, 0x0, 0x0, 0x0, 0x0, 0x0, 0x0,
    0x0, 0x4f, 0x40, 0x0, 0x44, 0x44, 0x44, 0x44,
    0x44, 0x49, 0xf5, 0x42, 0x3f, 0xff, 0xff, 0xff,
    0xff, 0xff, 0xff, 0xff, 0xa0, 0x0, 0x0, 0x0,
    0x1f, 0x70, 0x0, 0x0, 0x0, 0x0, 0x0, 0x0,
    0x1, 0xf7, 0x0, 0x0, 0x0, 0x0, 0x0, 0x0,
    0x0, 0x1f, 0x70, 0x0, 0x0, 0x0, 0x0, 0x0,
    0x0, 0x1, 0xf7, 0x0, 0x0, 0x0, 0x0, 0x0,
    0x0, 0x0, 0x1f, 0x70, 0x0, 0x0, 0x0, 0x0,
    0x0, 0x0, 0x1, 0xf7, 0x0, 0x0, 0x0, 0x0,
    0x0, 0x0, 0x0, 0x1f, 0x70, 0x0, 0x0, 0x0,
    0x0, 0x0, 0x0, 0x0, 0x84, 0x0, 0x0, 0x0,
    0x0,

    /* U+ADFC "근" */
    0x0, 0x4f, 0xff, 0xff, 0xff, 0xff, 0xff, 0x70,
    0x0, 0x1, 0x44, 0x44, 0x44, 0x44, 0x44, 0xf8,
    0x0, 0x0, 0x0, 0x0, 0x0, 0x0, 0x0, 0xf,
    0x80, 0x0, 0x0, 0x0, 0x0, 0x0, 0x0, 0x0,
    0xf7, 0x0, 0x0, 0x0, 0x0, 0x0, 0x0, 0x0,
    0x1f, 0x60, 0x0, 0x0, 0x0, 0x0, 0x0, 0x0,
    0x3, 0xf4, 0x0, 0x0, 0x0, 0x0, 0x0, 0x0,
    0x0, 0x5f, 0x20, 0x1, 0xff, 0xff, 0xff, 0xff,
    0xff, 0xff, 0xff, 0xfc, 0x5, 0x55, 0x55, 0x55,
    0x55, 0x55, 0x55, 0x55, 0x40, 0x0, 0x0, 0x0,
    0x0, 0x0, 0x0, 0x0, 0x0, 0x0, 0x1a, 0x30,
    0x0, 0x0, 0x0, 0x0, 0x0, 0x0, 0x3, 0xf5,
    0x0, 0x0, 0x0, 0x0, 0x0, 0x0, 0x0, 0x3f,
    0x50, 0x0, 0x0, 0x0, 0x0, 0x0, 0x0, 0x3,
    0xf5, 0x0, 0x0, 0x0, 0x0, 0x0, 0x0, 0x0,
    0x3f, 0x73, 0x33, 0x33, 0x33, 0x33, 0x30, 0x0,
    0x3, 0xff, 0xff, 0xff, 0xff, 0xff, 0xff, 0x10,
    0x0, 0x1, 0x11, 0x11, 0x11, 0x11, 0x11, 0x10,
    0x0,

    /* U+AE09 "급" */
    0x0, 0x1f, 0xff, 0xff, 0xff, 0xff, 0xff, 0xb0,
    0x0, 0x0, 0x44, 0x44, 0x44, 0x44, 0x44, 0xdb,
    0x0, 0x0, 0x0, 0x0, 0x0, 0x0, 0x0, 0xc,
    0xb0, 0x0, 0x0, 0x0, 0x0, 0x0, 0x0, 0x0,
    0xda, 0x0, 0x0, 0x0, 0x0, 0x0, 0x0, 0x0,
    0xe, 0x90, 0x0, 0x0, 0x0, 0x0, 0x0, 0x0,
    0x1, 0xf6, 0x0, 0xa, 0xaa, 0xaa, 0xaa, 0xaa,
    0xaa, 0xbf, 0xca, 0x80, 0x99, 0x99, 0x99, 0x99,
    0x99, 0x99, 0x99, 0x97, 0x0, 0x0, 0x0, 0x0,
    0x0, 0x0, 0x0, 0x0, 0x0, 0x0, 0xe7, 0x0,
    0x0, 0x0, 0x0, 0xba, 0x0, 0x0, 0xf, 0x80,
    0x0, 0x0, 0x0, 0xc, 0xb0, 0x0, 0x0, 0xfa,
    0x55, 0x55, 0x55, 0x55, 0xdb, 0x0, 0x0, 0xf,
    0xfe, 0xee, 0xee, 0xee, 0xef, 0xb0, 0x0, 0x0,
    0xf8, 0x0, 0x0, 0x0, 0x0, 0xcb, 0x0, 0x0,
    0xf, 0x80, 0x0, 0x0, 0x0, 0xc, 0xb0, 0x0,
    0x0, 0xff, 0xff, 0xff, 0xff, 0xff, 0xfb, 0x0,
    0x0, 0x4, 0x44, 0x44, 0x44, 0x44, 0x44, 0x30,
    0x0,

    /* U+AE30 "기" */
    0x0, 0x0, 0x0, 0x0, 0x0, 0x0, 0x7, 0xf0,
    0x0, 0x11, 0x11, 0x11, 0x10, 0x0, 0x8, 0xf0,
    0x5, 0xff, 0xff, 0xff, 0xfd, 0x0, 0x8, 0xf0,
    0x0, 0x33, 0x33, 0x33, 0xcc, 0x0, 0x8, 0xf0,
    0x0, 0x0, 0x0, 0x0, 0xda, 0x0, 0x8, 0xf0,
    0x0, 0x0, 0x0, 0x1, 0xf6, 0x0, 0x8, 0xf0,
    0x0, 0x0, 0x0, 0x7, 0xf2, 0x0, 0x8, 0xf0,
    0x0, 0x0, 0x0, 0xe, 0xb0, 0x0, 0x8, 0xf0,
    0x0, 0x0, 0x0, 0x9f, 0x30, 0x0, 0x8, 0xf0,
    0x0, 0x0, 0x6, 0xf8, 0x0, 0x0, 0x8, 0xf0,
    0x0, 0x0, 0x6f, 0xb0, 0x0, 0x0, 0x8, 0xf0,
    0x0, 0x1a, 0xfb, 0x0, 0x0, 0x0, 0x8, 0xf0,
    0x6, 0xef, 0x80, 0x0, 0x0, 0x0, 0x8, 0xf0,
    0xb, 0xb3, 0x0, 0x0, 0x0, 0x0, 0x8, 0xf0,
    0x0, 0x0, 0x0, 0x0, 0x0, 0x0, 0x8, 0xf0,
    0x0, 0x0, 0x0, 0x0, 0x0, 0x0, 0x8, 0xf0,
    0x0, 0x0, 0x0, 0x0, 0x0, 0x0, 0x8, 0xf0,
    0x0, 0x0, 0x0, 0x0, 0x0, 0x0, 0x3, 0x60,

    /* U+AE40 "김" */
    0x0, 0x0, 0x0, 0x0, 0x0, 0x0, 0x7f, 0x10,
    0xee, 0xee, 0xee, 0xfb, 0x0, 0x7, 0xf1, 0x6,
    0x66, 0x66, 0x6e, 0xb0, 0x0, 0x7f, 0x10, 0x0,
    0x0, 0x1, 0xf7, 0x0, 0x7, 0xf1, 0x0, 0x0,
    0x0, 0x7f, 0x20, 0x0, 0x7f, 0x10, 0x0, 0x0,
    0x2f, 0x90, 0x0, 0x7, 0xf1, 0x0, 0x0, 0x3e,
    0xd0, 0x0, 0x0, 0x7f, 0x10, 0x0, 0x7f, 0xc1,
    0x0, 0x0, 0x7, 0xf1, 0x28, 0xef, 0x80, 0x0,
    0x0, 0x0, 0x7f, 0x1a, 0xe9, 0x20, 0x0, 0x0,
    0x0, 0x7, 0xf1, 0x0, 0x2, 0x22, 0x22, 0x22,
    0x22, 0x22, 0x0, 0x1, 0xff, 0xff, 0xff, 0xff,
    0xff, 0xf1, 0x0, 0x1f, 0x71, 0x11, 0x11, 0x11,
    0x8f, 0x10, 0x1, 0xf6, 0x0, 0x0, 0x0, 0x7,
    0xf1, 0x0, 0x1f, 0x60, 0x0, 0x0, 0x0, 0x7f,
    0x10, 0x1, 0xf6, 0x0, 0x0, 0x0, 0x7, 0xf1,
    0x0, 0x1f, 0xff, 0xff, 0xff, 0xff, 0xff, 0x10,
    0x0, 0x44, 0x44, 0x44, 0x44, 0x44, 0x40,

    /* U+B04A "끊" */
    0x0, 0xcf, 0xff, 0xfd, 0xe, 0xff, 0xff, 0x90,
    0x0, 0x3, 0x44, 0x4c, 0xd0, 0x44, 0x44, 0xe9,
    0x0, 0x0, 0x0, 0x0, 0xbc, 0x0, 0x0, 0xe,
    0x80, 0x0, 0x0, 0x0, 0xd, 0xa0, 0x0, 0x0,
    0xf7, 0x0, 0x0, 0x0, 0x0, 0xf8, 0x0, 0x0,
    0x2f, 0x50, 0x0, 0x0, 0x0, 0x3f, 0x50, 0x0,
    0x5, 0xf2, 0x0, 0x1f, 0xff, 0xff, 0xff, 0xff,
    0xff, 0xff, 0xff, 0xc0, 0x44, 0x44, 0x44, 0x44,
    0x44, 0x44, 0x44, 0x43, 0x0, 0x0, 0x0, 0x0,
    0x0, 0x1a, 0x30, 0x0, 0x0, 0x1, 0x30, 0x0,
    0x0, 0x2, 0xf5, 0x0, 0x0, 0x0, 0x6f, 0x10,
    0x6, 0xff, 0xff, 0xff, 0xf7, 0x0, 0x6, 0xf1,
    0x0, 0x13, 0x33, 0x54, 0x33, 0x10, 0x0, 0x6f,
    0x10, 0x0, 0x8, 0xff, 0xfa, 0x0, 0x0, 0x6,
    0xf1, 0x0, 0x5, 0xf4, 0x2, 0xe7, 0x0, 0x0,
    0x6f, 0x11, 0x46, 0x7e, 0x0, 0xb, 0x90, 0x0,
    0x7, 0xff, 0xff, 0xc2, 0xfa, 0x58, 0xf4, 0x0,
    0x0, 0x1, 0x10, 0x0, 0x3, 0xac, 0xb4, 0x0,
    0x0,

    /* U+B099 "낙" */
    0x0, 0x0, 0x0, 0x0, 0x0, 0x0, 0xa4, 0x0,
    0x7, 0xf1, 0x0, 0x0, 0x0, 0x0, 0x1f, 0x70,
    0x0, 0x7f, 0x10, 0x0, 0x0, 0x0, 0x1, 0xf7,
    0x0, 0x7, 0xf1, 0x0, 0x0, 0x0, 0x0, 0x1f,
    0x70, 0x0, 0x7f, 0x10, 0x0, 0x0, 0x0, 0x1,
    0xfa, 0x55, 0x7, 0xf1, 0x0, 0x0, 0x0, 0x0,
    0x1f, 0xff, 0xf0, 0x7f, 0x10, 0x0, 0x0, 0x1,
    0x1, 0xf7, 0x0, 0x7, 0xfa, 0x9a, 0xbc, 0xdf,
    0xf2, 0x1f, 0x70, 0x0, 0x5b, 0xbb, 0xa9, 0x76,
    0x31, 0x1, 0xf7, 0x0, 0x0, 0x0, 0x0, 0x0,
    0x0, 0x0, 0x1f, 0x70, 0x0, 0x0, 0x0, 0x0,
    0x0, 0x0, 0x0, 0x52, 0x0, 0x0, 0xd, 0xff,
    0xff, 0xff, 0xff, 0xff, 0x60, 0x0, 0x0, 0x45,
    0x55, 0x55, 0x55, 0x55, 0xf7, 0x0, 0x0, 0x0,
    0x0, 0x0, 0x0, 0x0, 0x1f, 0x70, 0x0, 0x0,
    0x0, 0x0, 0x0, 0x0, 0x1, 0xf7, 0x0, 0x0,
    0x0, 0x0, 0x0, 0x0, 0x0, 0x1f, 0x70, 0x0,
    0x0, 0x0, 0x0, 0x0, 0x0, 0x1, 0xf7, 0x0,
    0x0, 0x0, 0x0, 0x0, 0x0, 0x0, 0x7, 0x30,
    0x0,

    /* U+B0B4 "내" */
    0x0, 0x0, 0x0, 0x0, 0x9, 0x40, 0xf, 0x80,
    0x0, 0x0, 0x0, 0x0, 0xf8, 0x0, 0xf8, 0x37,
    0x0, 0x0, 0x0, 0xf, 0x80, 0xf, 0x87, 0xf1,
    0x0, 0x0, 0x0, 0xf8, 0x0, 0xf8, 0x7f, 0x10,
    0x0, 0x0, 0xf, 0x80, 0xf, 0x87, 0xf1, 0x0,
    0x0, 0x0, 0xf8, 0x0, 0xf8, 0x7f, 0x10, 0x0,
    0x0, 0xf, 0x80, 0xf, 0x87, 0xf1, 0x0, 0x0,
    0x0, 0xff, 0xff, 0xf8, 0x7f, 0x10, 0x0, 0x0,
    0xf, 0xb6, 0x6f, 0x87, 0xf1, 0x0, 0x0, 0x0,
    0xf8, 0x0, 0xf8, 0x7f, 0x10, 0x0, 0x0, 0xf,
    0x80, 0xf, 0x87, 0xf2, 0x13, 0x57, 0x80, 0xf8,
    0x0, 0xf8, 0x7f, 0xff, 0xff, 0xfb, 0xf, 0x80,
    0xf, 0x82, 0x54, 0x42, 0x10, 0x0, 0xf8, 0x0,
    0xf8, 0x0, 0x0, 0x0, 0x0, 0xf, 0x80, 0xf,
    0x80, 0x0, 0x0, 0x0, 0x0, 0xf8, 0x0, 0xf8,
    0x0, 0x0, 0x0, 0x0, 0x7, 0x30, 0xf, 0x80,
    0x0, 0x0, 0x0, 0x0, 0x0, 0x0, 0x52,

    /* U+B2E4 "다" */
    0x0, 0x0, 0x0, 0x0, 0x0, 0x6, 0xd0, 0x0,
    0x1, 0x11, 0x11, 0x11, 0x0, 0x8, 0xf0, 0x0,
    0x8f, 0xff, 0xff, 0xff, 0x90, 0x8, 0xf0, 0x0,
    0x8f, 0x33, 0x33, 0x33, 0x10, 0x8, 0xf0, 0x0,
    0x8f, 0x0, 0x0, 0x0, 0x0, 0x8, 0xf0, 0x0,
    0x8f, 0x0, 0x0, 0x0, 0x0, 0x8, 0xf0, 0x0,
    0x8f, 0x0, 0x0, 0x0, 0x0, 0x8, 0xf0, 0x0,
    0x8f, 0x0, 0x0, 0x0, 0x0, 0x8, 0xff, 0xfd,
    0x8f, 0x0, 0x0, 0x0, 0x0, 0x8, 0xf5, 0x54,
    0x8f, 0x0, 0x0, 0x0, 0x0, 0x8, 0xf0, 0x0,
    0x8f, 0x0, 0x0, 0x0, 0x0, 0x8, 0xf0, 0x0,
    0x8f, 0x0, 0x1, 0x24, 0x68, 0x8, 0xf0, 0x0,
    0x8f, 0xff, 0xff, 0xff, 0xfc, 0x8, 0xf0, 0x0,
    0x24, 0x44, 0x43, 0x21, 0x0, 0x8, 0xf0, 0x0,
    0x0, 0x0, 0x0, 0x0, 0x0, 0x8, 0xf0, 0x0,
    0x0, 0x0, 0x0, 0x0, 0x0, 0x8, 0xf0, 0x0,
    0x0, 0x0, 0x0, 0x0, 0x0, 0x8, 0xf0, 0x0,
    0x0, 0x0, 0x0, 0x0, 0x0, 0x4, 0x90, 0x0,

    /* U+B300 "대" */
    0x0, 0x0, 0x0, 0x0, 0x7, 0x50, 0xd, 0x80,
    0x0, 0x0, 0x0, 0x0, 0xd9, 0x0, 0xe9, 0x8e,
    0xee, 0xee, 0xc0, 0xd, 0x90, 0xe, 0x99, 0xf6,
    0x66, 0x65, 0x0, 0xd9, 0x0, 0xe9, 0x9e, 0x0,
    0x0, 0x0, 0xd, 0x90, 0xe, 0x99, 0xe0, 0x0,
    0x0, 0x0, 0xd9, 0x0, 0xe9, 0x9e, 0x0, 0x0,
    0x0, 0xd, 0x90, 0xe, 0x99, 0xe0, 0x0, 0x0,
    0x0, 0xdf, 0xff, 0xf9, 0x9e, 0x0, 0x0, 0x0,
    0xd, 0xb5, 0x5e, 0x99, 0xe0, 0x0, 0x0, 0x0,
    0xd9, 0x0, 0xe9, 0x9e, 0x0, 0x0, 0x0, 0xd,
    0x90, 0xe, 0x99, 0xe0, 0x0, 0x2, 0x50, 0xd9,
    0x0, 0xe9, 0xaf, 0xee, 0xff, 0xff, 0xd, 0x90,
    0xe, 0x93, 0x66, 0x65, 0x42, 0x0, 0xd9, 0x0,
    0xe9, 0x0, 0x0, 0x0, 0x0, 0xd, 0x90, 0xe,
    0x90, 0x0, 0x0, 0x0, 0x0, 0xd9, 0x0, 0xe9,
    0x0, 0x0, 0x0, 0x0, 0x7, 0x40, 0xe, 0x90,
    0x0, 0x0, 0x0, 0x0, 0x0, 0x0, 0x54,

    /* U+B3C4 "도" */
    0x0, 0x4, 0x44, 0x44, 0x44, 0x44, 0x44, 0x30,
    0x0, 0x1, 0xff, 0xff, 0xff, 0xff, 0xff, 0xfb,
    0x0, 0x0, 0x1f, 0x70, 0x0, 0x0, 0x0, 0x0,
    0x0, 0x0, 0x1, 0xf7, 0x0, 0x0, 0x0, 0x0,
    0x0, 0x0, 0x0, 0x1f, 0x70, 0x0, 0x0, 0x0,
    0x0, 0x0, 0x0, 0x1, 0xf7, 0x0, 0x0, 0x0,
    0x0, 0x0, 0x0, 0x0, 0x1f, 0x70, 0x0, 0x0,
    0x0, 0x0, 0x0, 0x0, 0x1, 0xfc, 0x88, 0x88,
    0x88, 0x88, 0x88, 0x0, 0x0, 0xb, 0xbb, 0xbb,
    0xfe, 0xbb, 0xbb, 0xa0, 0x0, 0x0, 0x0, 0x0,
    0xf, 0x80, 0x0, 0x0, 0x0, 0x0, 0x0, 0x0,
    0x0, 0xf8, 0x0, 0x0, 0x0, 0x0, 0x0, 0x0,
    0x0, 0xf, 0x80, 0x0, 0x0, 0x0, 0x0, 0x0,
    0x0, 0x0, 0xf8, 0x0, 0x0, 0x0, 0x1, 0xee,
    0xee, 0xee, 0xef, 0xfe, 0xee, 0xee, 0xeb, 0x6,
    0x66, 0x66, 0x66, 0x66, 0x66, 0x66, 0x66, 0x50,

    /* U+B3D9 "동" */
    0x0, 0x4f, 0xff, 0xff, 0xff, 0xff, 0xff, 0x80,
    0x0, 0x4, 0xf6, 0x44, 0x44, 0x44, 0x44, 0x42,
    0x0, 0x0, 0x4f, 0x30, 0x0, 0x0, 0x0, 0x0,
    0x0, 0x0, 0x4, 0xf3, 0x0, 0x0, 0x0, 0x0,
    0x0, 0x0, 0x0, 0x4f, 0x97, 0x77, 0x77, 0x77,
    0x77, 0x50, 0x0, 0x3, 0xcc, 0xcc, 0xdf, 0xdc,
    0xcc, 0xc8, 0x0, 0x0, 0x0, 0x0, 0x2, 0xf5,
    0x0, 0x0, 0x0, 0x0, 0x0, 0x0, 0x0, 0x2f,
    0x50, 0x0, 0x0, 0x0, 0x4f, 0xff, 0xff, 0xff,
    0xff, 0xff, 0xff, 0xff, 0x81, 0x33, 0x33, 0x33,
    0x33, 0x33, 0x33, 0x33, 0x32, 0x0, 0x0, 0x28,
    0xbd, 0xdd, 0xb9, 0x40, 0x0, 0x0, 0x0, 0x8f,
    0xc8, 0x65, 0x67, 0xbf, 0xb0, 0x0, 0x0, 0x3f,
    0x80, 0x0, 0x0, 0x0, 0x4f, 0x70, 0x0, 0x5,
    0xf4, 0x0, 0x0, 0x0, 0x0, 0xf8, 0x0, 0x0,
    0x1e, 0xd5, 0x0, 0x0, 0x3, 0xcf, 0x30, 0x0,
    0x0, 0x2a, 0xff, 0xed, 0xef, 0xfc, 0x30, 0x0,
    0x0, 0x0, 0x0, 0x35, 0x55, 0x31, 0x0, 0x0,
    0x0,

    /* U+B41C "된" */
    0x0, 0x0, 0x0, 0x0, 0x0, 0x0, 0x7, 0xf0,
    0x0, 0x8d, 0xdd, 0xdd, 0xdd, 0x80, 0x8, 0xf0,
    0x0, 0xaf, 0x77, 0x77, 0x77, 0x50, 0x8, 0xf0,
    0x0, 0xae, 0x0, 0x0, 0x0, 0x0, 0x8, 0xf0,
    0x0, 0xae, 0x0, 0x0, 0x0, 0x0, 0x8, 0xf0,
    0x0, 0xaf, 0x22, 0x22, 0x22, 0x20, 0x8, 0xf0,
    0x0, 0xaf, 0xff, 0xff, 0xff, 0xf0, 0x8, 0xf0,
    0x0, 0x11, 0x13, 0xf8, 0x11, 0x10, 0x8, 0xf0,
    0x0, 0x0, 0x1, 0xf7, 0x0, 0x0, 0x8, 0xf0,
    0x4, 0x44, 0x56, 0xfa, 0x78, 0x9b, 0x28, 0xf0,
    0xf, 0xff, 0xfe, 0xdd, 0xca, 0x97, 0x18, 0xf0,
    0x0, 0x0, 0x0, 0x0, 0x0, 0x0, 0x8, 0xf0,
    0x0, 0x2, 0x93, 0x0, 0x0, 0x0, 0x8, 0xf0,
    0x0, 0x3, 0xf6, 0x0, 0x0, 0x0, 0x0, 0x0,
    0x0, 0x3, 0xf6, 0x0, 0x0, 0x0, 0x0, 0x0,
    0x0, 0x3, 0xf6, 0x0, 0x0, 0x0, 0x0, 0x0,
    0x0, 0x3, 0xff, 0xff, 0xff, 0xff, 0xff, 0xf9,
    0x0, 0x1, 0x44, 0x44, 0x44, 0x44, 0x44, 0x42,

    /* U+B428 "됨" */
    0x0, 0x0, 0x0, 0x0, 0x0, 0x0, 0x6, 0xe0,
    0x0, 0x9f, 0xff, 0xff, 0xff, 0xc0, 0x7, 0xf1,
    0x0, 0xaf, 0x55, 0x55, 0x55, 0x40, 0x7, 0xf1,
    0x0, 0xae, 0x0, 0x0, 0x0, 0x0, 0x7, 0xf1,
    0x0, 0xae, 0x0, 0x0, 0x0, 0x0, 0x7, 0xf1,
    0x0, 0xbf, 0x99, 0x99, 0x99, 0x90, 0x7, 0xf1,
    0x0, 0x6a, 0xab, 0xfd, 0xaa, 0xa0, 0x7, 0xf1,
    0x0, 0x0, 0x1, 0xf7, 0x0, 0x0, 0x7, 0xf1,
    0x6, 0x66, 0x78, 0xfc, 0x9a, 0xcd, 0x37, 0xf1,
    0xc, 0xcc, 0xcb, 0xba, 0x97, 0x64, 0x7, 0xf1,
    0x0, 0x0, 0x0, 0x0, 0x0, 0x0, 0x5, 0xb0,
    0x0, 0x1, 0x44, 0x44, 0x44, 0x44, 0x44, 0x40,
    0x0, 0x6, 0xff, 0xff, 0xff, 0xff, 0xff, 0xf1,
    0x0, 0x6, 0xf3, 0x0, 0x0, 0x0, 0x6, 0xf1,
    0x0, 0x6, 0xf3, 0x0, 0x0, 0x0, 0x6, 0xf1,
    0x0, 0x6, 0xf3, 0x0, 0x0, 0x0, 0x6, 0xf1,
    0x0, 0x6, 0xff, 0xff, 0xff, 0xff, 0xff, 0xf1,
    0x0, 0x1, 0x44, 0x44, 0x44, 0x44, 0x44, 0x40,

    /* U+B450 "두" */
    0x0, 0x1f, 0xff, 0xff, 0xff, 0xff, 0xff, 0x50,
    0x0, 0x1, 0xfa, 0x55, 0x55, 0x55, 0x55, 0x51,
    0x0, 0x0, 0x1f, 0x70, 0x0, 0x0, 0x0, 0x0,
    0x0, 0x0, 0x1, 0xf7, 0x0, 0x0, 0x0, 0x0,
    0x0, 0x0, 0x0, 0x1f, 0x70, 0x0, 0x0, 0x0,
    0x0, 0x0, 0x0, 0x1, 0xf8, 0x11, 0x11, 0x11,
    0x11, 0x10, 0x0, 0x0, 0x1f, 0xff, 0xff, 0xff,
    0xff, 0xff, 0x90, 0x0, 0x0, 0x22, 0x22, 0x22,
    0x22, 0x22, 0x21, 0x0, 0x0, 0x0, 0x0, 0x0,
    0x0, 0x0, 0x0, 0x0, 0x2, 0xbb, 0xbb, 0xbb,
    0xbb, 0xbb, 0xbb, 0xbb, 0xb7, 0x29, 0x99, 0x99,
    0x99, 0xfc, 0x99, 0x99, 0x99, 0x60, 0x0, 0x0,
    0x0, 0x1f, 0x70, 0x0, 0x0, 0x0, 0x0, 0x0,
    0x0, 0x1, 0xf7, 0x0, 0x0, 0x0, 0x0, 0x0,
    0x0, 0x0, 0x1f, 0x70, 0x0, 0x0, 0x0, 0x0,
    0x0, 0x0, 0x1, 0xf7, 0x0, 0x0, 0x0, 0x0,
    0x0, 0x0, 0x0, 0x1f, 0x70, 0x0, 0x0, 0x0,
    0x0, 0x0, 0x0, 0x0, 0x94, 0x0, 0x0, 0x0,
    0x0,

    /* U+B4E0 "든" */
    0x0, 0x0, 0x0, 0x0, 0x0, 0x0, 0x0, 0x0,
    0x0, 0x1, 0xff, 0xff, 0xff, 0xff, 0xff, 0xf9,
    0x0, 0x0, 0x1f, 0x83, 0x33, 0x33, 0x33, 0x33,
    0x20, 0x0, 0x1, 0xf6, 0x0, 0x0, 0x0, 0x0,
    0x0, 0x0, 0x0, 0x1f, 0x60, 0x0, 0x0, 0x0,
    0x0, 0x0, 0x0, 0x1, 0xf6, 0x0, 0x0, 0x0,
    0x0, 0x0, 0x0, 0x0, 0x2f, 0xff, 0xff, 0xff,
    0xff, 0xff, 0xc0, 0x0, 0x0, 0x44, 0x44, 0x44,
    0x44, 0x44, 0x43, 0x0, 0x0, 0x0, 0x0, 0x0,
    0x0, 0x0, 0x0, 0x0, 0x1, 0xff, 0xff, 0xff,
    0xff, 0xff, 0xff, 0xff, 0xfc, 0x3, 0x33, 0x33,
    0x33, 0x33, 0x33, 0x33, 0x33, 0x20, 0x0, 0x0,
    0x0, 0x0, 0x0, 0x0, 0x0, 0x0, 0x0, 0xc,
    0x50, 0x0, 0x0, 0x0, 0x0, 0x0, 0x0, 0x1,
    0xf7, 0x0, 0x0, 0x0, 0x0, 0x0, 0x0, 0x0,
    0x1f, 0x70, 0x0, 0x0, 0x0, 0x0, 0x0, 0x0,
    0x1, 0xf7, 0x0, 0x0, 0x0, 0x0, 0x0, 0x0,
    0x0, 0x1f, 0xff, 0xff, 0xff, 0xff, 0xff, 0xe0,
    0x0, 0x0, 0x44, 0x44, 0x44, 0x44, 0x44, 0x44,
    0x0,

    /* U+B530 "따" */
    0x0, 0x0, 0x0, 0x0, 0x0, 0x6, 0xc0, 0x0,
    0x0, 0x0, 0x0, 0x0, 0x0, 0x7, 0xf1, 0x0,
    0xef, 0xff, 0x77, 0xff, 0xff, 0x17, 0xf1, 0x0,
    0xeb, 0x55, 0x28, 0xf5, 0x55, 0x7, 0xf1, 0x0,
    0xe9, 0x0, 0x8, 0xf0, 0x0, 0x7, 0xf1, 0x0,
    0xe9, 0x0, 0x8, 0xf0, 0x0, 0x7, 0xf1, 0x0,
    0xe9, 0x0, 0x8, 0xf0, 0x0, 0x7, 0xf1, 0x0,
    0xe9, 0x0, 0x8, 0xf0, 0x0, 0x7, 0xff, 0xf9,
    0xe9, 0x0, 0x8, 0xf0, 0x0, 0x7, 0xf6, 0x53,
    0xe9, 0x0, 0x8, 0xf0, 0x0, 0x7, 0xf1, 0x0,
    0xe9, 0x0, 0x8, 0xf0, 0x0, 0x7, 0xf1, 0x0,
    0xea, 0x13, 0x48, 0xf1, 0x24, 0x47, 0xf1, 0x0,
    0xff, 0xff, 0xb8, 0xff, 0xff, 0xa7, 0xf1, 0x0,
    0x33, 0x31, 0x2, 0x43, 0x21, 0x7, 0xf1, 0x0,
    0x0, 0x0, 0x0, 0x0, 0x0, 0x7, 0xf1, 0x0,
    0x0, 0x0, 0x0, 0x0, 0x0, 0x7, 0xf1, 0x0,
    0x0, 0x0, 0x0, 0x0, 0x0, 0x7, 0xf1, 0x0,
    0x0, 0x0, 0x0, 0x0, 0x0, 0x4, 0x90, 0x0,

    /* U+B77C "라" */
    0x0, 0x0, 0x0, 0x0, 0x0, 0x7, 0xd0, 0x0,
    0x12, 0x22, 0x22, 0x22, 0x10, 0x8, 0xf0, 0x0,
    0x9f, 0xff, 0xff, 0xff, 0x70, 0x8, 0xf0, 0x0,
    0x11, 0x11, 0x11, 0x2f, 0x70, 0x8, 0xf0, 0x0,
    0x0, 0x0, 0x0, 0x1f, 0x70, 0x8, 0xf0, 0x0,
    0x0, 0x0, 0x0, 0x1f, 0x70, 0x8, 0xf0, 0x0,
    0x24, 0x44, 0x44, 0x5f, 0x70, 0x8, 0xf0, 0x0,
    0x9f, 0xff, 0xff, 0xff, 0x70, 0x8, 0xff, 0xfd,
    0x9f, 0x0, 0x0, 0x0, 0x0, 0x8, 0xf5, 0x55,
    0x9f, 0x0, 0x0, 0x0, 0x0, 0x8, 0xf0, 0x0,
    0x9f, 0x0, 0x0, 0x0, 0x0, 0x8, 0xf0, 0x0,
    0x9f, 0x0, 0x0, 0x1, 0x36, 0x8, 0xf0, 0x0,
    0x9f, 0xee, 0xef, 0xff, 0xfe, 0x28, 0xf0, 0x0,
    0x47, 0x66, 0x65, 0x42, 0x0, 0x8, 0xf0, 0x0,
    0x0, 0x0, 0x0, 0x0, 0x0, 0x8, 0xf0, 0x0,
    0x0, 0x0, 0x0, 0x0, 0x0, 0x8, 0xf0, 0x0,
    0x0, 0x0, 0x0, 0x0, 0x0, 0x8, 0xf0, 0x0,
    0x0, 0x0, 0x0, 0x0, 0x0, 0x4, 0x80, 0x0,

    /* U+B78C "람" */
    0x0, 0x0, 0x0, 0x0, 0x0, 0x0, 0xc5, 0x0,
    0x8, 0xff, 0xff, 0xff, 0xf6, 0x0, 0x1f, 0x70,
    0x0, 0x25, 0x55, 0x55, 0x5f, 0x60, 0x1, 0xf7,
    0x0, 0x0, 0x0, 0x0, 0x1, 0xf6, 0x0, 0x1f,
    0x70, 0x0, 0x24, 0x44, 0x44, 0x5f, 0x60, 0x1,
    0xfa, 0x55, 0x8, 0xfe, 0xee, 0xee, 0xe6, 0x0,
    0x1f, 0xff, 0xf1, 0x8f, 0x0, 0x0, 0x0, 0x0,
    0x1, 0xf7, 0x0, 0x8, 0xf0, 0x0, 0x0, 0x0,
    0x20, 0x1f, 0x70, 0x0, 0x8f, 0xcc, 0xcd, 0xef,
    0xff, 0x31, 0xf7, 0x0, 0x4, 0x88, 0x87, 0x76,
    0x43, 0x0, 0x1f, 0x70, 0x0, 0x0, 0x0, 0x0,
    0x0, 0x0, 0x0, 0x94, 0x0, 0x0, 0x3, 0x55,
    0x55, 0x55, 0x55, 0x55, 0x20, 0x0, 0x0, 0xbf,
    0xdd, 0xdd, 0xdd, 0xdd, 0xf7, 0x0, 0x0, 0xb,
    0xd0, 0x0, 0x0, 0x0, 0xf, 0x70, 0x0, 0x0,
    0xbd, 0x0, 0x0, 0x0, 0x0, 0xf7, 0x0, 0x0,
    0xb, 0xd0, 0x0, 0x0, 0x0, 0xf, 0x70, 0x0,
    0x0, 0xbf, 0xff, 0xff, 0xff, 0xff, 0xf7, 0x0,
    0x0, 0x3, 0x44, 0x44, 0x44, 0x44, 0x44, 0x20,
    0x0,

    /* U+B808 "레" */
    0x0, 0x0, 0x0, 0x0, 0x0, 0x52, 0xe, 0x80,
    0x0, 0x0, 0x0, 0x0, 0x1f, 0x50, 0xe8, 0x8d,
    0xdd, 0xdd, 0x70, 0x1, 0xf5, 0xe, 0x84, 0x66,
    0x66, 0xf8, 0x0, 0x1f, 0x50, 0xe8, 0x0, 0x0,
    0xe, 0x80, 0x1, 0xf5, 0xe, 0x80, 0x0, 0x0,
    0xe8, 0x0, 0x1f, 0x50, 0xe8, 0x12, 0x22, 0x2e,
    0x82, 0x89, 0xf5, 0xe, 0x89, 0xff, 0xff, 0xf8,
    0x3b, 0xcf, 0x50, 0xe8, 0x9e, 0x22, 0x22, 0x10,
    0x1, 0xf5, 0xe, 0x89, 0xe0, 0x0, 0x0, 0x0,
    0x1f, 0x50, 0xe8, 0x9e, 0x0, 0x0, 0x0, 0x1,
    0xf5, 0xe, 0x89, 0xe0, 0x0, 0x23, 0x52, 0x1f,
    0x50, 0xe8, 0x9f, 0xff, 0xff, 0xff, 0x51, 0xf5,
    0xe, 0x82, 0x44, 0x43, 0x21, 0x0, 0x1f, 0x50,
    0xe8, 0x0, 0x0, 0x0, 0x0, 0x1, 0xf5, 0xe,
    0x80, 0x0, 0x0, 0x0, 0x0, 0x1f, 0x50, 0xe8,
    0x0, 0x0, 0x0, 0x0, 0x1, 0xa3, 0xe, 0x80,
    0x0, 0x0, 0x0, 0x0, 0x0, 0x0, 0x63,

    /* U+B824 "려" */
    0x0, 0x0, 0x0, 0x0, 0x0, 0x0, 0x6e, 0x13,
    0x55, 0x55, 0x55, 0x50, 0x0, 0x6, 0xf1, 0x9f,
    0xff, 0xff, 0xff, 0x0, 0x0, 0x6f, 0x10, 0x0,
    0x0, 0x8, 0xf0, 0x0, 0x6, 0xf1, 0x0, 0x0,
    0x0, 0x8f, 0xd, 0xff, 0xff, 0x10, 0x0, 0x0,
    0x8, 0xf0, 0x45, 0x59, 0xf1, 0x36, 0x66, 0x66,
    0xbf, 0x0, 0x0, 0x6f, 0x19, 0xfe, 0xee, 0xee,
    0xe0, 0x0, 0x6, 0xf1, 0x9e, 0x0, 0x0, 0x0,
    0x1, 0x11, 0x7f, 0x19, 0xe0, 0x0, 0x0, 0x0,
    0xff, 0xff, 0xf1, 0x9e, 0x0, 0x0, 0x0, 0x3,
    0x33, 0x8f, 0x19, 0xe0, 0x0, 0x0, 0x2, 0x10,
    0x6, 0xf1, 0xaf, 0xcc, 0xcd, 0xef, 0xf6, 0x0,
    0x6f, 0x15, 0x98, 0x88, 0x76, 0x42, 0x0, 0x6,
    0xf1, 0x0, 0x0, 0x0, 0x0, 0x0, 0x0, 0x6f,
    0x10, 0x0, 0x0, 0x0, 0x0, 0x0, 0x6, 0xf1,
    0x0, 0x0, 0x0, 0x0, 0x0, 0x0, 0x6f, 0x10,
    0x0, 0x0, 0x0, 0x0, 0x0, 0x4, 0xa1,

    /* U+B85C "로" */
    0x0, 0x25, 0x55, 0x55, 0x55, 0x55, 0x55, 0x20,
    0x0, 0x7, 0xff, 0xff, 0xff, 0xff, 0xff, 0xf7,
    0x0, 0x0, 0x0, 0x0, 0x0, 0x0, 0x0, 0xf,
    0x70, 0x0, 0x0, 0x0, 0x0, 0x0, 0x0, 0x0,
    0xf7, 0x0, 0x0, 0x24, 0x44, 0x44, 0x44, 0x44,
    0x5f, 0x70, 0x0, 0x7, 0xff, 0xff, 0xff, 0xff,
    0xff, 0xf6, 0x0, 0x0, 0x7f, 0x10, 0x0, 0x0,
    0x0, 0x0, 0x0, 0x0, 0x7, 0xf1, 0x0, 0x0,
    0x0, 0x0, 0x0, 0x0, 0x0, 0x7f, 0x66, 0x66,
    0x66, 0x66, 0x66, 0x40, 0x0, 0x6, 0xdd, 0xdd,
    0xef, 0xed, 0xdd, 0xd9, 0x0, 0x0, 0x0, 0x0,
    0x6, 0xf1, 0x0, 0x0, 0x0, 0x0, 0x0, 0x0,
    0x0, 0x6f, 0x10, 0x0, 0x0, 0x0, 0x0, 0x0,
    0x0, 0x6, 0xf1, 0x0, 0x0, 0x0, 0x7, 0xdd,
    0xdd, 0xdd, 0xef, 0xed, 0xdd, 0xdd, 0xd4, 0x47,
    0x77, 0x77, 0x77, 0x77, 0x77, 0x77, 0x77, 0x20,

    /* U+B974 "르" */
    0x0, 0x5, 0x55, 0x55, 0x55, 0x55, 0x55, 0x40,
    0x0, 0x1, 0xff, 0xff, 0xff, 0xff, 0xff, 0xfd,
    0x0, 0x0, 0x0, 0x0, 0x0, 0x0, 0x0, 0xb,
    0xd0, 0x0, 0x0, 0x0, 0x0, 0x0, 0x0, 0x0,
    0xbd, 0x0, 0x0, 0x4, 0x44, 0x44, 0x44, 0x44,
    0x4c, 0xd0, 0x0, 0x1, 0xff, 0xff, 0xff, 0xff,
    0xff, 0xfc, 0x0, 0x0, 0x1f, 0x70, 0x0, 0x0,
    0x0, 0x0, 0x0, 0x0, 0x1, 0xf7, 0x0, 0x0,
    0x0, 0x0, 0x0, 0x0, 0x0, 0x1f, 0xc9, 0x99,
    0x99, 0x99, 0x99, 0x92, 0x0, 0x0, 0xaa, 0xaa,
    0xaa, 0xaa, 0xaa, 0xaa, 0x20, 0x0, 0x0, 0x0,
    0x0, 0x0, 0x0, 0x0, 0x0, 0x0, 0x0, 0x0,
    0x0, 0x0, 0x0, 0x0, 0x0, 0x0, 0x0, 0x0,
    0x0, 0x0, 0x0, 0x0, 0x0, 0x0, 0x1, 0xff,
    0xff, 0xff, 0xff, 0xff, 0xff, 0xff, 0xfc, 0x5,
    0x55, 0x55, 0x55, 0x55, 0x55, 0x55, 0x55, 0x40,

    /* U+B97C "를" */
    0x0, 0x2, 0x22, 0x22, 0x22, 0x22, 0x22, 0x10,
    0x0, 0x1, 0xff, 0xff, 0xff, 0xff, 0xff, 0xfc,
    0x0, 0x0, 0x0, 0x0, 0x0, 0x0, 0x0, 0xc,
    0xc0, 0x0, 0x0, 0xff, 0xff, 0xff, 0xff, 0xff,
    0xfc, 0x0, 0x0, 0xf, 0x92, 0x22, 0x22, 0x22,
    0x22, 0x10, 0x0, 0x0, 0xf8, 0x0, 0x0, 0x0,
    0x0, 0x0, 0x0, 0x0, 0xf, 0xff, 0xff, 0xff,
    0xff, 0xff, 0xf1, 0x0, 0x0, 0x11, 0x11, 0x11,
    0x11, 0x11, 0x11, 0x0, 0x1f, 0xff, 0xff, 0xff,
    0xff, 0xff, 0xff, 0xff, 0xb0, 0x44, 0x44, 0x44,
    0x44, 0x44, 0x44, 0x44, 0x43, 0x0, 0x2, 0x22,
    0x22, 0x22, 0x22, 0x22, 0x10, 0x0, 0x3, 0xff,
    0xff, 0xff, 0xff, 0xff, 0xfd, 0x0, 0x0, 0x0,
    0x0, 0x0, 0x0, 0x0, 0xb, 0xd0, 0x0, 0x0,
    0x44, 0x44, 0x44, 0x44, 0x44, 0xcd, 0x0, 0x0,
    0x2f, 0xec, 0xcc, 0xcc, 0xcc, 0xcc, 0xa0, 0x0,
    0x2, 0xf6, 0x0, 0x0, 0x0, 0x0, 0x0, 0x0,
    0x0, 0x3f, 0xdc, 0xcc, 0xcc, 0xcc, 0xcc, 0xc4,
    0x0, 0x0, 0x55, 0x55, 0x55, 0x55, 0x55, 0x55,
    0x20,

    /* U+B9BC "림" */
    0x0, 0x0, 0x0, 0x0, 0x0, 0x0, 0x7f, 0x5,
    0xee, 0xee, 0xee, 0xe7, 0x0, 0x7, 0xf0, 0x26,
    0x66, 0x66, 0x6f, 0x80, 0x0, 0x7f, 0x0, 0x0,
    0x0, 0x0, 0xf8, 0x0, 0x7, 0xf0, 0x15, 0x55,
    0x55, 0x5f, 0x80, 0x0, 0x7f, 0x6, 0xfe, 0xee,
    0xee, 0xe7, 0x0, 0x7, 0xf0, 0x6f, 0x10, 0x0,
    0x0, 0x0, 0x0, 0x7f, 0x6, 0xf1, 0x0, 0x0,
    0x0, 0x0, 0x7, 0xf0, 0x7f, 0xa9, 0xaa, 0xbc,
    0xef, 0x70, 0x7f, 0x4, 0xbb, 0xaa, 0xa9, 0x76,
    0x41, 0x7, 0xf0, 0x0, 0x0, 0x0, 0x0, 0x0,
    0x0, 0x25, 0x0, 0x1, 0x55, 0x55, 0x55, 0x55,
    0x55, 0x50, 0x0, 0x4f, 0xff, 0xff, 0xff, 0xff,
    0xff, 0x0, 0x4, 0xf4, 0x0, 0x0, 0x0, 0x7,
    0xf0, 0x0, 0x4f, 0x40, 0x0, 0x0, 0x0, 0x7f,
    0x0, 0x4, 0xf4, 0x0, 0x0, 0x0, 0x7, 0xf0,
    0x0, 0x4f, 0xff, 0xff, 0xff, 0xff, 0xff, 0x0,
    0x1, 0x44, 0x44, 0x44, 0x44, 0x44, 0x40,

    /* U+B9C8 "마" */
    0x0, 0x0, 0x0, 0x0, 0x0, 0x7, 0xe0, 0x0,
    0x0, 0x0, 0x0, 0x0, 0x0, 0x8, 0xf0, 0x0,
    0x9f, 0xff, 0xff, 0xff, 0x70, 0x8, 0xf0, 0x0,
    0x9f, 0x33, 0x33, 0x4f, 0x70, 0x8, 0xf0, 0x0,
    0x9e, 0x0, 0x0, 0x1f, 0x70, 0x8, 0xf0, 0x0,
    0x9e, 0x0, 0x0, 0x1f, 0x70, 0x8, 0xf0, 0x0,
    0x9e, 0x0, 0x0, 0x1f, 0x70, 0x8, 0xf0, 0x0,
    0x9e, 0x0, 0x0, 0x1f, 0x70, 0x8, 0xff, 0xfd,
    0x9e, 0x0, 0x0, 0x1f, 0x70, 0x8, 0xf6, 0x65,
    0x9e, 0x0, 0x0, 0x1f, 0x70, 0x8, 0xf0, 0x0,
    0x9e, 0x0, 0x0, 0x1f, 0x70, 0x8, 0xf0, 0x0,
    0x9e, 0x11, 0x11, 0x2f, 0x70, 0x8, 0xf0, 0x0,
    0x9f, 0xff, 0xff, 0xff, 0x70, 0x8, 0xf0, 0x0,
    0x12, 0x22, 0x22, 0x22, 0x10, 0x8, 0xf0, 0x0,
    0x0, 0x0, 0x0, 0x0, 0x0, 0x8, 0xf0, 0x0,
    0x0, 0x0, 0x0, 0x0, 0x0, 0x8, 0xf0, 0x0,
    0x0, 0x0, 0x0, 0x0, 0x0, 0x8, 0xf0, 0x0,
    0x0, 0x0, 0x0, 0x0, 0x0, 0x3, 0x70, 0x0,

    /* U+B9C9 "막" */
    0x0, 0x0, 0x0, 0x0, 0x0, 0x1, 0xc5, 0x0,
    0x2, 0x44, 0x44, 0x44, 0x42, 0x0, 0x1f, 0x70,
    0x0, 0x8f, 0xff, 0xff, 0xff, 0x70, 0x1, 0xf7,
    0x0, 0x8, 0xf0, 0x0, 0x0, 0xf7, 0x0, 0x1f,
    0x70, 0x0, 0x8f, 0x0, 0x0, 0xf, 0x70, 0x1,
    0xf9, 0x44, 0x8, 0xf0, 0x0, 0x0, 0xf7, 0x0,
    0x1f, 0xff, 0xf1, 0x8f, 0x0, 0x0, 0xf, 0x70,
    0x1, 0xf7, 0x0, 0x8, 0xf0, 0x0, 0x1, 0xf7,
    0x0, 0x1f, 0x70, 0x0, 0x8f, 0xff, 0xff, 0xff,
    0x70, 0x1, 0xf7, 0x0, 0x1, 0x33, 0x33, 0x33,
    0x31, 0x0, 0x1f, 0x70, 0x0, 0x0, 0x0, 0x0,
    0x0, 0x0, 0x0, 0x83, 0x0, 0x0, 0x4, 0x55,
    0x55, 0x55, 0x55, 0x55, 0x20, 0x0, 0x0, 0xde,
    0xee, 0xee, 0xee, 0xee, 0xf7, 0x0, 0x0, 0x0,
    0x0, 0x0, 0x0, 0x0, 0x1f, 0x70, 0x0, 0x0,
    0x0, 0x0, 0x0, 0x0, 0x1, 0xf7, 0x0, 0x0,
    0x0, 0x0, 0x0, 0x0, 0x0, 0x1f, 0x70, 0x0,
    0x0, 0x0, 0x0, 0x0, 0x0, 0x1, 0xf7, 0x0,
    0x0, 0x0, 0x0, 0x0, 0x0, 0x0, 0x1d, 0x60,
    0x0,

    /* U+B9D0 "말" */
    0x0, 0x0, 0x0, 0x0, 0x0, 0x1, 0xc5, 0x0,
    0x8, 0xff, 0xff, 0xff, 0xf7, 0x0, 0x1f, 0x70,
    0x0, 0x8f, 0x44, 0x44, 0x4f, 0x70, 0x1, 0xf7,
    0x0, 0x8, 0xf0, 0x0, 0x0, 0xf7, 0x0, 0x1f,
    0x70, 0x0, 0x8f, 0x0, 0x0, 0xf, 0x70, 0x1,
    0xff, 0xff, 0x18, 0xf0, 0x0, 0x0, 0xf7, 0x0,
    0x1f, 0x94, 0x40, 0x8f, 0x11, 0x11, 0x1f, 0x70,
    0x1, 0xf7, 0x0, 0x8, 0xff, 0xff, 0xff, 0xf7,
    0x0, 0x1f, 0x70, 0x0, 0x12, 0x22, 0x22, 0x22,
    0x10, 0x1, 0xf7, 0x0, 0x0, 0x1, 0x11, 0x11,
    0x11, 0x11, 0x12, 0x10, 0x0, 0x0, 0xcf, 0xff,
    0xff, 0xff, 0xff, 0xf7, 0x0, 0x0, 0x1, 0x11,
    0x11, 0x11, 0x11, 0x2f, 0x70, 0x0, 0x0, 0x0,
    0x0, 0x0, 0x0, 0x1, 0xf7, 0x0, 0x0, 0xc,
    0xff, 0xff, 0xff, 0xff, 0xff, 0x70, 0x0, 0x0,
    0xcc, 0x22, 0x22, 0x22, 0x22, 0x20, 0x0, 0x0,
    0xc, 0xc0, 0x0, 0x0, 0x0, 0x0, 0x0, 0x0,
    0x0, 0xcf, 0xee, 0xee, 0xee, 0xee, 0xee, 0x10,
    0x0, 0x4, 0x55, 0x55, 0x55, 0x55, 0x55, 0x50,
    0x0,

    /* U+BAA8 "모" */
    0x0, 0x14, 0x44, 0x44, 0x44, 0x44, 0x44, 0x20,
    0x0, 0x6, 0xff, 0xff, 0xff, 0xff, 0xff, 0xf9,
    0x0, 0x0, 0x6f, 0x10, 0x0, 0x0, 0x0, 0xe,
    0x90, 0x0, 0x6, 0xf1, 0x0, 0x0, 0x0, 0x0,
    0xe9, 0x0, 0x0, 0x6f, 0x10, 0x0, 0x0, 0x0,
    0xe, 0x90, 0x0, 0x6, 0xf1, 0x0, 0x0, 0x0,
    0x0, 0xe9, 0x0, 0x0, 0x6f, 0x10, 0x0, 0x0,
    0x0, 0xe, 0x90, 0x0, 0x6, 0xf7, 0x66, 0x66,
    0x66, 0x66, 0xf9, 0x0, 0x0, 0x5d, 0xdd, 0xdd,
    0xfe, 0xdd, 0xdd, 0x70, 0x0, 0x0, 0x0, 0x0,
    0x1f, 0x60, 0x0, 0x0, 0x0, 0x0, 0x0, 0x0,
    0x1, 0xf6, 0x0, 0x0, 0x0, 0x0, 0x0, 0x0,
    0x0, 0x1f, 0x60, 0x0, 0x0, 0x0, 0x0, 0x0,
    0x0, 0x1, 0xf6, 0x0, 0x0, 0x0, 0x3, 0xff,
    0xff, 0xff, 0xff, 0xff, 0xff, 0xff, 0xfa, 0x15,
    0x55, 0x55, 0x55, 0x55, 0x55, 0x55, 0x55, 0x30,

    /* U+BB3C "물" */
    0x0, 0x13, 0x33, 0x33, 0x33, 0x33, 0x33, 0x10,
    0x0, 0x5, 0xff, 0xff, 0xff, 0xff, 0xff, 0xf7,
    0x0, 0x0, 0x5f, 0x30, 0x0, 0x0, 0x0, 0x1f,
    0x70, 0x0, 0x5, 0xf2, 0x0, 0x0, 0x0, 0x1,
    0xf7, 0x0, 0x0, 0x5f, 0x42, 0x22, 0x22, 0x22,
    0x3f, 0x70, 0x0, 0x5, 0xff, 0xff, 0xff, 0xff,
    0xff, 0xf7, 0x0, 0x0, 0x1, 0x11, 0x11, 0x11,
    0x11, 0x11, 0x0, 0x4, 0x77, 0x77, 0x77, 0x77,
    0x77, 0x77, 0x77, 0x71, 0x7d, 0xdd, 0xdd, 0xde,
    0xfd, 0xdd, 0xdd, 0xdd, 0x30, 0x0, 0x0, 0x0,
    0x7f, 0x10, 0x0, 0x0, 0x0, 0x0, 0x49, 0x99,
    0x9c, 0xf9, 0x99, 0x99, 0x40, 0x0, 0x4, 0xaa,
    0xaa, 0xaa, 0xaa, 0xaa, 0xf7, 0x0, 0x0, 0x0,
    0x0, 0x0, 0x0, 0x0, 0xf, 0x70, 0x0, 0x6,
    0xff, 0xff, 0xff, 0xff, 0xff, 0xf7, 0x0, 0x0,
    0x7f, 0x43, 0x33, 0x33, 0x33, 0x33, 0x10, 0x0,
    0x7, 0xf1, 0x0, 0x0, 0x0, 0x0, 0x0, 0x0,
    0x0, 0x7f, 0xdd, 0xdd, 0xdd, 0xdd, 0xdd, 0xc0,
    0x0, 0x2, 0x66, 0x66, 0x66, 0x66, 0x66, 0x65,
    0x0,

    /* U+BBAC "뮬" */
    0x0, 0x13, 0x33, 0x33, 0x33, 0x33, 0x33, 0x0,
    0x0, 0x5, 0xff, 0xff, 0xff, 0xff, 0xff, 0xf4,
    0x0, 0x0, 0x5f, 0x30, 0x0, 0x0, 0x0, 0x4f,
    0x40, 0x0, 0x5, 0xf2, 0x0, 0x0, 0x0, 0x4,
    0xf4, 0x0, 0x0, 0x5f, 0x42, 0x22, 0x22, 0x22,
    0x6f, 0x40, 0x0, 0x5, 0xff, 0xff, 0xff, 0xff,
    0xff, 0xf4, 0x0, 0x0, 0x1, 0x11, 0x11, 0x11,
    0x11, 0x11, 0x0, 0x1, 0x66, 0x66, 0x66, 0x66,
    0x66, 0x66, 0x66, 0x61, 0x4e, 0xee, 0xef, 0xfe,
    0xee, 0xff, 0xee, 0xee, 0x40, 0x0, 0x1, 0xf7,
    0x0, 0x7, 0xf1, 0x0, 0x0, 0x0, 0x49, 0x9f,
    0xc9, 0x99, 0xcf, 0x99, 0x20, 0x0, 0x4, 0x99,
    0x99, 0x99, 0x99, 0x9b, 0xf4, 0x0, 0x0, 0x0,
    0x0, 0x0, 0x0, 0x0, 0x4f, 0x40, 0x0, 0x6,
    0xff, 0xff, 0xff, 0xff, 0xff, 0xf4, 0x0, 0x0,
    0x7f, 0x43, 0x33, 0x33, 0x33, 0x33, 0x0, 0x0,
    0x7, 0xf1, 0x0, 0x0, 0x0, 0x0, 0x0, 0x0,
    0x0, 0x7f, 0xdd, 0xdd, 0xdd, 0xdd, 0xdd, 0xa0,
    0x0, 0x2, 0x66, 0x66, 0x66, 0x66, 0x66, 0x64,
    0x0,

    /* U+BCC0 "변" */
    0x0, 0x0, 0x0, 0x0, 0x0, 0x0, 0x6b, 0x4,
    0x90, 0x0, 0x0, 0x94, 0x0, 0x9, 0xf0, 0x7f,
    0x10, 0x0, 0x1f, 0x60, 0x0, 0x9f, 0x7, 0xf1,
    0x0, 0x1, 0xfa, 0x77, 0x7c, 0xf0, 0x7f, 0x55,
    0x55, 0x5f, 0xfe, 0xee, 0xff, 0x7, 0xfe, 0xee,
    0xee, 0xf6, 0x0, 0x9, 0xf0, 0x7f, 0x10, 0x0,
    0x1f, 0x60, 0x0, 0x9f, 0x7, 0xf1, 0x0, 0x1,
    0xfd, 0xbb, 0xbe, 0xf0, 0x7f, 0x32, 0x22, 0x3f,
    0xa7, 0x77, 0xcf, 0x7, 0xff, 0xff, 0xff, 0xf6,
    0x0, 0x9, 0xf0, 0x2, 0x22, 0x22, 0x22, 0x0,
    0x0, 0x9f, 0x0, 0x0, 0x21, 0x0, 0x0, 0x0,
    0x9, 0xf0, 0x0, 0x2f, 0x60, 0x0, 0x0, 0x0,
    0x9f, 0x0, 0x2, 0xf6, 0x0, 0x0, 0x0, 0x0,
    0x10, 0x0, 0x2f, 0x60, 0x0, 0x0, 0x0, 0x0,
    0x0, 0x2, 0xf6, 0x0, 0x0, 0x0, 0x0, 0x0,
    0x0, 0x3f, 0xff, 0xff, 0xff, 0xff, 0xff, 0x50,
    0x0, 0x44, 0x44, 0x44, 0x44, 0x44, 0x41,

    /* U+BCF4 "보" */
    0x0, 0x37, 0x0, 0x0, 0x0, 0x0, 0x6, 0x40,
    0x0, 0x7, 0xf1, 0x0, 0x0, 0x0, 0x0, 0xe9,
    0x0, 0x0, 0x7f, 0x10, 0x0, 0x0, 0x0, 0xe,
    0x90, 0x0, 0x7, 0xf5, 0x44, 0x44, 0x44, 0x44,
    0xf9, 0x0, 0x0, 0x7f, 0xff, 0xff, 0xff, 0xff,
    0xff, 0x90, 0x0, 0x7, 0xf1, 0x0, 0x0, 0x0,
    0x0, 0xe9, 0x0, 0x0, 0x7f, 0x10, 0x0, 0x0,
    0x0, 0xe, 0x90, 0x0, 0x7, 0xf1, 0x0, 0x0,
    0x0, 0x0, 0xe9, 0x0, 0x0, 0x7f, 0xdd, 0xdd,
    0xdd, 0xdd, 0xdf, 0x90, 0x0, 0x3, 0x77, 0x77,
    0x7f, 0xa7, 0x77, 0x74, 0x0, 0x0, 0x0, 0x0,
    0x1, 0xf6, 0x0, 0x0, 0x0, 0x0, 0x0, 0x0,
    0x0, 0x1f, 0x60, 0x0, 0x0, 0x0, 0x0, 0x0,
    0x0, 0x1, 0xf6, 0x0, 0x0, 0x0, 0x3, 0xee,
    0xee, 0xee, 0xff, 0xfe, 0xee, 0xee, 0xe9, 0x15,
    0x55, 0x55, 0x55, 0x55, 0x55, 0x55, 0x55, 0x30,

    /* U+C0AC "사" */
    0x0, 0x0, 0x0, 0x0, 0x0, 0x0, 0x9f, 0x0,
    0x0, 0x0, 0x1, 0x82, 0x0, 0x0, 0x9, 0xf0,
    0x0, 0x0, 0x0, 0x2f, 0x50, 0x0, 0x0, 0x9f,
    0x0, 0x0, 0x0, 0x2, 0xf5, 0x0, 0x0, 0x9,
    0xf0, 0x0, 0x0, 0x0, 0x2f, 0x50, 0x0, 0x0,
    0x9f, 0x0, 0x0, 0x0, 0x3, 0xf6, 0x0, 0x0,
    0x9, 0xf0, 0x0, 0x0, 0x0, 0x6f, 0x90, 0x0,
    0x0, 0x9f, 0x0, 0x0, 0x0, 0xb, 0xfe, 0x0,
    0x0, 0x9, 0xff, 0xfd, 0x0, 0x2, 0xf8, 0xf5,
    0x0, 0x0, 0x9f, 0x66, 0x50, 0x0, 0xae, 0xa,
    0xe1, 0x0, 0x9, 0xf0, 0x0, 0x0, 0x6f, 0x60,
    0x2f, 0xc0, 0x0, 0x9f, 0x0, 0x0, 0x6f, 0xb0,
    0x0, 0x5f, 0xc2, 0x9, 0xf0, 0x0, 0x7f, 0xb0,
    0x0, 0x0, 0x5f, 0x80, 0x9f, 0x0, 0x0, 0x60,
    0x0, 0x0, 0x0, 0x10, 0x9, 0xf0, 0x0, 0x0,
    0x0, 0x0, 0x0, 0x0, 0x0, 0x9f, 0x0, 0x0,
    0x0, 0x0, 0x0, 0x0, 0x0, 0x9, 0xf0, 0x0,
    0x0, 0x0, 0x0, 0x0, 0x0, 0x0, 0x9f, 0x0,
    0x0, 0x0, 0x0, 0x0, 0x0, 0x0, 0x3, 0x50,
    0x0,

    /* U+C0C1 "상" */
    0x0, 0x0, 0x0, 0x0, 0x0, 0x0, 0x3c, 0x30,
    0x0, 0x0, 0x0, 0xf7, 0x0, 0x0, 0x4, 0xf4,
    0x0, 0x0, 0x0, 0xf, 0x80, 0x0, 0x0, 0x4f,
    0x40, 0x0, 0x0, 0x0, 0xf8, 0x0, 0x0, 0x4,
    0xf4, 0x0, 0x0, 0x0, 0x3f, 0xc0, 0x0, 0x0,
    0x4f, 0x74, 0x30, 0x0, 0x9, 0xff, 0x30, 0x0,
    0x4, 0xff, 0xfe, 0x0, 0x3, 0xf6, 0xcd, 0x10,
    0x0, 0x4f, 0x40, 0x0, 0x3, 0xec, 0x2, 0xed,
    0x30, 0x4, 0xf4, 0x0, 0x18, 0xfd, 0x10, 0x2,
    0xdf, 0x70, 0x4f, 0x40, 0x1, 0xd9, 0x0, 0x0,
    0x0, 0x62, 0x4, 0xf4, 0x0, 0x0, 0x0, 0x0,
    0x0, 0x0, 0x0, 0x3c, 0x30, 0x0, 0x0, 0x1,
    0x7a, 0xcd, 0xdb, 0x93, 0x0, 0x0, 0x0, 0x4,
    0xfe, 0x96, 0x66, 0x8b, 0xfa, 0x0, 0x0, 0x0,
    0xec, 0x0, 0x0, 0x0, 0x5, 0xf4, 0x0, 0x0,
    0xf, 0x90, 0x0, 0x0, 0x0, 0x1f, 0x60, 0x0,
    0x0, 0xaf, 0x71, 0x0, 0x0, 0x4c, 0xf1, 0x0,
    0x0, 0x0, 0x8e, 0xfe, 0xde, 0xff, 0xb2, 0x0,
    0x0, 0x0, 0x0, 0x2, 0x45, 0x53, 0x10, 0x0,
    0x0,

    /* U+C11C "서" */
    0x0, 0x0, 0x0, 0x0, 0x0, 0x0, 0x0, 0xe7,
    0x0, 0x0, 0x3, 0x70, 0x0, 0x0, 0x0, 0xf8,
    0x0, 0x0, 0x8, 0xf0, 0x0, 0x0, 0x0, 0xf8,
    0x0, 0x0, 0x8, 0xf0, 0x0, 0x0, 0x0, 0xf8,
    0x0, 0x0, 0x8, 0xf0, 0x0, 0x0, 0x0, 0xf8,
    0x0, 0x0, 0x9, 0xf1, 0x0, 0x0, 0x0, 0xf8,
    0x0, 0x0, 0xb, 0xf3, 0x1, 0xff, 0xff, 0xf8,
    0x0, 0x0, 0xf, 0xf8, 0x0, 0x44, 0x44, 0xf8,
    0x0, 0x0, 0x6f, 0x9e, 0x0, 0x0, 0x0, 0xf8,
    0x0, 0x0, 0xda, 0x1f, 0x90, 0x0, 0x0, 0xf8,
    0x0, 0x9, 0xf2, 0x6, 0xf6, 0x0, 0x0, 0xf8,
    0x0, 0x8f, 0x70, 0x0, 0xaf, 0x80, 0x0, 0xf8,
    0xb, 0xf9, 0x0, 0x0, 0x9, 0xf8, 0x0, 0xf8,
    0x5, 0x60, 0x0, 0x0, 0x0, 0x40, 0x0, 0xf8,
    0x0, 0x0, 0x0, 0x0, 0x0, 0x0, 0x0, 0xf8,
    0x0, 0x0, 0x0, 0x0, 0x0, 0x0, 0x0, 0xf8,
    0x0, 0x0, 0x0, 0x0, 0x0, 0x0, 0x0, 0xf8,
    0x0, 0x0, 0x0, 0x0, 0x0, 0x0, 0x0, 0x84,

    /* U+C138 "세" */
    0x0, 0x0, 0x0, 0x0, 0x0, 0x6, 0x20, 0x8e,
    0x0, 0x0, 0x13, 0x0, 0x0, 0xf, 0x70, 0x9e,
    0x0, 0x0, 0x6f, 0x10, 0x0, 0xf, 0x70, 0x9e,
    0x0, 0x0, 0x6f, 0x10, 0x0, 0xf, 0x70, 0x9e,
    0x0, 0x0, 0x6f, 0x10, 0x0, 0xf, 0x70, 0x9e,
    0x0, 0x0, 0x6f, 0x10, 0x0, 0xf, 0x70, 0x9e,
    0x0, 0x0, 0x8f, 0x30, 0x88, 0x8f, 0x70, 0x9e,
    0x0, 0x0, 0xbf, 0x60, 0xbc, 0xcf, 0x70, 0x9e,
    0x0, 0x0, 0xfe, 0xc0, 0x0, 0xf, 0x70, 0x9e,
    0x0, 0x6, 0xf4, 0xf4, 0x0, 0xf, 0x70, 0x9e,
    0x0, 0x1e, 0x90, 0xbd, 0x10, 0xf, 0x70, 0x9e,
    0x0, 0xce, 0x10, 0x2f, 0xc1, 0xf, 0x70, 0x9e,
    0x1c, 0xf4, 0x0, 0x4, 0xfb, 0xf, 0x70, 0x9e,
    0x8, 0x40, 0x0, 0x0, 0x21, 0xf, 0x70, 0x9e,
    0x0, 0x0, 0x0, 0x0, 0x0, 0xf, 0x70, 0x9e,
    0x0, 0x0, 0x0, 0x0, 0x0, 0xf, 0x70, 0x9e,
    0x0, 0x0, 0x0, 0x0, 0x0, 0xb, 0x40, 0x9e,
    0x0, 0x0, 0x0, 0x0, 0x0, 0x0, 0x0, 0x36,

    /* U+C158 "션" */
    0x0, 0x0, 0x0, 0x0, 0x0, 0x0, 0x5, 0xc1,
    0x0, 0x0, 0xa, 0x70, 0x0, 0x0, 0x6, 0xf2,
    0x0, 0x0, 0xd, 0xa0, 0x0, 0x23, 0x38, 0xf2,
    0x0, 0x0, 0xd, 0xa0, 0x0, 0xff, 0xff, 0xf2,
    0x0, 0x0, 0xf, 0xb0, 0x0, 0x11, 0x17, 0xf2,
    0x0, 0x0, 0x2f, 0xf0, 0x0, 0x0, 0x6, 0xf2,
    0x0, 0x0, 0x9d, 0xf7, 0x0, 0x66, 0x6a, 0xf2,
    0x0, 0x3, 0xf6, 0x8f, 0x20, 0xdd, 0xde, 0xf2,
    0x0, 0x3e, 0xc0, 0xd, 0xe3, 0x0, 0x6, 0xf2,
    0x7, 0xfd, 0x10, 0x1, 0xdf, 0x80, 0x6, 0xf2,
    0xc, 0xa1, 0x0, 0x0, 0x7, 0x40, 0x6, 0xf2,
    0x0, 0x0, 0x0, 0x0, 0x0, 0x0, 0x6, 0xf2,
    0x0, 0x1, 0xe6, 0x0, 0x0, 0x0, 0x6, 0xf2,
    0x0, 0x1, 0xf7, 0x0, 0x0, 0x0, 0x2, 0x60,
    0x0, 0x1, 0xf7, 0x0, 0x0, 0x0, 0x0, 0x0,
    0x0, 0x1, 0xf7, 0x0, 0x0, 0x0, 0x0, 0x0,
    0x0, 0x2, 0xff, 0xff, 0xff, 0xff, 0xff, 0xf8,
    0x0, 0x0, 0x44, 0x44, 0x44, 0x44, 0x44, 0x42,

    /* U+C18D "속" */
    0x0, 0x0, 0x0, 0x1, 0x82, 0x0, 0x0, 0x0,
    0x0, 0x0, 0x0, 0x0, 0x3f, 0x60, 0x0, 0x0,
    0x0, 0x0, 0x0, 0x0, 0x7, 0xfa, 0x0, 0x0,
    0x0, 0x0, 0x0, 0x0, 0x3, 0xfc, 0xf5, 0x0,
    0x0, 0x0, 0x0, 0x0, 0x5, 0xfb, 0x8, 0xf8,
    0x0, 0x0, 0x0, 0x2, 0x6d, 0xf9, 0x0, 0x6,
    0xfe, 0x83, 0x0, 0x1, 0xff, 0x92, 0x1, 0xb3,
    0x1, 0x8e, 0xf5, 0x0, 0x2, 0x0, 0x0, 0x2f,
    0x50, 0x0, 0x2, 0x0, 0x0, 0x0, 0x0, 0x2,
    0xf5, 0x0, 0x0, 0x0, 0x4, 0xff, 0xff, 0xff,
    0xff, 0xff, 0xff, 0xff, 0xf9, 0x14, 0x44, 0x44,
    0x44, 0x44, 0x44, 0x44, 0x44, 0x20, 0x0, 0x11,
    0x11, 0x11, 0x11, 0x11, 0x10, 0x0, 0x0, 0x8f,
    0xff, 0xff, 0xff, 0xff, 0xff, 0x90, 0x0, 0x1,
    0x22, 0x22, 0x22, 0x22, 0x22, 0xf9, 0x0, 0x0,
    0x0, 0x0, 0x0, 0x0, 0x0, 0xf, 0x90, 0x0,
    0x0, 0x0, 0x0, 0x0, 0x0, 0x0, 0xf9, 0x0,
    0x0, 0x0, 0x0, 0x0, 0x0, 0x0, 0xf, 0x90,
    0x0, 0x0, 0x0, 0x0, 0x0, 0x0, 0x0, 0x85,
    0x0,

    /* U+C218 "수" */
    0x0, 0x0, 0x0, 0x0, 0x31, 0x0, 0x0, 0x0,
    0x0, 0x0, 0x0, 0x0, 0x2f, 0x60, 0x0, 0x0,
    0x0, 0x0, 0x0, 0x0, 0x4, 0xf8, 0x0, 0x0,
    0x0, 0x0, 0x0, 0x0, 0x0, 0xaf, 0xd0, 0x0,
    0x0, 0x0, 0x0, 0x0, 0x0, 0x7f, 0x8f, 0xa0,
    0x0, 0x0, 0x0, 0x0, 0x1, 0xaf, 0x80, 0x4f,
    0xc3, 0x0, 0x0, 0x1, 0x49, 0xfe, 0x60, 0x0,
    0x3d, 0xfb, 0x62, 0x0, 0x3f, 0xd7, 0x10, 0x0,
    0x0, 0x5, 0xbf, 0x70, 0x0, 0x0, 0x0, 0x0,
    0x0, 0x0, 0x0, 0x0, 0x0, 0x0, 0x0, 0x0,
    0x0, 0x0, 0x0, 0x0, 0x0, 0x4f, 0xff, 0xff,
    0xff, 0xff, 0xff, 0xff, 0xff, 0x81, 0x55, 0x55,
    0x55, 0x7f, 0x95, 0x55, 0x55, 0x52, 0x0, 0x0,
    0x0, 0x2, 0xf5, 0x0, 0x0, 0x0, 0x0, 0x0,
    0x0, 0x0, 0x2f, 0x50, 0x0, 0x0, 0x0, 0x0,
    0x0, 0x0, 0x2, 0xf5, 0x0, 0x0, 0x0, 0x0,
    0x0, 0x0, 0x0, 0x2f, 0x50, 0x0, 0x0, 0x0,
    0x0, 0x0, 0x0, 0x2, 0xf5, 0x0, 0x0, 0x0,
    0x0, 0x0, 0x0, 0x0, 0x1a, 0x30, 0x0, 0x0,
    0x0,

    /* U+C2DC "시" */
    0x0, 0x0, 0x0, 0x0, 0x0, 0x0, 0x6, 0xf1,
    0x0, 0x0, 0x3, 0x80, 0x0, 0x0, 0x7, 0xf1,
    0x0, 0x0, 0x6, 0xf1, 0x0, 0x0, 0x7, 0xf1,
    0x0, 0x0, 0x6, 0xf1, 0x0, 0x0, 0x7, 0xf1,
    0x0, 0x0, 0x6, 0xf1, 0x0, 0x0, 0x7, 0xf1,
    0x0, 0x0, 0x7, 0xf2, 0x0, 0x0, 0x7, 0xf1,
    0x0, 0x0, 0xa, 0xf5, 0x0, 0x0, 0x7, 0xf1,
    0x0, 0x0, 0xe, 0xf9, 0x0, 0x0, 0x7, 0xf1,
    0x0, 0x0, 0x5f, 0x9f, 0x10, 0x0, 0x7, 0xf1,
    0x0, 0x0, 0xdb, 0x1e, 0xa0, 0x0, 0x7, 0xf1,
    0x0, 0xa, 0xf3, 0x6, 0xf7, 0x0, 0x7, 0xf1,
    0x0, 0x9f, 0x80, 0x0, 0xaf, 0x80, 0x7, 0xf1,
    0xd, 0xf9, 0x0, 0x0, 0x9, 0xf6, 0x7, 0xf1,
    0x6, 0x60, 0x0, 0x0, 0x0, 0x30, 0x7, 0xf1,
    0x0, 0x0, 0x0, 0x0, 0x0, 0x0, 0x7, 0xf1,
    0x0, 0x0, 0x0, 0x0, 0x0, 0x0, 0x7, 0xf1,
    0x0, 0x0, 0x0, 0x0, 0x0, 0x0, 0x7, 0xf1,
    0x0, 0x0, 0x0, 0x0, 0x0, 0x0, 0x3, 0x70,

    /* U+C2E0 "신" */
    0x0, 0x0, 0x0, 0x0, 0x0, 0x0, 0x5, 0xc0,
    0x0, 0x0, 0x9, 0xb0, 0x0, 0x0, 0x7, 0xf1,
    0x0, 0x0, 0xb, 0xd0, 0x0, 0x0, 0x7, 0xf1,
    0x0, 0x0, 0xb, 0xe0, 0x0, 0x0, 0x7, 0xf1,
    0x0, 0x0, 0xe, 0xf1, 0x0, 0x0, 0x7, 0xf1,
    0x0, 0x0, 0x3f, 0xf7, 0x0, 0x0, 0x7, 0xf1,
    0x0, 0x0, 0xcd, 0x8f, 0x10, 0x0, 0x7, 0xf1,
    0x0, 0x8, 0xf4, 0xd, 0xd1, 0x0, 0x7, 0xf1,
    0x1, 0x9f, 0x80, 0x2, 0xef, 0x60, 0x7, 0xf1,
    0xc, 0xf7, 0x0, 0x0, 0x1a, 0xd0, 0x7, 0xf1,
    0x2, 0x20, 0x0, 0x0, 0x0, 0x0, 0x7, 0xf1,
    0x0, 0x0, 0x31, 0x0, 0x0, 0x0, 0x7, 0xf1,
    0x0, 0x1, 0xf7, 0x0, 0x0, 0x0, 0x7, 0xf1,
    0x0, 0x1, 0xf7, 0x0, 0x0, 0x0, 0x0, 0x0,
    0x0, 0x1, 0xf7, 0x0, 0x0, 0x0, 0x0, 0x0,
    0x0, 0x1, 0xf7, 0x0, 0x0, 0x0, 0x0, 0x0,
    0x0, 0x2, 0xff, 0xff, 0xff, 0xff, 0xff, 0xfa,
    0x0, 0x0, 0x44, 0x44, 0x44, 0x44, 0x44, 0x43,

    /* U+C2EC "심" */
    0x0, 0x0, 0x22, 0x0, 0x0, 0x0, 0x5d, 0x10,
    0x0, 0xb, 0xd0, 0x0, 0x0, 0x7, 0xf1, 0x0,
    0x0, 0xbd, 0x0, 0x0, 0x0, 0x7f, 0x10, 0x0,
    0xc, 0xf0, 0x0, 0x0, 0x7, 0xf1, 0x0, 0x1,
    0xff, 0x40, 0x0, 0x0, 0x7f, 0x10, 0x0, 0x8f,
    0xcc, 0x0, 0x0, 0x7, 0xf1, 0x0, 0x4f, 0x73,
    0xfa, 0x0, 0x0, 0x7f, 0x10, 0x6f, 0xb0, 0x5,
    0xfc, 0x30, 0x7, 0xf1, 0xbf, 0xa0, 0x0, 0x3,
    0xde, 0x10, 0x7f, 0x13, 0x40, 0x0, 0x0, 0x0,
    0x10, 0x7, 0xf1, 0x0, 0x0, 0x0, 0x0, 0x0,
    0x0, 0x0, 0x0, 0x1, 0xff, 0xff, 0xff, 0xff,
    0xff, 0xf1, 0x0, 0x1f, 0x94, 0x44, 0x44, 0x44,
    0x9f, 0x10, 0x1, 0xf6, 0x0, 0x0, 0x0, 0x7,
    0xf1, 0x0, 0x1f, 0x60, 0x0, 0x0, 0x0, 0x7f,
    0x10, 0x1, 0xf6, 0x0, 0x0, 0x0, 0x7, 0xf1,
    0x0, 0x1f, 0xff, 0xff, 0xff, 0xff, 0xff, 0x10,
    0x0, 0x44, 0x44, 0x44, 0x44, 0x44, 0x40,

    /* U+C548 "안" */
    0x0, 0x0, 0x0, 0x0, 0x0, 0x0, 0xa4, 0x0,
    0x0, 0x1, 0x57, 0x62, 0x0, 0x0, 0xf, 0x70,
    0x0, 0x6, 0xff, 0xef, 0xf9, 0x0, 0x0, 0xf7,
    0x0, 0x5, 0xf9, 0x10, 0x7, 0xf8, 0x0, 0xf,
    0x70, 0x0, 0xcd, 0x0, 0x0, 0xa, 0xf0, 0x0,
    0xf7, 0x0, 0xf, 0x90, 0x0, 0x0, 0x6f, 0x20,
    0xf, 0xa5, 0x50, 0xea, 0x0, 0x0, 0x7, 0xf1,
    0x0, 0xff, 0xff, 0x19, 0xf3, 0x0, 0x1, 0xec,
    0x0, 0xf, 0x70, 0x0, 0x1d, 0xf8, 0x57, 0xef,
    0x30, 0x0, 0xf7, 0x0, 0x0, 0x18, 0xef, 0xea,
    0x20, 0x0, 0xf, 0x70, 0x0, 0x0, 0x0, 0x0,
    0x0, 0x0, 0x0, 0xf7, 0x0, 0x0, 0x2, 0x30,
    0x0, 0x0, 0x0, 0xf, 0x70, 0x0, 0x0, 0x9e,
    0x0, 0x0, 0x0, 0x0, 0xf7, 0x0, 0x0, 0x9,
    0xe0, 0x0, 0x0, 0x0, 0x3, 0x10, 0x0, 0x0,
    0x9e, 0x0, 0x0, 0x0, 0x0, 0x0, 0x0, 0x0,
    0x9, 0xe0, 0x0, 0x0, 0x0, 0x0, 0x0, 0x0,
    0x0, 0x9f, 0xff, 0xff, 0xff, 0xff, 0xff, 0x40,
    0x0, 0x2, 0x44, 0x44, 0x44, 0x44, 0x44, 0x41,
    0x0,

    /* U+C54C "알" */
    0x0, 0x0, 0x20, 0x0, 0x0, 0x1, 0xc5, 0x0,
    0x0, 0x3c, 0xff, 0xfc, 0x40, 0x0, 0x1f, 0x70,
    0x0, 0x3f, 0xc4, 0x24, 0xbf, 0x50, 0x1, 0xf7,
    0x0, 0xc, 0xd0, 0x0, 0x0, 0xcd, 0x0, 0x1f,
    0x70, 0x0, 0xf9, 0x0, 0x0, 0x7, 0xf0, 0x1,
    0xff, 0xff, 0x1d, 0xb0, 0x0, 0x0, 0xae, 0x0,
    0x1f, 0x94, 0x40, 0x6f, 0x80, 0x0, 0x7f, 0x70,
    0x1, 0xf7, 0x0, 0x0, 0x7f, 0xfe, 0xff, 0x80,
    0x0, 0x1f, 0x70, 0x0, 0x0, 0x4, 0x64, 0x10,
    0x0, 0x1, 0xf7, 0x0, 0x0, 0x1, 0x11, 0x11,
    0x11, 0x11, 0x12, 0x10, 0x0, 0x0, 0xcf, 0xff,
    0xff, 0xff, 0xff, 0xf7, 0x0, 0x0, 0x1, 0x11,
    0x11, 0x11, 0x11, 0x2f, 0x70, 0x0, 0x0, 0x0,
    0x0, 0x0, 0x0, 0x1, 0xf7, 0x0, 0x0, 0xc,
    0xff, 0xff, 0xff, 0xff, 0xff, 0x70, 0x0, 0x0,
    0xcc, 0x22, 0x22, 0x22, 0x22, 0x20, 0x0, 0x0,
    0xc, 0xc0, 0x0, 0x0, 0x0, 0x0, 0x0, 0x0,
    0x0, 0xcf, 0xee, 0xee, 0xee, 0xee, 0xee, 0x10,
    0x0, 0x4, 0x55, 0x55, 0x55, 0x55, 0x55, 0x50,
    0x0,

    /* U+C559 "앙" */
    0x0, 0x0, 0x0, 0x0, 0x0, 0x2, 0xb3, 0x0,
    0x0, 0x7c, 0xdc, 0x81, 0x0, 0x4, 0xf4, 0x0,
    0xc, 0xfa, 0x79, 0xee, 0x20, 0x4, 0xf4, 0x0,
    0x8f, 0x30, 0x0, 0x1e, 0xb0, 0x4, 0xf4, 0x0,
    0xea, 0x0, 0x0, 0x7, 0xf1, 0x4, 0xf8, 0x54,
    0xf9, 0x0, 0x0, 0x5, 0xf2, 0x4, 0xff, 0xfd,
    0xcd, 0x0, 0x0, 0xa, 0xf0, 0x4, 0xf4, 0x0,
    0x5f, 0x91, 0x0, 0x7f, 0x70, 0x4, 0xf4, 0x0,
    0x6, 0xff, 0xef, 0xf8, 0x0, 0x4, 0xf4, 0x0,
    0x0, 0x5, 0x65, 0x10, 0x0, 0x4, 0xf4, 0x0,
    0x0, 0x0, 0x0, 0x0, 0x0, 0x2, 0xa2, 0x0,
    0x0, 0x1, 0x7b, 0xee, 0xed, 0x94, 0x0, 0x0,
    0x0, 0x4f, 0xe8, 0x65, 0x57, 0xbf, 0xa0, 0x0,
    0x0, 0xec, 0x0, 0x0, 0x0, 0x5, 0xf4, 0x0,
    0x0, 0xf9, 0x0, 0x0, 0x0, 0x1, 0xf6, 0x0,
    0x0, 0xaf, 0x71, 0x0, 0x0, 0x4c, 0xf1, 0x0,
    0x0, 0x8, 0xef, 0xed, 0xef, 0xfb, 0x20, 0x0,
    0x0, 0x0, 0x3, 0x55, 0x54, 0x10, 0x0, 0x0,

    /* U+C55E "앞" */
    0x0, 0x0, 0x0, 0x0, 0x0, 0x0, 0x94, 0x0,
    0x0, 0x7, 0xbd, 0xc8, 0x10, 0x0, 0xf, 0x70,
    0x0, 0xc, 0xf9, 0x78, 0xee, 0x20, 0x0, 0xf7,
    0x0, 0x9, 0xf3, 0x0, 0x1, 0xec, 0x0, 0xf,
    0x70, 0x0, 0xea, 0x0, 0x0, 0x7, 0xf1, 0x0,
    0xfa, 0x44, 0xf, 0x90, 0x0, 0x0, 0x5f, 0x20,
    0xf, 0xff, 0xf1, 0xcd, 0x0, 0x0, 0xa, 0xf0,
    0x0, 0xf7, 0x0, 0x4, 0xfa, 0x10, 0x18, 0xf7,
    0x0, 0xf, 0x70, 0x0, 0x5, 0xef, 0xef, 0xf7,
    0x0, 0x0, 0xf7, 0x0, 0x0, 0x0, 0x45, 0x40,
    0x0, 0x0, 0xf, 0x70, 0x0, 0x0, 0x33, 0x33,
    0x33, 0x33, 0x33, 0x84, 0x0, 0x0, 0xd, 0xff,
    0xff, 0xff, 0xff, 0xff, 0xc0, 0x0, 0x0, 0x0,
    0x6f, 0x20, 0x2, 0xf7, 0x0, 0x0, 0x0, 0x0,
    0x6, 0xf1, 0x0, 0x2f, 0x70, 0x0, 0x0, 0x0,
    0x0, 0x6f, 0x10, 0x2, 0xf7, 0x0, 0x0, 0x0,
    0x0, 0x6, 0xf1, 0x0, 0x2f, 0x70, 0x0, 0x0,
    0x0, 0xff, 0xff, 0xff, 0xff, 0xff, 0xfe, 0x0,
    0x0, 0x5, 0x55, 0x55, 0x55, 0x55, 0x55, 0x40,
    0x0,

    /* U+C5C6 "없" */
    0x0, 0x0, 0x0, 0x0, 0x0, 0x0, 0xa, 0xf1,
    0x0, 0x2, 0xae, 0xfe, 0xa2, 0x0, 0x0, 0xaf,
    0x10, 0x2, 0xfd, 0x64, 0x6d, 0xe2, 0x0, 0xa,
    0xf1, 0x0, 0xbd, 0x0, 0x0, 0x1e, 0xb0, 0x0,
    0xaf, 0x10, 0xf, 0x80, 0x0, 0x0, 0x9f, 0xee,
    0xef, 0xf1, 0x0, 0xf8, 0x0, 0x0, 0x9, 0xf6,
    0x66, 0xcf, 0x10, 0xb, 0xd0, 0x0, 0x1, 0xeb,
    0x0, 0xa, 0xf1, 0x0, 0x2e, 0xd6, 0x46, 0xde,
    0x20, 0x0, 0xaf, 0x10, 0x0, 0x19, 0xef, 0xe9,
    0x10, 0x0, 0xa, 0xf1, 0x0, 0x0, 0x0, 0x0,
    0x0, 0x0, 0x0, 0x23, 0x0, 0x0, 0x3b, 0x20,
    0x5, 0xa0, 0x0, 0xd6, 0x0, 0x0, 0x4, 0xf3,
    0x0, 0x8e, 0x0, 0xf, 0x80, 0x0, 0x0, 0x4f,
    0x63, 0x39, 0xe0, 0x1, 0xf9, 0x0, 0x0, 0x4,
    0xff, 0xff, 0xfe, 0x0, 0x6f, 0xe0, 0x0, 0x0,
    0x4f, 0x30, 0x8, 0xe0, 0xd, 0xaf, 0x70, 0x0,
    0x4, 0xf3, 0x0, 0x8e, 0x1b, 0xe1, 0x7f, 0x80,
    0x0, 0x4f, 0xff, 0xff, 0xea, 0xe3, 0x0, 0x7f,
    0xa0, 0x1, 0x44, 0x44, 0x43, 0x11, 0x0, 0x0,
    0x21,

    /* U+C5D0 "에" */
    0x0, 0x0, 0x0, 0x0, 0x0, 0x36, 0x0, 0xe8,
    0x0, 0x1, 0x43, 0x0, 0x0, 0x8f, 0x0, 0xe9,
    0x0, 0x5f, 0xff, 0xc0, 0x0, 0x8f, 0x0, 0xe9,
    0x2, 0xfa, 0x25, 0xfa, 0x0, 0x8f, 0x0, 0xe9,
    0x9, 0xe0, 0x0, 0x7f, 0x10, 0x8f, 0x0, 0xe9,
    0xd, 0x90, 0x0, 0x1f, 0x60, 0x8f, 0x0, 0xe9,
    0xf, 0x60, 0x0, 0xe, 0x80, 0x8f, 0x0, 0xe9,
    0x1f, 0x50, 0x0, 0xd, 0xff, 0xff, 0x0, 0xe9,
    0xf, 0x60, 0x0, 0xe, 0xa4, 0xaf, 0x0, 0xe9,
    0xf, 0x80, 0x0, 0xf, 0x70, 0x8f, 0x0, 0xe9,
    0xb, 0xc0, 0x0, 0x4f, 0x30, 0x8f, 0x0, 0xe9,
    0x5, 0xf4, 0x0, 0xcd, 0x0, 0x8f, 0x0, 0xe9,
    0x0, 0xbf, 0xce, 0xf4, 0x0, 0x8f, 0x0, 0xe9,
    0x0, 0x7, 0xba, 0x30, 0x0, 0x8f, 0x0, 0xe9,
    0x0, 0x0, 0x0, 0x0, 0x0, 0x8f, 0x0, 0xe9,
    0x0, 0x0, 0x0, 0x0, 0x0, 0x8f, 0x0, 0xe9,
    0x0, 0x0, 0x0, 0x0, 0x0, 0x6a, 0x0, 0xe9,
    0x0, 0x0, 0x0, 0x0, 0x0, 0x0, 0x0, 0x63,

    /* U+C5F0 "연" */
    0x0, 0x0, 0x0, 0x0, 0x0, 0x0, 0x6, 0xc0,
    0x0, 0x4, 0x9a, 0x83, 0x0, 0x0, 0x8, 0xf0,
    0x0, 0xaf, 0xdb, 0xef, 0x90, 0x0, 0x8, 0xf0,
    0x7, 0xf6, 0x0, 0x7, 0xff, 0xff, 0xff, 0xf0,
    0xd, 0xb0, 0x0, 0x0, 0xce, 0x33, 0x3a, 0xf0,
    0xf, 0x70, 0x0, 0x0, 0x8f, 0x0, 0x8, 0xf0,
    0xe, 0x80, 0x0, 0x0, 0x9e, 0x0, 0x8, 0xf0,
    0xa, 0xe1, 0x0, 0x2, 0xff, 0xee, 0xef, 0xf0,
    0x1, 0xee, 0x85, 0x8f, 0xd6, 0x66, 0x6b, 0xf0,
    0x0, 0x19, 0xef, 0xe9, 0x10, 0x0, 0x8, 0xf0,
    0x0, 0x0, 0x0, 0x0, 0x0, 0x0, 0x8, 0xf0,
    0x0, 0x0, 0x31, 0x0, 0x0, 0x0, 0x8, 0xf0,
    0x0, 0x0, 0xf7, 0x0, 0x0, 0x0, 0x8, 0xf0,
    0x0, 0x0, 0xf7, 0x0, 0x0, 0x0, 0x0, 0x10,
    0x0, 0x0, 0xf7, 0x0, 0x0, 0x0, 0x0, 0x0,
    0x0, 0x0, 0xf7, 0x0, 0x0, 0x0, 0x0, 0x0,
    0x0, 0x1, 0xff, 0xff, 0xff, 0xff, 0xff, 0xf8,
    0x0, 0x0, 0x44, 0x44, 0x44, 0x44, 0x44, 0x42,

    /* U+C601 "영" */
    0x0, 0x0, 0x0, 0x0, 0x0, 0x0, 0x5, 0xc0,
    0x0, 0x5, 0xab, 0xa5, 0x0, 0x0, 0x7, 0xf1,
    0x0, 0xcf, 0xb9, 0xbf, 0xb4, 0x44, 0x49, 0xf1,
    0x8, 0xf3, 0x0, 0x4, 0xff, 0xff, 0xff, 0xf1,
    0xe, 0x90, 0x0, 0x0, 0xae, 0x0, 0x7, 0xf1,
    0xf, 0x70, 0x0, 0x0, 0x8f, 0x0, 0x7, 0xf1,
    0xd, 0xb0, 0x0, 0x0, 0xce, 0x44, 0x49, 0xf1,
    0x6, 0xf8, 0x0, 0x8, 0xff, 0xff, 0xff, 0xf1,
    0x0, 0x7f, 0xfd, 0xff, 0x70, 0x0, 0x7, 0xf1,
    0x0, 0x1, 0x57, 0x51, 0x0, 0x0, 0x7, 0xf1,
    0x0, 0x0, 0x0, 0x0, 0x1, 0x0, 0x3, 0x80,
    0x0, 0x0, 0x6, 0xcf, 0xff, 0xfe, 0xa4, 0x0,
    0x0, 0x0, 0xcf, 0x84, 0x21, 0x25, 0xbf, 0x70,
    0x0, 0x6, 0xf3, 0x0, 0x0, 0x0, 0x9, 0xf0,
    0x0, 0x7, 0xf1, 0x0, 0x0, 0x0, 0x7, 0xf1,
    0x0, 0x1, 0xfd, 0x40, 0x0, 0x1, 0x7f, 0xb0,
    0x0, 0x0, 0x2b, 0xff, 0xed, 0xef, 0xf8, 0x0,
    0x0, 0x0, 0x0, 0x14, 0x55, 0x53, 0x0, 0x0,

    /* U+C694 "요" */
    0x0, 0x0, 0x5, 0xac, 0xdd, 0xa6, 0x10, 0x0,
    0x0, 0x0, 0x3d, 0xfa, 0x76, 0x7a, 0xee, 0x50,
    0x0, 0x0, 0x1e, 0xc1, 0x0, 0x0, 0x0, 0xaf,
    0x40, 0x0, 0x8, 0xf1, 0x0, 0x0, 0x0, 0x0,
    0xdb, 0x0, 0x0, 0xbc, 0x0, 0x0, 0x0, 0x0,
    0x9, 0xe0, 0x0, 0x9, 0xe0, 0x0, 0x0, 0x0,
    0x0, 0xbd, 0x0, 0x0, 0x4f, 0x70, 0x0, 0x0,
    0x0, 0x4f, 0x70, 0x0, 0x0, 0x7f, 0xb4, 0x0,
    0x3, 0x9f, 0xb0, 0x0, 0x0, 0x0, 0x7f, 0xff,
    0xff, 0xff, 0xb0, 0x0, 0x0, 0x0, 0x5, 0xf3,
    0x23, 0x31, 0xea, 0x0, 0x0, 0x0, 0x0, 0x5f,
    0x20, 0x0, 0xe, 0xa0, 0x0, 0x0, 0x0, 0x5,
    0xf2, 0x0, 0x0, 0xea, 0x0, 0x0, 0x0, 0x0,
    0x5f, 0x20, 0x0, 0xe, 0xa0, 0x0, 0x4, 0xff,
    0xff, 0xff, 0xff, 0xff, 0xff, 0xff, 0xf8, 0x15,
    0x55, 0x55, 0x55, 0x55, 0x55, 0x55, 0x55, 0x30,

    /* U+C6B4 "운" */
    0x0, 0x0, 0x0, 0x24, 0x54, 0x20, 0x0, 0x0,
    0x0, 0x0, 0x8, 0xef, 0xfe, 0xff, 0xf9, 0x10,
    0x0, 0x0, 0xc, 0xf8, 0x20, 0x0, 0x16, 0xee,
    0x20, 0x0, 0x6, 0xf5, 0x0, 0x0, 0x0, 0x2,
    0xf9, 0x0, 0x0, 0x7f, 0x20, 0x0, 0x0, 0x0,
    0xf, 0xb0, 0x0, 0x3, 0xfb, 0x0, 0x0, 0x0,
    0x8, 0xf6, 0x0, 0x0, 0x6, 0xff, 0xa7, 0x67,
    0x9d, 0xf8, 0x0, 0x0, 0x0, 0x1, 0x6a, 0xcd,
    0xdb, 0x72, 0x0, 0x0, 0x0, 0x0, 0x0, 0x0,
    0x0, 0x0, 0x0, 0x0, 0x4, 0xcc, 0xcc, 0xcc,
    0xcc, 0xcc, 0xcc, 0xcc, 0xc7, 0x27, 0x77, 0x77,
    0x77, 0xfc, 0x77, 0x77, 0x77, 0x40, 0x0, 0x0,
    0x0, 0xf, 0x80, 0x0, 0x0, 0x0, 0x0, 0x3c,
    0x30, 0x0, 0xf8, 0x0, 0x0, 0x0, 0x0, 0x4,
    0xf4, 0x0, 0xf, 0x80, 0x0, 0x0, 0x0, 0x0,
    0x4f, 0x40, 0x0, 0x0, 0x0, 0x0, 0x0, 0x0,
    0x4, 0xf4, 0x0, 0x0, 0x0, 0x0, 0x0, 0x0,
    0x0, 0x4f, 0xff, 0xff, 0xff, 0xff, 0xff, 0xd0,
    0x0, 0x1, 0x55, 0x55, 0x55, 0x55, 0x55, 0x54,
    0x0,

    /* U+C6C0 "움" */
    0x0, 0x0, 0x0, 0x35, 0x55, 0x31, 0x0, 0x0,
    0x0, 0x0, 0x2a, 0xff, 0xed, 0xef, 0xfc, 0x40,
    0x0, 0x0, 0x2e, 0xd4, 0x0, 0x0, 0x3, 0xbf,
    0x40, 0x0, 0x7, 0xf2, 0x0, 0x0, 0x0, 0x0,
    0xea, 0x0, 0x0, 0x6f, 0x40, 0x0, 0x0, 0x0,
    0x1f, 0x90, 0x0, 0x0, 0xcf, 0x95, 0x32, 0x34,
    0x8e, 0xe2, 0x0, 0x0, 0x0, 0x6b, 0xef, 0xff,
    0xec, 0x71, 0x0, 0x0, 0x0, 0x0, 0x0, 0x0,
    0x0, 0x0, 0x0, 0x0, 0x2a, 0xaa, 0xaa, 0xaa,
    0xaa, 0xaa, 0xaa, 0xaa, 0x52, 0xaa, 0xaa, 0xaa,
    0xbf, 0xca, 0xaa, 0xaa, 0xa6, 0x0, 0x0, 0x0,
    0x1, 0xf6, 0x0, 0x0, 0x0, 0x0, 0x2, 0x77,
    0x77, 0x8f, 0xb7, 0x77, 0x74, 0x0, 0x0, 0x5f,
    0xdc, 0xcc, 0xcc, 0xcc, 0xcf, 0x90, 0x0, 0x5,
    0xf2, 0x0, 0x0, 0x0, 0x0, 0xe9, 0x0, 0x0,
    0x5f, 0x20, 0x0, 0x0, 0x0, 0xe, 0x90, 0x0,
    0x5, 0xf2, 0x0, 0x0, 0x0, 0x0, 0xe9, 0x0,
    0x0, 0x5f, 0xff, 0xff, 0xff, 0xff, 0xff, 0x90,
    0x0, 0x1, 0x44, 0x44, 0x44, 0x44, 0x44, 0x42,
    0x0,

    /* U+C6D0 "원" */
    0x0, 0x0, 0x0, 0x0, 0x0, 0x0, 0x4, 0x80,
    0x0, 0x6, 0xdf, 0xff, 0xb2, 0x0, 0x8, 0xf0,
    0x0, 0x8f, 0x83, 0x24, 0xbf, 0x20, 0x8, 0xf0,
    0x0, 0xe9, 0x0, 0x0, 0xf, 0x80, 0x8, 0xf0,
    0x0, 0xe9, 0x0, 0x0, 0xf, 0x80, 0x8, 0xf0,
    0x0, 0x7f, 0x83, 0x25, 0xce, 0x20, 0x8, 0xf0,
    0x0, 0x5, 0xbe, 0xfd, 0x92, 0x0, 0x8, 0xf0,
    0x0, 0x0, 0x0, 0x0, 0x0, 0x2, 0x8, 0xf0,
    0x3a, 0xbb, 0xbb, 0xcc, 0xde, 0xff, 0x8, 0xf0,
    0x29, 0x99, 0x8b, 0xf7, 0x54, 0x20, 0x8, 0xf0,
    0x0, 0x0, 0x7, 0xf1, 0x0, 0x44, 0x4a, 0xf0,
    0x0, 0x0, 0x7, 0xf1, 0x1, 0xdd, 0xde, 0xf0,
    0x0, 0xb, 0x76, 0xd1, 0x0, 0x0, 0x8, 0xf0,
    0x0, 0xe, 0x90, 0x0, 0x0, 0x0, 0x5, 0xa0,
    0x0, 0xe, 0x90, 0x0, 0x0, 0x0, 0x0, 0x0,
    0x0, 0xe, 0x90, 0x0, 0x0, 0x0, 0x0, 0x0,
    0x0, 0xf, 0xff, 0xff, 0xff, 0xff, 0xff, 0xf7,
    0x0, 0x4, 0x44, 0x44, 0x44, 0x44, 0x44, 0x42,

    /* U+C704 "위" */
    0x0, 0x0, 0x0, 0x10, 0x0, 0x0, 0x7, 0xf0,
    0x0, 0x4, 0xcf, 0xff, 0xb3, 0x0, 0x7, 0xf0,
    0x0, 0x5f, 0xb4, 0x35, 0xcf, 0x30, 0x7, 0xf0,
    0x0, 0xdc, 0x0, 0x0, 0xd, 0xb0, 0x7, 0xf0,
    0x0, 0xf8, 0x0, 0x0, 0x9, 0xd0, 0x7, 0xf0,
    0x0, 0xdb, 0x0, 0x0, 0xd, 0xb0, 0x7, 0xf0,
    0x0, 0x5f, 0xa4, 0x24, 0xcf, 0x30, 0x7, 0xf0,
    0x0, 0x4, 0xdf, 0xff, 0xc3, 0x0, 0x7, 0xf0,
    0x0, 0x0, 0x1, 0x20, 0x0, 0x0, 0x7, 0xf0,
    0x15, 0x55, 0x66, 0x78, 0x9a, 0xce, 0x47, 0xf0,
    0x3f, 0xff, 0xee, 0xfd, 0xb9, 0x75, 0x17, 0xf0,
    0x0, 0x0, 0x1, 0xf7, 0x0, 0x0, 0x7, 0xf0,
    0x0, 0x0, 0x1, 0xf7, 0x0, 0x0, 0x7, 0xf0,
    0x0, 0x0, 0x1, 0xf7, 0x0, 0x0, 0x7, 0xf0,
    0x0, 0x0, 0x1, 0xf7, 0x0, 0x0, 0x7, 0xf0,
    0x0, 0x0, 0x1, 0xf7, 0x0, 0x0, 0x7, 0xf0,
    0x0, 0x0, 0x1, 0xf7, 0x0, 0x0, 0x7, 0xf0,
    0x0, 0x0, 0x0, 0x10, 0x0, 0x0, 0x3, 0x60,

    /* U+C720 "유" */
    0x0, 0x0, 0x0, 0x0, 0x10, 0x0, 0x0, 0x0,
    0x0, 0x0, 0x3, 0xae, 0xff, 0xfe, 0xb5, 0x0,
    0x0, 0x0, 0x8, 0xfc, 0x63, 0x23, 0x5a, 0xfc,
    0x0, 0x0, 0x4, 0xf8, 0x0, 0x0, 0x0, 0x4,
    0xf8, 0x0, 0x0, 0x7f, 0x10, 0x0, 0x0, 0x0,
    0xc, 0xc0, 0x0, 0x5, 0xf5, 0x0, 0x0, 0x0,
    0x1, 0xfa, 0x0, 0x0, 0xc, 0xf7, 0x10, 0x0,
    0x5, 0xde, 0x20, 0x0, 0x0, 0x8, 0xef, 0xed,
    0xef, 0xfa, 0x20, 0x0, 0x0, 0x0, 0x0, 0x24,
    0x55, 0x30, 0x0, 0x0, 0x0, 0x0, 0x0, 0x0,
    0x0, 0x0, 0x0, 0x0, 0x0, 0x4d, 0xdd, 0xdd,
    0xdd, 0xdd, 0xdd, 0xdd, 0xdd, 0x82, 0x77, 0x78,
    0xfb, 0x77, 0x78, 0xfb, 0x77, 0x74, 0x0, 0x0,
    0x3f, 0x60, 0x0, 0x1f, 0x70, 0x0, 0x0, 0x0,
    0x3, 0xf6, 0x0, 0x1, 0xf7, 0x0, 0x0, 0x0,
    0x0, 0x3f, 0x60, 0x0, 0x1f, 0x70, 0x0, 0x0,
    0x0, 0x3, 0xf6, 0x0, 0x1, 0xf7, 0x0, 0x0,
    0x0, 0x0, 0x3f, 0x60, 0x0, 0x1f, 0x70, 0x0,
    0x0, 0x0, 0x1, 0xa4, 0x0, 0x0, 0xa4, 0x0,
    0x0,

    /* U+C740 "은" */
    0x0, 0x0, 0x0, 0x1, 0x22, 0x10, 0x0, 0x0,
    0x0, 0x0, 0x5, 0xbf, 0xff, 0xff, 0xe9, 0x20,
    0x0, 0x0, 0x9, 0xfb, 0x52, 0x11, 0x36, 0xdf,
    0x40, 0x0, 0x2, 0xf8, 0x0, 0x0, 0x0, 0x0,
    0xdd, 0x0, 0x0, 0x4f, 0x40, 0x0, 0x0, 0x0,
    0xa, 0xf0, 0x0, 0x1, 0xfc, 0x10, 0x0, 0x0,
    0x3, 0xfb, 0x0, 0x0, 0x4, 0xef, 0xa7, 0x66,
    0x8c, 0xfc, 0x10, 0x0, 0x0, 0x0, 0x6a, 0xcd,
    0xdc, 0x94, 0x0, 0x0, 0x0, 0x0, 0x0, 0x0,
    0x0, 0x0, 0x0, 0x0, 0x0, 0x66, 0x66, 0x66,
    0x66, 0x66, 0x66, 0x66, 0x64, 0x1d, 0xdd, 0xdd,
    0xdd, 0xdd, 0xdd, 0xdd, 0xdd, 0xa0, 0x0, 0x0,
    0x0, 0x0, 0x0, 0x0, 0x0, 0x0, 0x0, 0xc,
    0x60, 0x0, 0x0, 0x0, 0x0, 0x0, 0x0, 0x0,
    0xf8, 0x0, 0x0, 0x0, 0x0, 0x0, 0x0, 0x0,
    0xf, 0x80, 0x0, 0x0, 0x0, 0x0, 0x0, 0x0,
    0x0, 0xf8, 0x0, 0x0, 0x0, 0x0, 0x0, 0x0,
    0x0, 0xf, 0xff, 0xff, 0xff, 0xff, 0xff, 0xf0,
    0x0, 0x0, 0x44, 0x44, 0x44, 0x44, 0x44, 0x44,
    0x0,

    /* U+C744 "을" */
    0x0, 0x0, 0x0, 0x23, 0x44, 0x31, 0x0, 0x0,
    0x0, 0x0, 0x2a, 0xff, 0xed, 0xef, 0xfe, 0x70,
    0x0, 0x0, 0x1e, 0xd4, 0x0, 0x0, 0x1, 0x7f,
    0xa0, 0x0, 0x4, 0xf5, 0x0, 0x0, 0x0, 0x0,
    0xaf, 0x0, 0x0, 0x1e, 0xd4, 0x0, 0x0, 0x1,
    0x6f, 0xa0, 0x0, 0x0, 0x2a, 0xff, 0xed, 0xde,
    0xfe, 0x80, 0x0, 0x0, 0x0, 0x0, 0x24, 0x55,
    0x42, 0x0, 0x0, 0x0, 0x44, 0x44, 0x44, 0x44,
    0x44, 0x44, 0x44, 0x43, 0x1f, 0xff, 0xff, 0xff,
    0xff, 0xff, 0xff, 0xff, 0xb0, 0x0, 0x0, 0x0,
    0x0, 0x0, 0x0, 0x0, 0x0, 0x0, 0x4, 0x44,
    0x44, 0x44, 0x44, 0x44, 0x30, 0x0, 0x2, 0xee,
    0xee, 0xee, 0xee, 0xee, 0xfb, 0x0, 0x0, 0x0,
    0x0, 0x0, 0x0, 0x0, 0xc, 0xb0, 0x0, 0x1,
    0xff, 0xff, 0xff, 0xff, 0xff, 0xfb, 0x0, 0x0,
    0x2f, 0x82, 0x22, 0x22, 0x22, 0x22, 0x20, 0x0,
    0x2, 0xf6, 0x0, 0x0, 0x0, 0x0, 0x0, 0x0,
    0x0, 0x2f, 0xed, 0xdd, 0xdd, 0xdd, 0xdd, 0xd3,
    0x0, 0x0, 0x66, 0x66, 0x66, 0x66, 0x66, 0x66,
    0x10,

    /* U+C74C "음" */
    0x0, 0x0, 0x0, 0x25, 0x55, 0x42, 0x0, 0x0,
    0x0, 0x0, 0x9, 0xef, 0xed, 0xef, 0xfd, 0x60,
    0x0, 0x0, 0xc, 0xe6, 0x10, 0x0, 0x2, 0x9f,
    0x70, 0x0, 0x4, 0xf6, 0x0, 0x0, 0x0, 0x0,
    0xbe, 0x0, 0x0, 0x3f, 0x70, 0x0, 0x0, 0x0,
    0xc, 0xd0, 0x0, 0x0, 0xaf, 0xa4, 0x21, 0x13,
    0x6c, 0xf5, 0x0, 0x0, 0x0, 0x5b, 0xff, 0xff,
    0xfe, 0xa3, 0x0, 0x0, 0x0, 0x0, 0x0, 0x12,
    0x20, 0x0, 0x0, 0x0, 0x5, 0x55, 0x55, 0x55,
    0x55, 0x55, 0x55, 0x55, 0x31, 0xff, 0xff, 0xff,
    0xff, 0xff, 0xff, 0xff, 0xfb, 0x0, 0x0, 0x0,
    0x0, 0x0, 0x0, 0x0, 0x0, 0x0, 0x0, 0x44,
    0x44, 0x44, 0x44, 0x44, 0x43, 0x0, 0x0, 0x2f,
    0xff, 0xff, 0xff, 0xff, 0xff, 0xd0, 0x0, 0x2,
    0xf6, 0x0, 0x0, 0x0, 0x0, 0xbd, 0x0, 0x0,
    0x2f, 0x60, 0x0, 0x0, 0x0, 0xb, 0xd0, 0x0,
    0x2, 0xf6, 0x0, 0x0, 0x0, 0x0, 0xbd, 0x0,
    0x0, 0x2f, 0xff, 0xff, 0xff, 0xff, 0xff, 0xd0,
    0x0, 0x0, 0x44, 0x44, 0x44, 0x44, 0x44, 0x43,
    0x0,

    /* U+C751 "응" */
    0x0, 0x0, 0x0, 0x24, 0x54, 0x31, 0x0, 0x0,
    0x0, 0x0, 0x8, 0xef, 0xfe, 0xef, 0xfc, 0x50,
    0x0, 0x0, 0xc, 0xf7, 0x20, 0x0, 0x3, 0xaf,
    0x70, 0x0, 0x3, 0xf6, 0x0, 0x0, 0x0, 0x0,
    0xbe, 0x0, 0x0, 0x3f, 0x60, 0x0, 0x0, 0x0,
    0xb, 0xe0, 0x0, 0x0, 0xbf, 0x83, 0x0, 0x1,
    0x4b, 0xf6, 0x0, 0x0, 0x0, 0x7d, 0xff, 0xff,
    0xff, 0xb4, 0x0, 0x0, 0x0, 0x0, 0x1, 0x33,
    0x32, 0x0, 0x0, 0x0, 0x4, 0x44, 0x44, 0x44,
    0x44, 0x44, 0x44, 0x44, 0x31, 0xff, 0xff, 0xff,
    0xff, 0xff, 0xff, 0xff, 0xfb, 0x0, 0x0, 0x0,
    0x0, 0x0, 0x0, 0x0, 0x0, 0x0, 0x0, 0x1,
    0x7a, 0xcc, 0xcb, 0x95, 0x0, 0x0, 0x0, 0x5,
    0xfe, 0x96, 0x56, 0x7a, 0xfd, 0x20, 0x0, 0x0,
    0xfb, 0x0, 0x0, 0x0, 0x2, 0xea, 0x0, 0x0,
    0x1f, 0x70, 0x0, 0x0, 0x0, 0xc, 0xc0, 0x0,
    0x0, 0xcf, 0x61, 0x0, 0x0, 0x29, 0xf6, 0x0,
    0x0, 0x1, 0x9f, 0xfe, 0xde, 0xff, 0xd6, 0x0,
    0x0, 0x0, 0x0, 0x2, 0x45, 0x54, 0x10, 0x0,
    0x0,

    /* U+C758 "의" */
    0x0, 0x0, 0x0, 0x0, 0x0, 0x0, 0x8, 0xe0,
    0x0, 0x5, 0x9a, 0x94, 0x0, 0x0, 0x9f, 0x0,
    0x2d, 0xfc, 0xbd, 0xfb, 0x0, 0x9, 0xf0, 0xc,
    0xe3, 0x0, 0x5, 0xf9, 0x0, 0x9f, 0x3, 0xf6,
    0x0, 0x0, 0xa, 0xf0, 0x9, 0xf0, 0x4f, 0x30,
    0x0, 0x0, 0x7f, 0x0, 0x9f, 0x2, 0xf7, 0x0,
    0x0, 0xb, 0xe0, 0x9, 0xf0, 0xb, 0xf5, 0x0,
    0x8, 0xf7, 0x0, 0x9f, 0x0, 0xa, 0xff, 0xef,
    0xf8, 0x0, 0x9, 0xf0, 0x0, 0x2, 0x67, 0x61,
    0x0, 0x0, 0x9f, 0x0, 0x0, 0x0, 0x0, 0x0,
    0x0, 0x9, 0xf0, 0x0, 0x0, 0x0, 0x0, 0x0,
    0x21, 0x9f, 0x1a, 0xab, 0xbb, 0xcd, 0xef, 0xff,
    0x49, 0xf0, 0xa9, 0x99, 0x87, 0x65, 0x42, 0x0,
    0x9f, 0x0, 0x0, 0x0, 0x0, 0x0, 0x0, 0x9,
    0xf0, 0x0, 0x0, 0x0, 0x0, 0x0, 0x0, 0x9f,
    0x0, 0x0, 0x0, 0x0, 0x0, 0x0, 0x9, 0xf0,
    0x0, 0x0, 0x0, 0x0, 0x0, 0x0, 0x46,

    /* U+C774 "이" */
    0x0, 0x0, 0x0, 0x0, 0x0, 0x0, 0x7f, 0x0,
    0x0, 0x69, 0x83, 0x0, 0x0, 0x8, 0xf0, 0x1,
    0xcf, 0xde, 0xf7, 0x0, 0x0, 0x8f, 0x0, 0xbf,
    0x30, 0x9, 0xf4, 0x0, 0x8, 0xf0, 0x2f, 0x60,
    0x0, 0xd, 0xb0, 0x0, 0x8f, 0x7, 0xf1, 0x0,
    0x0, 0x8f, 0x0, 0x8, 0xf0, 0x9e, 0x0, 0x0,
    0x5, 0xf2, 0x0, 0x8f, 0xa, 0xd0, 0x0, 0x0,
    0x4f, 0x30, 0x8, 0xf0, 0x9e, 0x0, 0x0, 0x5,
    0xf2, 0x0, 0x8f, 0x6, 0xf1, 0x0, 0x0, 0x8f,
    0x0, 0x8, 0xf0, 0x2f, 0x70, 0x0, 0xe, 0xa0,
    0x0, 0x8f, 0x0, 0x9f, 0x40, 0xa, 0xf3, 0x0,
    0x8, 0xf0, 0x0, 0xbf, 0xef, 0xf5, 0x0, 0x0,
    0x8f, 0x0, 0x0, 0x47, 0x61, 0x0, 0x0, 0x8,
    0xf0, 0x0, 0x0, 0x0, 0x0, 0x0, 0x0, 0x8f,
    0x0, 0x0, 0x0, 0x0, 0x0, 0x0, 0x8, 0xf0,
    0x0, 0x0, 0x0, 0x0, 0x0, 0x0, 0x8f, 0x0,
    0x0, 0x0, 0x0, 0x0, 0x0, 0x3, 0x70,

    /* U+C778 "인" */
    0x0, 0x0, 0x0, 0x0, 0x0, 0x0, 0x5c, 0x0,
    0x1, 0x68, 0x73, 0x0, 0x0, 0x7, 0xf0, 0x6,
    0xff, 0xde, 0xfa, 0x0, 0x0, 0x7f, 0x4, 0xfa,
    0x10, 0x6, 0xf9, 0x0, 0x7, 0xf0, 0xbe, 0x0,
    0x0, 0x9, 0xf0, 0x0, 0x7f, 0xe, 0xa0, 0x0,
    0x0, 0x4f, 0x30, 0x7, 0xf0, 0xdb, 0x0, 0x0,
    0x6, 0xf2, 0x0, 0x7f, 0x8, 0xf3, 0x0, 0x0,
    0xdd, 0x0, 0x7, 0xf0, 0xd, 0xf8, 0x56, 0xdf,
    0x40, 0x0, 0x7f, 0x0, 0x8, 0xef, 0xfb, 0x30,
    0x0, 0x7, 0xf0, 0x0, 0x0, 0x0, 0x0, 0x0,
    0x0, 0x7f, 0x0, 0x0, 0x42, 0x0, 0x0, 0x0,
    0x7, 0xf0, 0x0, 0x1f, 0x70, 0x0, 0x0, 0x0,
    0x7f, 0x0, 0x1, 0xf7, 0x0, 0x0, 0x0, 0x0,
    0x0, 0x0, 0x1f, 0x70, 0x0, 0x0, 0x0, 0x0,
    0x0, 0x1, 0xf7, 0x0, 0x0, 0x0, 0x0, 0x0,
    0x0, 0x1f, 0xff, 0xff, 0xff, 0xff, 0xff, 0x90,
    0x0, 0x44, 0x44, 0x44, 0x44, 0x44, 0x42,

    /* U+C785 "입" */
    0x0, 0x0, 0x10, 0x0, 0x0, 0x0, 0x7f, 0x0,
    0x2a, 0xff, 0xfc, 0x50, 0x0, 0x7, 0xf0, 0x2e,
    0xd6, 0x34, 0xbf, 0x60, 0x0, 0x7f, 0xa, 0xf1,
    0x0, 0x0, 0xbe, 0x0, 0x7, 0xf0, 0xda, 0x0,
    0x0, 0x5, 0xf3, 0x0, 0x7f, 0xd, 0xb0, 0x0,
    0x0, 0x5f, 0x20, 0x7, 0xf0, 0x8f, 0x30, 0x0,
    0xc, 0xd0, 0x0, 0x7f, 0x0, 0xcf, 0x96, 0x7d,
    0xf3, 0x0, 0x7, 0xf0, 0x0, 0x6c, 0xdc, 0x91,
    0x0, 0x0, 0x7f, 0x0, 0x0, 0x0, 0x0, 0x0,
    0x0, 0x2, 0x50, 0x0, 0xa, 0x40, 0x0, 0x0,
    0x0, 0x4a, 0x0, 0x1, 0xf7, 0x0, 0x0, 0x0,
    0x7, 0xf0, 0x0, 0x1f, 0x94, 0x44, 0x44, 0x44,
    0xaf, 0x0, 0x1, 0xff, 0xff, 0xff, 0xff, 0xff,
    0xf0, 0x0, 0x1f, 0x70, 0x0, 0x0, 0x0, 0x7f,
    0x0, 0x1, 0xf7, 0x0, 0x0, 0x0, 0x7, 0xf0,
    0x0, 0x1f, 0xff, 0xff, 0xff, 0xff, 0xff, 0x0,
    0x0, 0x44, 0x44, 0x44, 0x44, 0x44, 0x40,

    /* U+C7A5 "장" */
    0x0, 0x0, 0x0, 0x0, 0x0, 0x0, 0x3c, 0x30,
    0x0, 0x78, 0x88, 0x88, 0x88, 0x83, 0x4, 0xf4,
    0x0, 0xb, 0xcc, 0xcf, 0xec, 0xcc, 0x60, 0x4f,
    0x40, 0x0, 0x0, 0x0, 0xe9, 0x0, 0x0, 0x4,
    0xf4, 0x0, 0x0, 0x0, 0xf, 0xb0, 0x0, 0x0,
    0x4f, 0x85, 0x40, 0x0, 0x5, 0xff, 0x10, 0x0,
    0x4, 0xff, 0xfd, 0x0, 0x0, 0xdb, 0xea, 0x0,
    0x0, 0x4f, 0x40, 0x0, 0x0, 0xaf, 0x24, 0xfa,
    0x0, 0x4, 0xf4, 0x0, 0x3, 0xcf, 0x50, 0x5,
    0xfe, 0x60, 0x4f, 0x40, 0x2, 0xfd, 0x40, 0x0,
    0x2, 0xa5, 0x4, 0xf4, 0x0, 0x3, 0x0, 0x0,
    0x0, 0x0, 0x0, 0x2b, 0x30, 0x0, 0x0, 0x1,
    0x7a, 0xcd, 0xdb, 0x83, 0x0, 0x0, 0x0, 0x4,
    0xfe, 0x97, 0x66, 0x8c, 0xf9, 0x0, 0x0, 0x0,
    0xec, 0x0, 0x0, 0x0, 0x5, 0xf4, 0x0, 0x0,
    0xf, 0x90, 0x0, 0x0, 0x0, 0x1f, 0x60, 0x0,
    0x0, 0xaf, 0x71, 0x0, 0x0, 0x3c, 0xf1, 0x0,
    0x0, 0x0, 0x8e, 0xfe, 0xde, 0xff, 0xb2, 0x0,
    0x0, 0x0, 0x0, 0x3, 0x55, 0x54, 0x10, 0x0,
    0x0,

    /* U+C7AC "재" */
    0x0, 0x0, 0x0, 0x0, 0x0, 0x49, 0x0, 0xad,
    0x0, 0x0, 0x0, 0x0, 0x0, 0x7f, 0x0, 0xad,
    0x8, 0xaa, 0xaa, 0xaa, 0xa2, 0x7f, 0x0, 0xad,
    0x9, 0xaa, 0xdf, 0xba, 0xa3, 0x7f, 0x0, 0xad,
    0x0, 0x0, 0x6f, 0x10, 0x0, 0x7f, 0x0, 0xad,
    0x0, 0x0, 0x7f, 0x10, 0x0, 0x7f, 0x0, 0xad,
    0x0, 0x0, 0x8f, 0x20, 0x0, 0x7f, 0x0, 0xad,
    0x0, 0x0, 0xbf, 0x60, 0x0, 0x7f, 0xff, 0xfd,
    0x0, 0x0, 0xfe, 0xb0, 0x0, 0x7f, 0x55, 0xcd,
    0x0, 0x6, 0xf5, 0xf3, 0x0, 0x7f, 0x0, 0xad,
    0x0, 0x1e, 0xa0, 0xcd, 0x10, 0x7f, 0x0, 0xad,
    0x0, 0xbf, 0x10, 0x2f, 0xd3, 0x7f, 0x0, 0xad,
    0xd, 0xf4, 0x0, 0x3, 0xe7, 0x7f, 0x0, 0xad,
    0x7, 0x30, 0x0, 0x0, 0x0, 0x7f, 0x0, 0xad,
    0x0, 0x0, 0x0, 0x0, 0x0, 0x7f, 0x0, 0xad,
    0x0, 0x0, 0x0, 0x0, 0x0, 0x7f, 0x0, 0xad,
    0x0, 0x0, 0x0, 0x0, 0x0, 0x38, 0x0, 0xad,
    0x0, 0x0, 0x0, 0x0, 0x0, 0x0, 0x0, 0x35,

    /* U+C804 "전" */
    0x0, 0x0, 0x0, 0x0, 0x0, 0x0, 0x2, 0xc3,
    0x4, 0x55, 0x55, 0x55, 0x55, 0x40, 0x3, 0xf5,
    0xa, 0xee, 0xef, 0xfe, 0xee, 0xc0, 0x3, 0xf5,
    0x0, 0x0, 0xc, 0xb0, 0x0, 0x0, 0x3, 0xf5,
    0x0, 0x0, 0xd, 0xc0, 0x0, 0x0, 0x3, 0xf5,
    0x0, 0x0, 0x1f, 0xf1, 0x0, 0xcf, 0xff, 0xf5,
    0x0, 0x0, 0x9e, 0xea, 0x0, 0x45, 0x57, 0xf5,
    0x0, 0x4, 0xf7, 0x5f, 0x80, 0x0, 0x3, 0xf5,
    0x0, 0x6f, 0xb0, 0x7, 0xfb, 0x30, 0x3, 0xf5,
    0xd, 0xfa, 0x0, 0x0, 0x5e, 0xe0, 0x3, 0xf5,
    0x7, 0x40, 0x0, 0x0, 0x0, 0x20, 0x3, 0xf5,
    0x0, 0x0, 0x31, 0x0, 0x0, 0x0, 0x3, 0xf5,
    0x0, 0x0, 0xf7, 0x0, 0x0, 0x0, 0x3, 0xf4,
    0x0, 0x0, 0xf7, 0x0, 0x0, 0x0, 0x0, 0x0,
    0x0, 0x0, 0xf7, 0x0, 0x0, 0x0, 0x0, 0x0,
    0x0, 0x0, 0xf7, 0x0, 0x0, 0x0, 0x0, 0x0,
    0x0, 0x1, 0xff, 0xff, 0xff, 0xff, 0xff, 0xfd,
    0x0, 0x0, 0x44, 0x44, 0x44, 0x44, 0x44, 0x43,

    /* U+C811 "접" */
    0x0, 0x0, 0x0, 0x0, 0x0, 0x0, 0x3, 0x90,
    0x6, 0x88, 0x88, 0x88, 0x88, 0x50, 0x7, 0xf1,
    0x9, 0xcc, 0xcf, 0xfc, 0xcc, 0x70, 0x7, 0xf1,
    0x0, 0x0, 0xd, 0xc0, 0x0, 0x0, 0x7, 0xf1,
    0x0, 0x0, 0xf, 0xe0, 0x0, 0x55, 0x5a, 0xf1,
    0x0, 0x0, 0x5f, 0xf5, 0x0, 0xef, 0xff, 0xf1,
    0x0, 0x1, 0xda, 0x9e, 0x10, 0x0, 0x7, 0xf1,
    0x0, 0x1c, 0xe1, 0x1d, 0xe3, 0x0, 0x7, 0xf1,
    0x5, 0xee, 0x30, 0x1, 0xcf, 0x90, 0x7, 0xf1,
    0xc, 0xa1, 0x0, 0x0, 0x6, 0x50, 0x6, 0xe1,
    0x0, 0x0, 0x94, 0x0, 0x0, 0x0, 0x3, 0x90,
    0x0, 0x1, 0xf7, 0x0, 0x0, 0x0, 0x7, 0xf1,
    0x0, 0x1, 0xf9, 0x44, 0x44, 0x44, 0x49, 0xf1,
    0x0, 0x1, 0xff, 0xff, 0xff, 0xff, 0xff, 0xf1,
    0x0, 0x1, 0xf7, 0x0, 0x0, 0x0, 0x7, 0xf1,
    0x0, 0x1, 0xf7, 0x0, 0x0, 0x0, 0x7, 0xf1,
    0x0, 0x1, 0xff, 0xff, 0xff, 0xff, 0xff, 0xf1,
    0x0, 0x0, 0x44, 0x44, 0x44, 0x44, 0x44, 0x40,

    /* U+C815 "정" */
    0x0, 0x0, 0x0, 0x0, 0x0, 0x0, 0x5, 0xc0,
    0x5, 0x77, 0x77, 0x77, 0x77, 0x40, 0x7, 0xf1,
    0x9, 0xdd, 0xdf, 0xfd, 0xdd, 0x70, 0x7, 0xf1,
    0x0, 0x0, 0xc, 0xb0, 0x0, 0x0, 0x7, 0xf1,
    0x0, 0x0, 0xe, 0xe0, 0x0, 0x34, 0x49, 0xf1,
    0x0, 0x0, 0x3f, 0xf3, 0x0, 0xff, 0xff, 0xf1,
    0x0, 0x0, 0xcc, 0xbd, 0x0, 0x0, 0x7, 0xf1,
    0x0, 0x9, 0xf3, 0x2f, 0xc1, 0x0, 0x7, 0xf1,
    0x2, 0xbf, 0x60, 0x3, 0xef, 0x70, 0x7, 0xf1,
    0xe, 0xe5, 0x0, 0x0, 0x19, 0x70, 0x7, 0xf1,
    0x3, 0x0, 0x0, 0x0, 0x0, 0x0, 0x4, 0x90,
    0x0, 0x0, 0x4, 0x9c, 0xde, 0xdb, 0x72, 0x0,
    0x0, 0x0, 0xaf, 0xb7, 0x55, 0x58, 0xdf, 0x50,
    0x0, 0x5, 0xf5, 0x0, 0x0, 0x0, 0xa, 0xf0,
    0x0, 0x7, 0xf2, 0x0, 0x0, 0x0, 0x7, 0xf1,
    0x0, 0x2, 0xfc, 0x40, 0x0, 0x1, 0x6f, 0xb0,
    0x0, 0x0, 0x2b, 0xff, 0xed, 0xef, 0xe8, 0x0,
    0x0, 0x0, 0x0, 0x3, 0x55, 0x42, 0x0, 0x0,

    /* U+C81C "제" */
    0x0, 0x0, 0x0, 0x0, 0x0, 0x5, 0x20, 0x8e,
    0x0, 0x0, 0x0, 0x0, 0x0, 0xf, 0x70, 0x8e,
    0x9, 0xbb, 0xbb, 0xbb, 0xb4, 0xf, 0x70, 0x8e,
    0x6, 0x88, 0xcf, 0x88, 0x83, 0xf, 0x70, 0x8e,
    0x0, 0x0, 0x7f, 0x0, 0x0, 0xf, 0x70, 0x8e,
    0x0, 0x0, 0x7f, 0x0, 0x0, 0xf, 0x70, 0x8e,
    0x0, 0x0, 0x8f, 0x10, 0x78, 0x8f, 0x70, 0x8e,
    0x0, 0x0, 0xbf, 0x50, 0xbb, 0xbf, 0x70, 0x8e,
    0x0, 0x0, 0xfe, 0xa0, 0x0, 0xf, 0x70, 0x8e,
    0x0, 0x5, 0xf6, 0xf1, 0x0, 0xf, 0x70, 0x8e,
    0x0, 0xd, 0x90, 0xda, 0x0, 0xf, 0x70, 0x8e,
    0x0, 0x9f, 0x20, 0x4f, 0x80, 0xf, 0x70, 0x8e,
    0x9, 0xf6, 0x0, 0x7, 0xfa, 0xf, 0x70, 0x8e,
    0xc, 0x70, 0x0, 0x0, 0x53, 0xf, 0x70, 0x8e,
    0x0, 0x0, 0x0, 0x0, 0x0, 0xf, 0x70, 0x8e,
    0x0, 0x0, 0x0, 0x0, 0x0, 0xf, 0x70, 0x8e,
    0x0, 0x0, 0x0, 0x0, 0x0, 0xb, 0x40, 0x8e,
    0x0, 0x0, 0x0, 0x0, 0x0, 0x0, 0x0, 0x36,

    /* U+C8FC "주" */
    0x0, 0x6a, 0xaa, 0xaa, 0xaa, 0xaa, 0xaa, 0xa2,
    0x0, 0x6, 0xaa, 0xaa, 0xaf, 0xea, 0xaa, 0xaa,
    0x20, 0x0, 0x0, 0x0, 0x3, 0xfc, 0x0, 0x0,
    0x0, 0x0, 0x0, 0x0, 0x0, 0xbf, 0xf4, 0x0,
    0x0, 0x0, 0x0, 0x0, 0x0, 0x9f, 0x4a, 0xf4,
    0x0, 0x0, 0x0, 0x0, 0x5, 0xdf, 0x50, 0xb,
    0xfa, 0x20, 0x0, 0x0, 0xae, 0xfa, 0x20, 0x0,
    0x6, 0xdf, 0xc6, 0x0, 0x8, 0x72, 0x0, 0x0,
    0x0, 0x0, 0x48, 0x40, 0x0, 0x0, 0x0, 0x0,
    0x0, 0x0, 0x0, 0x0, 0x1, 0xdd, 0xdd, 0xdd,
    0xdd, 0xdd, 0xdd, 0xdd, 0xd9, 0x7, 0x77, 0x77,
    0x77, 0xfb, 0x77, 0x77, 0x77, 0x50, 0x0, 0x0,
    0x0, 0xf, 0x80, 0x0, 0x0, 0x0, 0x0, 0x0,
    0x0, 0x0, 0xf8, 0x0, 0x0, 0x0, 0x0, 0x0,
    0x0, 0x0, 0xf, 0x80, 0x0, 0x0, 0x0, 0x0,
    0x0, 0x0, 0x0, 0xf8, 0x0, 0x0, 0x0, 0x0,
    0x0, 0x0, 0x0, 0xf, 0x80, 0x0, 0x0, 0x0,
    0x0, 0x0, 0x0, 0x0, 0xa5, 0x0, 0x0, 0x0,
    0x0,

    /* U+C911 "중" */
    0x0, 0x23, 0x33, 0x33, 0x33, 0x33, 0x33, 0x30,
    0x0, 0xd, 0xff, 0xff, 0xff, 0xff, 0xff, 0xff,
    0x20, 0x0, 0x1, 0x11, 0x17, 0xfc, 0x11, 0x11,
    0x10, 0x0, 0x0, 0x0, 0x0, 0xde, 0xf4, 0x0,
    0x0, 0x0, 0x0, 0x0, 0x2, 0xcf, 0x2b, 0xf5,
    0x0, 0x0, 0x0, 0x1, 0x5a, 0xfd, 0x30, 0xa,
    0xfc, 0x62, 0x0, 0x2, 0xff, 0xc6, 0x0, 0x0,
    0x4, 0xbf, 0xf7, 0x0, 0x4, 0x10, 0x0, 0x0,
    0x0, 0x0, 0x3, 0x0, 0x28, 0x88, 0x88, 0x88,
    0x88, 0x88, 0x88, 0x88, 0x52, 0xbb, 0xbb, 0xbb,
    0xbf, 0xdb, 0xbb, 0xbb, 0xb6, 0x0, 0x0, 0x0,
    0x1, 0xf6, 0x0, 0x0, 0x0, 0x0, 0x0, 0x0,
    0x36, 0x8f, 0xb7, 0x40, 0x0, 0x0, 0x0, 0x5,
    0xef, 0xca, 0xaa, 0xcf, 0xf7, 0x0, 0x0, 0x2,
    0xfa, 0x10, 0x0, 0x0, 0x7, 0xf5, 0x0, 0x0,
    0x5f, 0x30, 0x0, 0x0, 0x0, 0xf, 0x90, 0x0,
    0x1, 0xed, 0x40, 0x0, 0x0, 0x3b, 0xf4, 0x0,
    0x0, 0x2, 0xaf, 0xfe, 0xde, 0xff, 0xc4, 0x0,
    0x0, 0x0, 0x0, 0x3, 0x45, 0x43, 0x0, 0x0,
    0x0,

    /* U+C989 "즉" */
    0x0, 0x23, 0x33, 0x33, 0x33, 0x33, 0x33, 0x30,
    0x0, 0xd, 0xff, 0xff, 0xff, 0xff, 0xff, 0xff,
    0x40, 0x0, 0x0, 0x0, 0x7, 0xfb, 0x0, 0x0,
    0x0, 0x0, 0x0, 0x0, 0x0, 0xdf, 0xf2, 0x0,
    0x0, 0x0, 0x0, 0x0, 0x1, 0xcf, 0x3d, 0xe4,
    0x0, 0x0, 0x0, 0x0, 0x38, 0xfe, 0x30, 0x1b,
    0xfb, 0x50, 0x0, 0x2, 0xff, 0xe8, 0x10, 0x0,
    0x5, 0xcf, 0xf9, 0x0, 0x6, 0x30, 0x0, 0x0,
    0x0, 0x0, 0x15, 0x20, 0x4, 0x44, 0x44, 0x44,
    0x44, 0x44, 0x44, 0x44, 0x31, 0xff, 0xff, 0xff,
    0xff, 0xff, 0xff, 0xff, 0xfc, 0x0, 0x0, 0x0,
    0x0, 0x0, 0x0, 0x0, 0x0, 0x0, 0x2, 0x44,
    0x44, 0x44, 0x44, 0x44, 0x43, 0x0, 0x0, 0x8f,
    0xff, 0xff, 0xff, 0xff, 0xff, 0xb0, 0x0, 0x0,
    0x0, 0x0, 0x0, 0x0, 0x0, 0xeb, 0x0, 0x0,
    0x0, 0x0, 0x0, 0x0, 0x0, 0xe, 0xb0, 0x0,
    0x0, 0x0, 0x0, 0x0, 0x0, 0x0, 0xeb, 0x0,
    0x0, 0x0, 0x0, 0x0, 0x0, 0x0, 0xe, 0xb0,
    0x0, 0x0, 0x0, 0x0, 0x0, 0x0, 0x0, 0x87,
    0x0,

    /* U+C9C0 "지" */
    0x0, 0x0, 0x0, 0x0, 0x0, 0x0, 0x6, 0xf1,
    0x0, 0x0, 0x0, 0x0, 0x0, 0x0, 0x7, 0xf1,
    0x8, 0xff, 0xff, 0xff, 0xff, 0xf2, 0x7, 0xf1,
    0x2, 0x44, 0x49, 0xf5, 0x44, 0x40, 0x7, 0xf1,
    0x0, 0x0, 0x6, 0xf2, 0x0, 0x0, 0x7, 0xf1,
    0x0, 0x0, 0x6, 0xf2, 0x0, 0x0, 0x7, 0xf1,
    0x0, 0x0, 0x7, 0xf3, 0x0, 0x0, 0x7, 0xf1,
    0x0, 0x0, 0xb, 0xf7, 0x0, 0x0, 0x7, 0xf1,
    0x0, 0x0, 0x1f, 0xed, 0x0, 0x0, 0x7, 0xf1,
    0x0, 0x0, 0x9e, 0x3f, 0x60, 0x0, 0x7, 0xf1,
    0x0, 0x4, 0xf7, 0x9, 0xf3, 0x0, 0x7, 0xf1,
    0x0, 0x3f, 0xc0, 0x0, 0xde, 0x40, 0x7, 0xf1,
    0x6, 0xfd, 0x10, 0x0, 0x1c, 0xf6, 0x7, 0xf1,
    0xa, 0xb1, 0x0, 0x0, 0x0, 0x71, 0x7, 0xf1,
    0x0, 0x0, 0x0, 0x0, 0x0, 0x0, 0x7, 0xf1,
    0x0, 0x0, 0x0, 0x0, 0x0, 0x0, 0x7, 0xf1,
    0x0, 0x0, 0x0, 0x0, 0x0, 0x0, 0x7, 0xf1,
    0x0, 0x0, 0x0, 0x0, 0x0, 0x0, 0x2, 0x60,

    /* U+CCAD "청" */
    0x0, 0x0, 0xc, 0x90, 0x0, 0x0, 0x5, 0xc1,
    0x0, 0x0, 0xe, 0xa0, 0x0, 0x0, 0x7, 0xf1,
    0x8, 0xaa, 0xaf, 0xea, 0xaa, 0x50, 0x7, 0xf1,
    0x7, 0x99, 0x9f, 0xd9, 0x99, 0x50, 0x7, 0xf1,
    0x0, 0x0, 0xe, 0xb0, 0x0, 0x0, 0x7, 0xf1,
    0x0, 0x0, 0x2f, 0xf1, 0x0, 0xff, 0xff, 0xf1,
    0x0, 0x0, 0xbd, 0xea, 0x0, 0x55, 0x5a, 0xf1,
    0x0, 0x8, 0xf4, 0x4f, 0xa1, 0x0, 0x7, 0xf1,
    0x2, 0xbf, 0x70, 0x5, 0xfe, 0x80, 0x7, 0xf1,
    0xe, 0xd4, 0x0, 0x0, 0x18, 0x70, 0x7, 0xf1,
    0x2, 0x0, 0x0, 0x0, 0x0, 0x0, 0x4, 0x90,
    0x0, 0x0, 0x3, 0x8b, 0xdd, 0xdb, 0x71, 0x0,
    0x0, 0x0, 0xaf, 0xb7, 0x55, 0x68, 0xdf, 0x60,
    0x0, 0x5, 0xf5, 0x0, 0x0, 0x0, 0xa, 0xf0,
    0x0, 0x7, 0xf1, 0x0, 0x0, 0x0, 0x6, 0xf1,
    0x0, 0x2, 0xfc, 0x40, 0x0, 0x1, 0x6e, 0xc0,
    0x0, 0x0, 0x3b, 0xff, 0xed, 0xef, 0xf9, 0x10,
    0x0, 0x0, 0x0, 0x13, 0x55, 0x53, 0x0, 0x0,

    /* U+CCB4 "체" */
    0x0, 0x0, 0x11, 0x0, 0x0, 0x34, 0x0, 0xe8,
    0x0, 0x0, 0xac, 0x0, 0x0, 0x9d, 0x0, 0xe8,
    0x0, 0x0, 0xac, 0x0, 0x0, 0x9d, 0x0, 0xe8,
    0x8, 0x99, 0xde, 0x99, 0x90, 0x9d, 0x0, 0xe8,
    0xa, 0xbb, 0xef, 0xbb, 0xb0, 0x9d, 0x0, 0xe8,
    0x0, 0x0, 0xac, 0x0, 0x0, 0x9d, 0x0, 0xe8,
    0x0, 0x0, 0xbd, 0x0, 0x0, 0x9d, 0x0, 0xe8,
    0x0, 0x0, 0xdf, 0x4, 0xee, 0xfd, 0x0, 0xe8,
    0x0, 0x2, 0xff, 0x52, 0x66, 0xcd, 0x0, 0xe8,
    0x0, 0x8, 0xda, 0xb0, 0x0, 0x9d, 0x0, 0xe8,
    0x0, 0x2f, 0x73, 0xf5, 0x0, 0x9d, 0x0, 0xe8,
    0x0, 0xcd, 0x0, 0xaf, 0x40, 0x9d, 0x0, 0xe8,
    0x1c, 0xf3, 0x0, 0xc, 0xf3, 0x9d, 0x0, 0xe8,
    0x1c, 0x40, 0x0, 0x0, 0x60, 0x9d, 0x0, 0xe8,
    0x0, 0x0, 0x0, 0x0, 0x0, 0x9d, 0x0, 0xe8,
    0x0, 0x0, 0x0, 0x0, 0x0, 0x9d, 0x0, 0xe8,
    0x0, 0x0, 0x0, 0x0, 0x0, 0x69, 0x0, 0xe8,
    0x0, 0x0, 0x0, 0x0, 0x0, 0x0, 0x0, 0x63,

    /* U+CD9C "출" */
    0x0, 0x0, 0x0, 0x1, 0xe5, 0x0, 0x0, 0x0,
    0x0, 0x2, 0x44, 0x44, 0x4f, 0x94, 0x44, 0x43,
    0x0, 0x0, 0xbf, 0xff, 0xff, 0xff, 0xff, 0xff,
    0xd0, 0x0, 0x0, 0x0, 0x0, 0x6f, 0xc0, 0x0,
    0x0, 0x0, 0x0, 0x0, 0x0, 0x7f, 0x9f, 0xa1,
    0x0, 0x0, 0x0, 0x14, 0x6a, 0xee, 0x60, 0x3c,
    0xfb, 0x74, 0x20, 0x3, 0xfc, 0x95, 0x0, 0x0,
    0x3, 0x8c, 0xe6, 0x0, 0x33, 0x33, 0x33, 0x33,
    0x33, 0x33, 0x33, 0x31, 0x3f, 0xff, 0xff, 0xff,
    0xff, 0xff, 0xff, 0xff, 0x90, 0x0, 0x0, 0x0,
    0x1f, 0x60, 0x0, 0x0, 0x0, 0x0, 0x0, 0x0,
    0x1, 0xf6, 0x0, 0x0, 0x0, 0x0, 0x7, 0xff,
    0xff, 0xff, 0xff, 0xff, 0xf7, 0x0, 0x0, 0x12,
    0x22, 0x22, 0x22, 0x22, 0x3f, 0x70, 0x0, 0x5,
    0xcc, 0xcc, 0xcc, 0xcc, 0xcd, 0xf7, 0x0, 0x0,
    0x7f, 0x54, 0x44, 0x44, 0x44, 0x44, 0x20, 0x0,
    0x7, 0xf1, 0x0, 0x0, 0x0, 0x0, 0x0, 0x0,
    0x0, 0x7f, 0xdc, 0xcc, 0xcc, 0xcc, 0xcc, 0xc0,
    0x0, 0x2, 0x66, 0x66, 0x66, 0x66, 0x66, 0x66,
    0x0,

    /* U+CE21 "측" */
    0x0, 0x0, 0x0, 0x1, 0xd4, 0x0, 0x0, 0x0,
    0x0, 0x1, 0x22, 0x22, 0x4f, 0x72, 0x22, 0x22,
    0x0, 0x0, 0xaf, 0xff, 0xff, 0xff, 0xff, 0xff,
    0xe0, 0x0, 0x0, 0x0, 0x0, 0x5f, 0x90, 0x0,
    0x0, 0x0, 0x0, 0x0, 0x0, 0xd, 0xff, 0x20,
    0x0, 0x0, 0x0, 0x0, 0x0, 0x3d, 0xe2, 0xce,
    0x60, 0x0, 0x0, 0x1, 0x58, 0xdf, 0xb1, 0x0,
    0x9f, 0xea, 0x63, 0x0, 0xe, 0xc8, 0x20, 0x0,
    0x0, 0x17, 0xbe, 0x50, 0x0, 0x0, 0x0, 0x0,
    0x0, 0x0, 0x0, 0x0, 0x1, 0xff, 0xff, 0xff,
    0xff, 0xff, 0xff, 0xff, 0xfc, 0x3, 0x33, 0x33,
    0x33, 0x33, 0x33, 0x33, 0x33, 0x20, 0x0, 0x0,
    0x0, 0x0, 0x0, 0x0, 0x0, 0x0, 0x0, 0x8f,
    0xff, 0xff, 0xff, 0xff, 0xff, 0x80, 0x0, 0x2,
    0x44, 0x44, 0x44, 0x44, 0x44, 0xf9, 0x0, 0x0,
    0x0, 0x0, 0x0, 0x0, 0x0, 0xf, 0x90, 0x0,
    0x0, 0x0, 0x0, 0x0, 0x0, 0x0, 0xf9, 0x0,
    0x0, 0x0, 0x0, 0x0, 0x0, 0x0, 0xf, 0x90,
    0x0, 0x0, 0x0, 0x0, 0x0, 0x0, 0x0, 0x84,
    0x0,

    /* U+D0DC "태" */
    0x0, 0x0, 0x0, 0x0, 0x6, 0x60, 0xd, 0x80,
    0x0, 0x0, 0x0, 0x0, 0xcb, 0x0, 0xe9, 0x9f,
    0xff, 0xff, 0xf4, 0xc, 0xb0, 0xe, 0x99, 0xe4,
    0x44, 0x44, 0x10, 0xcb, 0x0, 0xe9, 0x9e, 0x0,
    0x0, 0x0, 0xc, 0xb0, 0xe, 0x99, 0xe0, 0x0,
    0x0, 0x0, 0xcb, 0x0, 0xe9, 0x9e, 0x55, 0x55,
    0x50, 0xc, 0xb0, 0xe, 0x99, 0xfe, 0xee, 0xee,
    0x0, 0xcf, 0xff, 0xf9, 0x9e, 0x0, 0x0, 0x0,
    0xc, 0xd5, 0x5f, 0x99, 0xe0, 0x0, 0x0, 0x0,
    0xcb, 0x0, 0xe9, 0x9e, 0x0, 0x0, 0x0, 0xc,
    0xb0, 0xe, 0x99, 0xe0, 0x0, 0x2, 0x40, 0xcb,
    0x0, 0xe9, 0xaf, 0xef, 0xff, 0xff, 0xc, 0xb0,
    0xe, 0x93, 0x66, 0x55, 0x42, 0x0, 0xcb, 0x0,
    0xe9, 0x0, 0x0, 0x0, 0x0, 0xc, 0xb0, 0xe,
    0x90, 0x0, 0x0, 0x0, 0x0, 0xcb, 0x0, 0xe9,
    0x0, 0x0, 0x0, 0x0, 0x6, 0x60, 0xe, 0x90,
    0x0, 0x0, 0x0, 0x0, 0x0, 0x0, 0x64,

    /* U+D1B5 "통" */
    0x0, 0x4, 0x44, 0x44, 0x44, 0x44, 0x44, 0x20,
    0x0, 0x3, 0xff, 0xff, 0xff, 0xff, 0xff, 0xf8,
    0x0, 0x0, 0x3f, 0x50, 0x0, 0x0, 0x0, 0x0,
    0x0, 0x0, 0x3, 0xf7, 0x33, 0x33, 0x33, 0x33,
    0x30, 0x0, 0x0, 0x3f, 0xff, 0xff, 0xff, 0xff,
    0xff, 0x10, 0x0, 0x3, 0xf5, 0x0, 0x0, 0x0,
    0x0, 0x0, 0x0, 0x0, 0x3f, 0xa7, 0x77, 0x77,
    0x77, 0x77, 0x50, 0x0, 0x2, 0xbb, 0xbb, 0xbf,
    0xdb, 0xbb, 0xb8, 0x0, 0x0, 0x0, 0x0, 0x1,
    0xf7, 0x0, 0x0, 0x0, 0x2, 0x99, 0x99, 0x99,
    0x9f, 0xc9, 0x99, 0x99, 0x95, 0x2b, 0xbb, 0xbb,
    0xbb, 0xbb, 0xbb, 0xbb, 0xbb, 0x60, 0x0, 0x0,
    0x0, 0x0, 0x0, 0x0, 0x0, 0x0, 0x0, 0x0,
    0x7b, 0xef, 0xff, 0xec, 0x81, 0x0, 0x0, 0x1,
    0xde, 0x74, 0x22, 0x24, 0x6c, 0xf3, 0x0, 0x0,
    0x5f, 0x30, 0x0, 0x0, 0x0, 0xf, 0x90, 0x0,
    0x2, 0xfa, 0x20, 0x0, 0x0, 0x28, 0xf5, 0x0,
    0x0, 0x4, 0xcf, 0xfe, 0xde, 0xff, 0xd6, 0x0,
    0x0, 0x0, 0x0, 0x3, 0x45, 0x43, 0x10, 0x0,
    0x0,

    /* U+D53C "피" */
    0x0, 0x0, 0x0, 0x0, 0x0, 0x0, 0x7, 0xf0,
    0x0, 0x0, 0x0, 0x0, 0x0, 0x0, 0x8, 0xf0,
    0xc, 0xee, 0xee, 0xee, 0xee, 0xe0, 0x8, 0xf0,
    0x5, 0x6f, 0xb6, 0x6a, 0xf6, 0x60, 0x8, 0xf0,
    0x0, 0xe, 0x90, 0x7, 0xf1, 0x0, 0x8, 0xf0,
    0x0, 0xe, 0x90, 0x7, 0xf1, 0x0, 0x8, 0xf0,
    0x0, 0xe, 0x90, 0x7, 0xf1, 0x0, 0x8, 0xf0,
    0x0, 0xe, 0x90, 0x7, 0xf1, 0x0, 0x8, 0xf0,
    0x0, 0xe, 0x90, 0x7, 0xf1, 0x0, 0x8, 0xf0,
    0x0, 0xe, 0x90, 0x7, 0xf1, 0x0, 0x8, 0xf0,
    0x0, 0xe, 0x90, 0x7, 0xf1, 0x0, 0x8, 0xf0,
    0x0, 0xf, 0xa1, 0x28, 0xf5, 0x67, 0x8, 0xf0,
    0x4f, 0xff, 0xff, 0xff, 0xff, 0xdb, 0x8, 0xf0,
    0x4, 0x43, 0x33, 0x21, 0x0, 0x0, 0x8, 0xf0,
    0x0, 0x0, 0x0, 0x0, 0x0, 0x0, 0x8, 0xf0,
    0x0, 0x0, 0x0, 0x0, 0x0, 0x0, 0x8, 0xf0,
    0x0, 0x0, 0x0, 0x0, 0x0, 0x0, 0x8, 0xf0,
    0x0, 0x0, 0x0, 0x0, 0x0, 0x0, 0x3, 0x60,

    /* U+D558 "하" */
    0x0, 0x0, 0x8, 0x50, 0x0, 0x0, 0x49, 0x0,
    0x0, 0x0, 0x0, 0xe9, 0x0, 0x0, 0x8, 0xf0,
    0x0, 0x0, 0x0, 0xe, 0x90, 0x0, 0x0, 0x8f,
    0x0, 0x6, 0xff, 0xff, 0xff, 0xff, 0xfe, 0x8,
    0xf0, 0x0, 0x14, 0x44, 0x44, 0x44, 0x44, 0x40,
    0x8f, 0x0, 0x0, 0x0, 0x0, 0x21, 0x0, 0x0,
    0x8, 0xf0, 0x0, 0x0, 0x8, 0xff, 0xfe, 0x50,
    0x0, 0x8f, 0x0, 0x0, 0xa, 0xf8, 0x44, 0xbf,
    0x50, 0x8, 0xf6, 0x65, 0x2, 0xf7, 0x0, 0x0,
    0xbe, 0x0, 0x8f, 0xee, 0xc0, 0x5f, 0x10, 0x0,
    0x6, 0xf1, 0x8, 0xf0, 0x0, 0x5, 0xf2, 0x0,
    0x0, 0x6f, 0x10, 0x8f, 0x0, 0x0, 0x1f, 0x90,
    0x0, 0xd, 0xc0, 0x8, 0xf0, 0x0, 0x0, 0x6f,
    0xc7, 0x8e, 0xe2, 0x0, 0x8f, 0x0, 0x0, 0x0,
    0x3a, 0xdc, 0x91, 0x0, 0x8, 0xf0, 0x0, 0x0,
    0x0, 0x0, 0x0, 0x0, 0x0, 0x8f, 0x0, 0x0,
    0x0, 0x0, 0x0, 0x0, 0x0, 0x8, 0xf0, 0x0,
    0x0, 0x0, 0x0, 0x0, 0x0, 0x0, 0x8f, 0x0,
    0x0, 0x0, 0x0, 0x0, 0x0, 0x0, 0x6, 0xc0,
    0x0,

    /* U+D574 "해" */
    0x0, 0x0, 0x32, 0x0, 0x0, 0x22, 0x0, 0xa4,
    0x0, 0x0, 0xe9, 0x0, 0x0, 0xca, 0x0, 0xf7,
    0x0, 0x0, 0xe9, 0x0, 0x0, 0xca, 0x0, 0xf7,
    0x6c, 0xcc, 0xfe, 0xcc, 0xc2, 0xca, 0x0, 0xf7,
    0x47, 0x77, 0x77, 0x77, 0x71, 0xca, 0x0, 0xf7,
    0x0, 0x0, 0x43, 0x0, 0x0, 0xca, 0x0, 0xf7,
    0x0, 0x6f, 0xff, 0xf5, 0x0, 0xca, 0x0, 0xf7,
    0x3, 0xf9, 0x12, 0xaf, 0x30, 0xcc, 0x55, 0xf7,
    0xa, 0xd0, 0x0, 0xd, 0x90, 0xcf, 0xff, 0xf7,
    0xc, 0x90, 0x0, 0xa, 0xc0, 0xca, 0x0, 0xf7,
    0xa, 0xc0, 0x0, 0xc, 0xa0, 0xca, 0x0, 0xf7,
    0x4, 0xf6, 0x0, 0x6f, 0x40, 0xca, 0x0, 0xf7,
    0x0, 0x8f, 0xee, 0xf8, 0x0, 0xca, 0x0, 0xf7,
    0x0, 0x3, 0x77, 0x20, 0x0, 0xca, 0x0, 0xf7,
    0x0, 0x0, 0x0, 0x0, 0x0, 0xca, 0x0, 0xf7,
    0x0, 0x0, 0x0, 0x0, 0x0, 0xca, 0x0, 0xf7,
    0x0, 0x0, 0x0, 0x0, 0x0, 0xa9, 0x0, 0xf7,
    0x0, 0x0, 0x0, 0x0, 0x0, 0x0, 0x0, 0xb5,

    /* U+D589 "행" */
    0x0, 0x0, 0x69, 0x0, 0x0, 0x54, 0x0, 0xc6,
    0x0, 0x0, 0xae, 0x0, 0x0, 0xcb, 0x0, 0xf7,
    0x4b, 0xbb, 0xef, 0xbb, 0xb5, 0xcb, 0x0, 0xf7,
    0x38, 0x88, 0x88, 0x88, 0x84, 0xcb, 0x0, 0xf7,
    0x0, 0x4, 0x78, 0x50, 0x0, 0xcb, 0x0, 0xf7,
    0x0, 0xbf, 0xaa, 0xee, 0x20, 0xcf, 0xff, 0xf7,
    0x6, 0xf2, 0x0, 0xd, 0xa0, 0xcc, 0x33, 0xf7,
    0x9, 0xc0, 0x0, 0x9, 0xd0, 0xcb, 0x0, 0xf7,
    0x5, 0xf5, 0x0, 0x2e, 0x90, 0xcb, 0x0, 0xf7,
    0x0, 0x8f, 0xee, 0xfb, 0x0, 0xcb, 0x0, 0xf7,
    0x0, 0x1, 0x44, 0x10, 0x0, 0x76, 0x0, 0xf7,
    0x0, 0x0, 0x0, 0x2, 0x45, 0x53, 0x10, 0x31,
    0x0, 0x0, 0x19, 0xff, 0xee, 0xef, 0xfd, 0x50,
    0x0, 0x0, 0xce, 0x50, 0x0, 0x0, 0x2a, 0xf4,
    0x0, 0x0, 0xf7, 0x0, 0x0, 0x0, 0x0, 0xf8,
    0x0, 0x0, 0xce, 0x50, 0x0, 0x0, 0x2a, 0xf4,
    0x0, 0x0, 0x19, 0xff, 0xed, 0xef, 0xfc, 0x40,
    0x0, 0x0, 0x0, 0x2, 0x45, 0x43, 0x10, 0x0,

    /* U+D5D8 "험" */
    0x0, 0x0, 0xb, 0x60, 0x0, 0x0, 0x6, 0x80,
    0x0, 0x0, 0xf8, 0x0, 0x0, 0x0, 0xae, 0x4f,
    0xff, 0xff, 0xff, 0xff, 0xd0, 0xa, 0xe1, 0x44,
    0x44, 0x44, 0x44, 0x44, 0x0, 0xae, 0x0, 0x3,
    0x9b, 0xa7, 0x10, 0x0, 0xa, 0xe0, 0x7, 0xfc,
    0x9a, 0xee, 0x23, 0x55, 0xce, 0x1, 0xf8, 0x0,
    0x1, 0xeb, 0x9f, 0xff, 0xe0, 0x3f, 0x40, 0x0,
    0xb, 0xc0, 0x0, 0xae, 0x0, 0xec, 0x10, 0x5,
    0xf8, 0x0, 0xa, 0xe0, 0x2, 0xdf, 0xef, 0xf9,
    0x0, 0x0, 0xae, 0x0, 0x0, 0x24, 0x41, 0x0,
    0x0, 0x9, 0xc0, 0x0, 0x14, 0x44, 0x44, 0x44,
    0x44, 0x43, 0x0, 0x4, 0xff, 0xff, 0xff, 0xff,
    0xff, 0xe0, 0x0, 0x4f, 0x40, 0x0, 0x0, 0x0,
    0xae, 0x0, 0x4, 0xf4, 0x0, 0x0, 0x0, 0xa,
    0xe0, 0x0, 0x4f, 0x40, 0x0, 0x0, 0x0, 0xae,
    0x0, 0x4, 0xff, 0xff, 0xff, 0xff, 0xff, 0xe0,
    0x0, 0x14, 0x44, 0x44, 0x44, 0x44, 0x44,

    /* U+D604 "현" */
    0x0, 0x0, 0xf, 0x70, 0x0, 0x0, 0x9, 0xd0,
    0x0, 0x0, 0x1f, 0x70, 0x0, 0x0, 0xa, 0xe0,
    0x3d, 0xdd, 0xdf, 0xed, 0xdd, 0x70, 0xa, 0xe0,
    0x27, 0x77, 0x77, 0x77, 0x77, 0x30, 0xa, 0xe0,
    0x0, 0x0, 0x57, 0x62, 0x0, 0x12, 0x2b, 0xe0,
    0x0, 0x4e, 0xfc, 0xef, 0x90, 0xaf, 0xff, 0xe0,
    0x0, 0xeb, 0x10, 0x6, 0xf5, 0x12, 0x2b, 0xe0,
    0x3, 0xf3, 0x0, 0x0, 0xda, 0x0, 0xa, 0xe0,
    0x2, 0xf4, 0x0, 0x0, 0xe9, 0x58, 0x8d, 0xe0,
    0x0, 0xcd, 0x40, 0x2a, 0xf3, 0x7c, 0xce, 0xe0,
    0x0, 0x1b, 0xff, 0xfe, 0x50, 0x0, 0xa, 0xe0,
    0x0, 0x0, 0x13, 0x20, 0x0, 0x0, 0xa, 0xe0,
    0x0, 0x1, 0x93, 0x0, 0x0, 0x0, 0xa, 0xe0,
    0x0, 0x2, 0xf6, 0x0, 0x0, 0x0, 0x4, 0x60,
    0x0, 0x2, 0xf6, 0x0, 0x0, 0x0, 0x0, 0x0,
    0x0, 0x2, 0xf6, 0x0, 0x0, 0x0, 0x0, 0x0,
    0x0, 0x3, 0xff, 0xff, 0xff, 0xff, 0xff, 0xf4,
    0x0, 0x0, 0x44, 0x44, 0x44, 0x44, 0x44, 0x41,

    /* U+D654 "화" */
    0x0, 0x0, 0x8, 0xd0, 0x0, 0x0, 0x8e, 0x0,
    0x0, 0x0, 0x0, 0x9e, 0x0, 0x0, 0x8, 0xf0,
    0x0, 0x1c, 0xcc, 0xce, 0xfc, 0xcc, 0xc4, 0x8f,
    0x0, 0x0, 0x77, 0x77, 0x77, 0x77, 0x77, 0x28,
    0xf0, 0x0, 0x0, 0x0, 0x14, 0x42, 0x0, 0x0,
    0x8f, 0x0, 0x0, 0x1, 0xbf, 0xee, 0xfc, 0x20,
    0x8, 0xf0, 0x0, 0x0, 0xbe, 0x30, 0x2, 0xdd,
    0x0, 0x8f, 0x0, 0x0, 0xf, 0x60, 0x0, 0x5,
    0xf2, 0x8, 0xf5, 0x54, 0x0, 0xf8, 0x0, 0x0,
    0x6f, 0x10, 0x8f, 0xff, 0xb0, 0x8, 0xf8, 0x43,
    0x7f, 0xa0, 0x8, 0xf0, 0x0, 0x0, 0x6, 0xcf,
    0xfd, 0x70, 0x0, 0x8f, 0x0, 0x0, 0x0, 0x0,
    0x9e, 0x0, 0x0, 0x8, 0xf0, 0x0, 0x0, 0x0,
    0x9, 0xe0, 0x23, 0x54, 0x8f, 0x0, 0x4, 0xee,
    0xef, 0xff, 0xff, 0xfe, 0x88, 0xf0, 0x0, 0x16,
    0x66, 0x54, 0x43, 0x10, 0x0, 0x8f, 0x0, 0x0,
    0x0, 0x0, 0x0, 0x0, 0x0, 0x8, 0xf0, 0x0,
    0x0, 0x0, 0x0, 0x0, 0x0, 0x0, 0x8f, 0x0,
    0x0, 0x0, 0x0, 0x0, 0x0, 0x0, 0x5, 0xa0,
    0x0,

    /* U+D655 "확" */
    0x0, 0x0, 0x7, 0xa0, 0x0, 0x0, 0x49, 0x0,
    0x0, 0x0, 0x0, 0x9e, 0x0, 0x0, 0x7, 0xf1,
    0x0, 0xe, 0xff, 0xff, 0xff, 0xff, 0xf2, 0x7f,
    0x10, 0x0, 0x22, 0x23, 0x55, 0x32, 0x22, 0x7,
    0xf1, 0x0, 0x0, 0x1a, 0xff, 0xff, 0xb3, 0x0,
    0x7f, 0x10, 0x0, 0xc, 0xd2, 0x0, 0x1b, 0xe0,
    0x7, 0xf6, 0x53, 0x0, 0xf8, 0x0, 0x0, 0x6f,
    0x10, 0x7f, 0xff, 0xa0, 0x8, 0xf8, 0x54, 0x7e,
    0xb0, 0x7, 0xf1, 0x0, 0x0, 0x4, 0xae, 0xfa,
    0x60, 0x0, 0x7f, 0x10, 0x0, 0x0, 0x0, 0x9e,
    0x0, 0x24, 0x37, 0xf1, 0x0, 0x3d, 0xdd, 0xdf,
    0xff, 0xff, 0xe8, 0x7f, 0x10, 0x1, 0x66, 0x65,
    0x54, 0x32, 0x0, 0x7, 0xf1, 0x0, 0x0, 0x14,
    0x44, 0x44, 0x44, 0x44, 0x45, 0x0, 0x0, 0x6,
    0xff, 0xff, 0xff, 0xff, 0xff, 0xf1, 0x0, 0x0,
    0x0, 0x0, 0x0, 0x0, 0x0, 0x7f, 0x10, 0x0,
    0x0, 0x0, 0x0, 0x0, 0x0, 0x7, 0xf1, 0x0,
    0x0, 0x0, 0x0, 0x0, 0x0, 0x0, 0x7f, 0x10,
    0x0, 0x0, 0x0, 0x0, 0x0, 0x0, 0x4, 0x90,
    0x0,

    /* U+D669 "황" */
    0x0, 0x0, 0x1, 0x10, 0x0, 0x0, 0x0, 0x0,
    0x0, 0x0, 0x0, 0x9e, 0x0, 0x0, 0x2, 0x92,
    0x0, 0x6, 0x77, 0x7c, 0xf7, 0x77, 0x71, 0x4f,
    0x40, 0x0, 0x9b, 0xbb, 0xbb, 0xbb, 0xbb, 0x14,
    0xf4, 0x0, 0x0, 0x0, 0x57, 0x75, 0x10, 0x0,
    0x4f, 0x40, 0x0, 0x4, 0xff, 0xdc, 0xff, 0x60,
    0x4, 0xf4, 0x0, 0x0, 0xec, 0x10, 0x0, 0x9f,
    0x10, 0x4f, 0x85, 0x40, 0xe, 0x90, 0x0, 0x6,
    0xf1, 0x4, 0xff, 0xfd, 0x0, 0x5f, 0xb8, 0x8b,
    0xf7, 0x0, 0x4f, 0x40, 0x0, 0x0, 0x16, 0xdf,
    0x72, 0x0, 0x4, 0xf4, 0x0, 0x0, 0x0, 0x9,
    0xe0, 0x13, 0x55, 0x4f, 0x40, 0x3, 0xee, 0xee,
    0xff, 0xff, 0xfd, 0x84, 0xf4, 0x0, 0x5, 0x55,
    0x44, 0x32, 0x10, 0x0, 0x4f, 0x40, 0x0, 0x0,
    0x3, 0x8b, 0xdd, 0xdc, 0x96, 0x30, 0x0, 0x0,
    0x8, 0xfb, 0x75, 0x44, 0x69, 0xfc, 0x0, 0x0,
    0x0, 0xfa, 0x0, 0x0, 0x0, 0x4, 0xf5, 0x0,
    0x0, 0xd, 0xd4, 0x0, 0x0, 0x2, 0xaf, 0x20,
    0x0, 0x0, 0x2a, 0xff, 0xdd, 0xdf, 0xfc, 0x40,
    0x0, 0x0, 0x0, 0x0, 0x34, 0x55, 0x31, 0x0,
    0x0, 0x0
};


/*---------------------
 *  GLYPH DESCRIPTION
 *--------------------*/

static const lv_font_fmt_txt_glyph_dsc_t glyph_dsc[] = {
    {.bitmap_index = 0, .adv_w = 0, .box_w = 0, .box_h = 0, .ofs_x = 0, .ofs_y = 0} /* id = 0 reserved */,
    {.bitmap_index = 0, .adv_w = 80, .box_w = 0, .box_h = 0, .ofs_x = 0, .ofs_y = 0},
    {.bitmap_index = 0, .adv_w = 82, .box_w = 3, .box_h = 14, .ofs_x = 1, .ofs_y = 0},
    {.bitmap_index = 21, .adv_w = 121, .box_w = 6, .box_h = 5, .ofs_x = 1, .ofs_y = 9},
    {.bitmap_index = 36, .adv_w = 192, .box_w = 12, .box_h = 14, .ofs_x = 0, .ofs_y = 0},
    {.bitmap_index = 120, .adv_w = 194, .box_w = 12, .box_h = 19, .ofs_x = 0, .ofs_y = -2},
    {.bitmap_index = 234, .adv_w = 276, .box_w = 15, .box_h = 14, .ofs_x = 1, .ofs_y = 0},
    {.bitmap_index = 339, .adv_w = 195, .box_w = 13, .box_h = 14, .ofs_x = 0, .ofs_y = 0},
    {.bitmap_index = 430, .adv_w = 64, .box_w = 2, .box_h = 5, .ofs_x = 1, .ofs_y = 9},
    {.bitmap_index = 435, .adv_w = 109, .box_w = 6, .box_h = 19, .ofs_x = 1, .ofs_y = -4},
    {.bitmap_index = 492, .adv_w = 109, .box_w = 6, .box_h = 19, .ofs_x = 0, .ofs_y = -4},
    {.bitmap_index = 549, .adv_w = 151, .box_w = 9, .box_h = 9, .ofs_x = 0, .ofs_y = 5},
    {.bitmap_index = 590, .adv_w = 201, .box_w = 10, .box_h = 10, .ofs_x = 1, .ofs_y = 1},
    {.bitmap_index = 640, .adv_w = 83, .box_w = 4, .box_h = 6, .ofs_x = 0, .ofs_y = -4},
    {.bitmap_index = 652, .adv_w = 138, .box_w = 7, .box_h = 2, .ofs_x = 1, .ofs_y = 5},
    {.bitmap_index = 659, .adv_w = 81, .box_w = 3, .box_h = 3, .ofs_x = 1, .ofs_y = 0},
    {.bitmap_index = 664, .adv_w = 107, .box_w = 7, .box_h = 18, .ofs_x = 0, .ofs_y = -2},
    {.bitmap_index = 727, .adv_w = 191, .box_w = 10, .box_h = 14, .ofs_x = 1, .ofs_y = 0},
    {.bitmap_index = 797, .adv_w = 140, .box_w = 6, .box_h = 14, .ofs_x = 1, .ofs_y = 0},
    {.bitmap_index = 839, .adv_w = 188, .box_w = 10, .box_h = 14, .ofs_x = 1, .ofs_y = 0},
    {.bitmap_index = 909, .adv_w = 198, .box_w = 11, .box_h = 14, .ofs_x = 1, .ofs_y = 0},
    {.bitmap_index = 986, .adv_w = 200, .box_w = 12, .box_h = 14, .ofs_x = 0, .ofs_y = 0},
    {.bitmap_index = 1070, .adv_w = 191, .box_w = 10, .box_h = 14, .ofs_x = 1, .ofs_y = 0},
    {.bitmap_index = 1140, .adv_w = 196, .box_w = 11, .box_h = 14, .ofs_x = 1, .ofs_y = 0},
    {.bitmap_index = 1217, .adv_w = 177, .box_w = 11, .box_h = 14, .ofs_x = 0, .ofs_y = 0},
    {.bitmap_index = 1294, .adv_w = 194, .box_w = 11, .box_h = 14, .ofs_x = 1, .ofs_y = 0},
    {.bitmap_index = 1371, .adv_w = 196, .box_w = 11, .box_h = 14, .ofs_x = 1, .ofs_y = 0},
    {.bitmap_index = 1448, .adv_w = 81, .box_w = 3, .box_h = 11, .ofs_x = 1, .ofs_y = 0},
    {.bitmap_index = 1465, .adv_w = 81, .box_w = 4, .box_h = 15, .ofs_x = 0, .ofs_y = -4},
    {.bitmap_index = 1495, .adv_w = 201, .box_w = 10, .box_h = 11, .ofs_x = 1, .ofs_y = 0},
    {.bitmap_index = 1550, .adv_w = 201, .box_w = 9, .box_h = 6, .ofs_x = 2, .ofs_y = 3},
    {.bitmap_index = 1577, .adv_w = 201, .box_w = 10, .box_h = 11, .ofs_x = 1, .ofs_y = 0},
    {.bitmap_index = 1632, .adv_w = 153, .box_w = 9, .box_h = 14, .ofs_x = 0, .ofs_y = 0},
    {.bitmap_index = 1695, .adv_w = 282, .box_w = 16, .box_h = 17, .ofs_x = 1, .ofs_y = -3},
    {.bitmap_index = 1831, .adv_w = 207, .box_w = 13, .box_h = 14, .ofs_x = 0, .ofs_y = 0},
    {.bitmap_index = 1922, .adv_w = 198, .box_w = 11, .box_h = 14, .ofs_x = 1, .ofs_y = 0},
    {.bitmap_index = 1999, .adv_w = 222, .box_w = 12, .box_h = 14, .ofs_x = 1, .ofs_y = 0},
    {.bitmap_index = 2083, .adv_w = 219, .box_w = 12, .box_h = 14, .ofs_x = 1, .ofs_y = 0},
    {.bitmap_index = 2167, .adv_w = 182, .box_w = 10, .box_h = 14, .ofs_x = 1, .ofs_y = 0},
    {.bitmap_index = 2237, .adv_w = 178, .box_w = 10, .box_h = 14, .ofs_x = 1, .ofs_y = 0},
    {.bitmap_index = 2307, .adv_w = 227, .box_w = 13, .box_h = 14, .ofs_x = 1, .ofs_y = 0},
    {.bitmap_index = 2398, .adv_w = 226, .box_w = 12, .box_h = 14, .ofs_x = 1, .ofs_y = 0},
    {.bitmap_index = 2482, .adv_w = 78, .box_w = 3, .box_h = 14, .ofs_x = 1, .ofs_y = 0},
    {.bitmap_index = 2503, .adv_w = 165, .box_w = 9, .box_h = 14, .ofs_x = 0, .ofs_y = 0},
    {.bitmap_index = 2566, .adv_w = 199, .box_w = 12, .box_h = 14, .ofs_x = 1, .ofs_y = 0},
    {.bitmap_index = 2650, .adv_w = 171, .box_w = 9, .box_h = 14, .ofs_x = 1, .ofs_y = 0},
    {.bitmap_index = 2713, .adv_w = 273, .box_w = 15, .box_h = 14, .ofs_x = 1, .ofs_y = 0},
    {.bitmap_index = 2818, .adv_w = 230, .box_w = 12, .box_h = 14, .ofs_x = 1, .ofs_y = 0},
    {.bitmap_index = 2902, .adv_w = 233, .box_w = 13, .box_h = 14, .ofs_x = 1, .ofs_y = 0},
    {.bitmap_index = 2993, .adv_w = 193, .box_w = 11, .box_h = 14, .ofs_x = 1, .ofs_y = 0},
    {.bitmap_index = 3070, .adv_w = 233, .box_w = 13, .box_h = 15, .ofs_x = 1, .ofs_y = -1},
    {.bitmap_index = 3168, .adv_w = 195, .box_w = 11, .box_h = 14, .ofs_x = 1, .ofs_y = 0},
    {.bitmap_index = 3245, .adv_w = 194, .box_w = 12, .box_h = 14, .ofs_x = 0, .ofs_y = 0},
    {.bitmap_index = 3329, .adv_w = 196, .box_w = 12, .box_h = 14, .ofs_x = 0, .ofs_y = 0},
    {.bitmap_index = 3413, .adv_w = 226, .box_w = 12, .box_h = 14, .ofs_x = 1, .ofs_y = 0},
    {.bitmap_index = 3497, .adv_w = 207, .box_w = 13, .box_h = 14, .ofs_x = 0, .ofs_y = 0},
    {.bitmap_index = 3588, .adv_w = 293, .box_w = 18, .box_h = 14, .ofs_x = 0, .ofs_y = 0},
    {.bitmap_index = 3714, .adv_w = 196, .box_w = 12, .box_h = 14, .ofs_x = 0, .ofs_y = 0},
    {.bitmap_index = 3798, .adv_w = 203, .box_w = 13, .box_h = 14, .ofs_x = 0, .ofs_y = 0},
    {.bitmap_index = 3889, .adv_w = 190, .box_w = 10, .box_h = 14, .ofs_x = 1, .ofs_y = 0},
    {.bitmap_index = 3959, .adv_w = 109, .box_w = 5, .box_h = 20, .ofs_x = 2, .ofs_y = -4},
    {.bitmap_index = 4009, .adv_w = 107, .box_w = 7, .box_h = 18, .ofs_x = 0, .ofs_y = -2},
    {.bitmap_index = 4072, .adv_w = 109, .box_w = 5, .box_h = 20, .ofs_x = 0, .ofs_y = -4},
    {.bitmap_index = 4122, .adv_w = 142, .box_w = 9, .box_h = 7, .ofs_x = 0, .ofs_y = 7},
    {.bitmap_index = 4154, .adv_w = 136, .box_w = 10, .box_h = 2, .ofs_x = -1, .ofs_y = -2},
    {.bitmap_index = 4164, .adv_w = 150, .box_w = 5, .box_h = 4, .ofs_x = 2, .ofs_y = 12},
    {.bitmap_index = 4174, .adv_w = 171, .box_w = 10, .box_h = 11, .ofs_x = 0, .ofs_y = 0},
    {.bitmap_index = 4229, .adv_w = 189, .box_w = 10, .box_h = 14, .ofs_x = 1, .ofs_y = 0},
    {.bitmap_index = 4299, .adv_w = 169, .box_w = 10, .box_h = 11, .ofs_x = 0, .ofs_y = 0},
    {.bitmap_index = 4354, .adv_w = 189, .box_w = 11, .box_h = 14, .ofs_x = 0, .ofs_y = 0},
    {.bitmap_index = 4431, .adv_w = 177, .box_w = 11, .box_h = 11, .ofs_x = 0, .ofs_y = 0},
    {.bitmap_index = 4492, .adv_w = 108, .box_w = 7, .box_h = 14, .ofs_x = 0, .ofs_y = 0},
    {.bitmap_index = 4541, .adv_w = 185, .box_w = 11, .box_h = 15, .ofs_x = 0, .ofs_y = -4},
    {.bitmap_index = 4624, .adv_w = 180, .box_w = 9, .box_h = 14, .ofs_x = 1, .ofs_y = 0},
    {.bitmap_index = 4687, .adv_w = 70, .box_w = 3, .box_h = 14, .ofs_x = 1, .ofs_y = 0},
    {.bitmap_index = 4708, .adv_w = 70, .box_w = 5, .box_h = 18, .ofs_x = -1, .ofs_y = -4},
    {.bitmap_index = 4753, .adv_w = 165, .box_w = 10, .box_h = 14, .ofs_x = 1, .ofs_y = 0},
    {.bitmap_index = 4823, .adv_w = 70, .box_w = 3, .box_h = 14, .ofs_x = 1, .ofs_y = 0},
    {.bitmap_index = 4844, .adv_w = 267, .box_w = 15, .box_h = 11, .ofs_x = 1, .ofs_y = 0},
    {.bitmap_index = 4927, .adv_w = 178, .box_w = 9, .box_h = 11, .ofs_x = 1, .ofs_y = 0},
    {.bitmap_index = 4977, .adv_w = 182, .box_w = 11, .box_h = 11, .ofs_x = 0, .ofs_y = 0},
    {.bitmap_index = 5038, .adv_w = 185, .box_w = 10, .box_h = 15, .ofs_x = 1, .ofs_y = -4},
    {.bitmap_index = 5113, .adv_w = 185, .box_w = 11, .box_h = 15, .ofs_x = 0, .ofs_y = -4},
    {.bitmap_index = 5196, .adv_w = 112, .box_w = 6, .box_h = 12, .ofs_x = 1, .ofs_y = 0},
    {.bitmap_index = 5232, .adv_w = 159, .box_w = 10, .box_h = 11, .ofs_x = 0, .ofs_y = 0},
    {.bitmap_index = 5287, .adv_w = 109, .box_w = 7, .box_h = 14, .ofs_x = 0, .ofs_y = 0},
    {.bitmap_index = 5336, .adv_w = 177, .box_w = 9, .box_h = 11, .ofs_x = 1, .ofs_y = 0},
    {.bitmap_index = 5386, .adv_w = 169, .box_w = 11, .box_h = 11, .ofs_x = 0, .ofs_y = 0},
    {.bitmap_index = 5447, .adv_w = 249, .box_w = 16, .box_h = 11, .ofs_x = 0, .ofs_y = 0},
    {.bitmap_index = 5535, .adv_w = 164, .box_w = 10, .box_h = 11, .ofs_x = 0, .ofs_y = 0},
    {.bitmap_index = 5590, .adv_w = 169, .box_w = 11, .box_h = 15, .ofs_x = 0, .ofs_y = -4},
    {.bitmap_index = 5673, .adv_w = 164, .box_w = 9, .box_h = 11, .ofs_x = 1, .ofs_y = 0},
    {.bitmap_index = 5723, .adv_w = 109, .box_w = 7, .box_h = 18, .ofs_x = 0, .ofs_y = -4},
    {.bitmap_index = 5786, .adv_w = 98, .box_w = 2, .box_h = 19, .ofs_x = 2, .ofs_y = -2},
    {.bitmap_index = 5805, .adv_w = 109, .box_w = 7, .box_h = 18, .ofs_x = 0, .ofs_y = -4},
    {.bitmap_index = 5868, .adv_w = 201, .box_w = 10, .box_h = 4, .ofs_x = 1, .ofs_y = 3},
    {.bitmap_index = 5888, .adv_w = 81, .box_w = 3, .box_h = 3, .ofs_x = 1, .ofs_y = 5},
    {.bitmap_index = 5893, .adv_w = 277, .box_w = 18, .box_h = 18, .ofs_x = 0, .ofs_y = -2},
    {.bitmap_index = 6055, .adv_w = 277, .box_w = 16, .box_h = 18, .ofs_x = 0, .ofs_y = -2},
    {.bitmap_index = 6199, .adv_w = 277, .box_w = 16, .box_h = 18, .ofs_x = 0, .ofs_y = -2},
    {.bitmap_index = 6343, .adv_w = 277, .box_w = 15, .box_h = 18, .ofs_x = 0, .ofs_y = -2},
    {.bitmap_index = 6478, .adv_w = 277, .box_w = 15, .box_h = 18, .ofs_x = 1, .ofs_y = -2},
    {.bitmap_index = 6613, .adv_w = 277, .box_w = 16, .box_h = 18, .ofs_x = 0, .ofs_y = -2},
    {.bitmap_index = 6757, .adv_w = 277, .box_w = 16, .box_h = 18, .ofs_x = 0, .ofs_y = -2},
    {.bitmap_index = 6901, .adv_w = 277, .box_w = 17, .box_h = 15, .ofs_x = 0, .ofs_y = 0},
    {.bitmap_index = 7029, .adv_w = 277, .box_w = 17, .box_h = 17, .ofs_x = 0, .ofs_y = -2},
    {.bitmap_index = 7174, .adv_w = 277, .box_w = 18, .box_h = 18, .ofs_x = 0, .ofs_y = -2},
    {.bitmap_index = 7336, .adv_w = 277, .box_w = 18, .box_h = 18, .ofs_x = 0, .ofs_y = -2},
    {.bitmap_index = 7498, .adv_w = 277, .box_w = 17, .box_h = 17, .ofs_x = 0, .ofs_y = -2},
    {.bitmap_index = 7643, .adv_w = 277, .box_w = 17, .box_h = 17, .ofs_x = 0, .ofs_y = -2},
    {.bitmap_index = 7788, .adv_w = 277, .box_w = 17, .box_h = 17, .ofs_x = 0, .ofs_y = -2},
    {.bitmap_index = 7933, .adv_w = 277, .box_w = 16, .box_h = 18, .ofs_x = 0, .ofs_y = -2},
    {.bitmap_index = 8077, .adv_w = 277, .box_w = 15, .box_h = 18, .ofs_x = 1, .ofs_y = -2},
    {.bitmap_index = 8212, .adv_w = 277, .box_w = 17, .box_h = 17, .ofs_x = 0, .ofs_y = -2},
    {.bitmap_index = 8357, .adv_w = 277, .box_w = 17, .box_h = 18, .ofs_x = 1, .ofs_y = -2},
    {.bitmap_index = 8510, .adv_w = 277, .box_w = 15, .box_h = 18, .ofs_x = 1, .ofs_y = -2},
    {.bitmap_index = 8645, .adv_w = 277, .box_w = 16, .box_h = 18, .ofs_x = 1, .ofs_y = -2},
    {.bitmap_index = 8789, .adv_w = 277, .box_w = 15, .box_h = 18, .ofs_x = 1, .ofs_y = -2},
    {.bitmap_index = 8924, .adv_w = 277, .box_w = 17, .box_h = 15, .ofs_x = 0, .ofs_y = 0},
    {.bitmap_index = 9052, .adv_w = 277, .box_w = 17, .box_h = 17, .ofs_x = 0, .ofs_y = -2},
    {.bitmap_index = 9197, .adv_w = 277, .box_w = 16, .box_h = 18, .ofs_x = 0, .ofs_y = -2},
    {.bitmap_index = 9341, .adv_w = 277, .box_w = 16, .box_h = 18, .ofs_x = 0, .ofs_y = -2},
    {.bitmap_index = 9485, .adv_w = 277, .box_w = 17, .box_h = 17, .ofs_x = 0, .ofs_y = -2},
    {.bitmap_index = 9630, .adv_w = 277, .box_w = 17, .box_h = 18, .ofs_x = 0, .ofs_y = -2},
    {.bitmap_index = 9783, .adv_w = 277, .box_w = 16, .box_h = 18, .ofs_x = 1, .ofs_y = -2},
    {.bitmap_index = 9927, .adv_w = 277, .box_w = 16, .box_h = 18, .ofs_x = 1, .ofs_y = -2},
    {.bitmap_index = 10071, .adv_w = 277, .box_w = 17, .box_h = 18, .ofs_x = 1, .ofs_y = -2},
    {.bitmap_index = 10224, .adv_w = 277, .box_w = 15, .box_h = 18, .ofs_x = 1, .ofs_y = -2},
    {.bitmap_index = 10359, .adv_w = 277, .box_w = 15, .box_h = 18, .ofs_x = 1, .ofs_y = -2},
    {.bitmap_index = 10494, .adv_w = 277, .box_w = 17, .box_h = 15, .ofs_x = 0, .ofs_y = 0},
    {.bitmap_index = 10622, .adv_w = 277, .box_w = 17, .box_h = 15, .ofs_x = 0, .ofs_y = 0},
    {.bitmap_index = 10750, .adv_w = 277, .box_w = 17, .box_h = 18, .ofs_x = 0, .ofs_y = -2},
    {.bitmap_index = 10903, .adv_w = 277, .box_w = 15, .box_h = 18, .ofs_x = 1, .ofs_y = -2},
    {.bitmap_index = 11038, .adv_w = 277, .box_w = 16, .box_h = 18, .ofs_x = 1, .ofs_y = -2},
    {.bitmap_index = 11182, .adv_w = 277, .box_w = 17, .box_h = 18, .ofs_x = 1, .ofs_y = -2},
    {.bitmap_index = 11335, .adv_w = 277, .box_w = 17, .box_h = 18, .ofs_x = 1, .ofs_y = -2},
    {.bitmap_index = 11488, .adv_w = 277, .box_w = 17, .box_h = 15, .ofs_x = 0, .ofs_y = 0},
    {.bitmap_index = 11616, .adv_w = 277, .box_w = 17, .box_h = 18, .ofs_x = 0, .ofs_y = -2},
    {.bitmap_index = 11769, .adv_w = 277, .box_w = 17, .box_h = 18, .ofs_x = 0, .ofs_y = -2},
    {.bitmap_index = 11922, .adv_w = 277, .box_w = 15, .box_h = 18, .ofs_x = 1, .ofs_y = -2},
    {.bitmap_index = 12057, .adv_w = 277, .box_w = 17, .box_h = 15, .ofs_x = 0, .ofs_y = 0},
    {.bitmap_index = 12185, .adv_w = 277, .box_w = 17, .box_h = 18, .ofs_x = 0, .ofs_y = -2},
    {.bitmap_index = 12338, .adv_w = 277, .box_w = 17, .box_h = 18, .ofs_x = 0, .ofs_y = -2},
    {.bitmap_index = 12491, .adv_w = 277, .box_w = 16, .box_h = 18, .ofs_x = 0, .ofs_y = -2},
    {.bitmap_index = 12635, .adv_w = 277, .box_w = 16, .box_h = 18, .ofs_x = 0, .ofs_y = -2},
    {.bitmap_index = 12779, .adv_w = 277, .box_w = 16, .box_h = 18, .ofs_x = 0, .ofs_y = -2},
    {.bitmap_index = 12923, .adv_w = 277, .box_w = 17, .box_h = 18, .ofs_x = 0, .ofs_y = -2},
    {.bitmap_index = 13076, .adv_w = 277, .box_w = 17, .box_h = 18, .ofs_x = 0, .ofs_y = -2},
    {.bitmap_index = 13229, .adv_w = 277, .box_w = 16, .box_h = 18, .ofs_x = 0, .ofs_y = -2},
    {.bitmap_index = 13373, .adv_w = 277, .box_w = 16, .box_h = 18, .ofs_x = 0, .ofs_y = -2},
    {.bitmap_index = 13517, .adv_w = 277, .box_w = 15, .box_h = 18, .ofs_x = 1, .ofs_y = -2},
    {.bitmap_index = 13652, .adv_w = 277, .box_w = 17, .box_h = 18, .ofs_x = 1, .ofs_y = -2},
    {.bitmap_index = 13805, .adv_w = 277, .box_w = 17, .box_h = 18, .ofs_x = 1, .ofs_y = -2},
    {.bitmap_index = 13958, .adv_w = 277, .box_w = 16, .box_h = 18, .ofs_x = 1, .ofs_y = -2},
    {.bitmap_index = 14102, .adv_w = 277, .box_w = 17, .box_h = 18, .ofs_x = 1, .ofs_y = -2},
    {.bitmap_index = 14255, .adv_w = 277, .box_w = 17, .box_h = 18, .ofs_x = 0, .ofs_y = -2},
    {.bitmap_index = 14408, .adv_w = 277, .box_w = 16, .box_h = 18, .ofs_x = 0, .ofs_y = -2},
    {.bitmap_index = 14552, .adv_w = 277, .box_w = 16, .box_h = 18, .ofs_x = 0, .ofs_y = -2},
    {.bitmap_index = 14696, .adv_w = 277, .box_w = 16, .box_h = 18, .ofs_x = 0, .ofs_y = -2},
    {.bitmap_index = 14840, .adv_w = 277, .box_w = 17, .box_h = 15, .ofs_x = 0, .ofs_y = 0},
    {.bitmap_index = 14968, .adv_w = 277, .box_w = 17, .box_h = 18, .ofs_x = 0, .ofs_y = -2},
    {.bitmap_index = 15121, .adv_w = 277, .box_w = 17, .box_h = 18, .ofs_x = 0, .ofs_y = -2},
    {.bitmap_index = 15274, .adv_w = 277, .box_w = 16, .box_h = 18, .ofs_x = 0, .ofs_y = -2},
    {.bitmap_index = 15418, .adv_w = 277, .box_w = 16, .box_h = 18, .ofs_x = 0, .ofs_y = -2},
    {.bitmap_index = 15562, .adv_w = 277, .box_w = 17, .box_h = 18, .ofs_x = 0, .ofs_y = -2},
    {.bitmap_index = 15715, .adv_w = 277, .box_w = 17, .box_h = 18, .ofs_x = 0, .ofs_y = -2},
    {.bitmap_index = 15868, .adv_w = 277, .box_w = 17, .box_h = 18, .ofs_x = 0, .ofs_y = -2},
    {.bitmap_index = 16021, .adv_w = 277, .box_w = 17, .box_h = 18, .ofs_x = 0, .ofs_y = -2},
    {.bitmap_index = 16174, .adv_w = 277, .box_w = 17, .box_h = 18, .ofs_x = 0, .ofs_y = -2},
    {.bitmap_index = 16327, .adv_w = 277, .box_w = 15, .box_h = 18, .ofs_x = 0, .ofs_y = -2},
    {.bitmap_index = 16462, .adv_w = 277, .box_w = 15, .box_h = 18, .ofs_x = 1, .ofs_y = -2},
    {.bitmap_index = 16597, .adv_w = 277, .box_w = 15, .box_h = 18, .ofs_x = 1, .ofs_y = -2},
    {.bitmap_index = 16732, .adv_w = 277, .box_w = 15, .box_h = 18, .ofs_x = 1, .ofs_y = -2},
    {.bitmap_index = 16867, .adv_w = 277, .box_w = 17, .box_h = 18, .ofs_x = 0, .ofs_y = -2},
    {.bitmap_index = 17020, .adv_w = 277, .box_w = 16, .box_h = 18, .ofs_x = 0, .ofs_y = -2},
    {.bitmap_index = 17164, .adv_w = 277, .box_w = 16, .box_h = 18, .ofs_x = 0, .ofs_y = -2},
    {.bitmap_index = 17308, .adv_w = 277, .box_w = 16, .box_h = 18, .ofs_x = 0, .ofs_y = -2},
    {.bitmap_index = 17452, .adv_w = 277, .box_w = 16, .box_h = 18, .ofs_x = 0, .ofs_y = -2},
    {.bitmap_index = 17596, .adv_w = 277, .box_w = 16, .box_h = 18, .ofs_x = 0, .ofs_y = -2},
    {.bitmap_index = 17740, .adv_w = 277, .box_w = 17, .box_h = 17, .ofs_x = 0, .ofs_y = -2},
    {.bitmap_index = 17885, .adv_w = 277, .box_w = 17, .box_h = 18, .ofs_x = 0, .ofs_y = -2},
    {.bitmap_index = 18038, .adv_w = 277, .box_w = 17, .box_h = 18, .ofs_x = 0, .ofs_y = -2},
    {.bitmap_index = 18191, .adv_w = 277, .box_w = 16, .box_h = 18, .ofs_x = 0, .ofs_y = -2},
    {.bitmap_index = 18335, .adv_w = 277, .box_w = 16, .box_h = 18, .ofs_x = 0, .ofs_y = -2},
    {.bitmap_index = 18479, .adv_w = 277, .box_w = 16, .box_h = 18, .ofs_x = 0, .ofs_y = -2},
    {.bitmap_index = 18623, .adv_w = 277, .box_w = 17, .box_h = 18, .ofs_x = 0, .ofs_y = -2},
    {.bitmap_index = 18776, .adv_w = 277, .box_w = 17, .box_h = 18, .ofs_x = 0, .ofs_y = -2},
    {.bitmap_index = 18929, .adv_w = 277, .box_w = 15, .box_h = 18, .ofs_x = 1, .ofs_y = -2},
    {.bitmap_index = 19064, .adv_w = 277, .box_w = 17, .box_h = 18, .ofs_x = 0, .ofs_y = -2},
    {.bitmap_index = 19217, .adv_w = 277, .box_w = 16, .box_h = 18, .ofs_x = 0, .ofs_y = -2},
    {.bitmap_index = 19361, .adv_w = 277, .box_w = 17, .box_h = 18, .ofs_x = 0, .ofs_y = -2},
    {.bitmap_index = 19514, .adv_w = 277, .box_w = 16, .box_h = 18, .ofs_x = 0, .ofs_y = -2},
    {.bitmap_index = 19658, .adv_w = 277, .box_w = 16, .box_h = 18, .ofs_x = 0, .ofs_y = -2},
    {.bitmap_index = 19802, .adv_w = 277, .box_w = 15, .box_h = 18, .ofs_x = 0, .ofs_y = -2},
    {.bitmap_index = 19937, .adv_w = 277, .box_w = 16, .box_h = 18, .ofs_x = 0, .ofs_y = -2},
    {.bitmap_index = 20081, .adv_w = 277, .box_w = 17, .box_h = 18, .ofs_x = 0, .ofs_y = -2},
    {.bitmap_index = 20234, .adv_w = 277, .box_w = 17, .box_h = 18, .ofs_x = 0, .ofs_y = -2},
    {.bitmap_index = 20387, .adv_w = 277, .box_w = 17, .box_h = 19, .ofs_x = 0, .ofs_y = -2}
};

/*---------------------
 *  CHARACTER MAPPING
 *--------------------*/

static const uint16_t unicode_list_1[] = {
    0x0, 0xab4d, 0xabbd, 0xabd5, 0xabf2, 0xabf9, 0xac06, 0xac0d,
    0xac29, 0xac3e, 0xac45, 0xac49, 0xacb5, 0xad45, 0xad52, 0xad79,
    0xad89, 0xaf93, 0xafe2, 0xaffd, 0xb22d, 0xb249, 0xb30d, 0xb322,
    0xb365, 0xb371, 0xb399, 0xb429, 0xb479, 0xb6c5, 0xb6d5, 0xb751,
    0xb76d, 0xb7a5, 0xb8bd, 0xb8c5, 0xb905, 0xb911, 0xb912, 0xb919,
    0xb9f1, 0xba85, 0xbaf5, 0xbc09, 0xbc3d, 0xbff5, 0xc00a, 0xc065,
    0xc081, 0xc0a1, 0xc0d6, 0xc161, 0xc225, 0xc229, 0xc235, 0xc491,
    0xc495, 0xc4a2, 0xc4a7, 0xc50f, 0xc519, 0xc539, 0xc54a, 0xc5dd,
    0xc5fd, 0xc609, 0xc619, 0xc64d, 0xc669, 0xc689, 0xc68d, 0xc695,
    0xc69a, 0xc6a1, 0xc6bd, 0xc6c1, 0xc6ce, 0xc6ee, 0xc6f5, 0xc74d,
    0xc75a, 0xc75e, 0xc765, 0xc845, 0xc85a, 0xc8d2, 0xc909, 0xcbf6,
    0xcbfd, 0xcce5, 0xcd6a, 0xd025, 0xd0fe, 0xd485, 0xd4a1, 0xd4bd,
    0xd4d2, 0xd521, 0xd54d, 0xd59d, 0xd59e, 0xd5b2
};

/*Collect the unicode lists and glyph_id offsets*/
static const lv_font_fmt_txt_cmap_t cmaps[] =
{
    {
        .range_start = 32, .range_length = 95, .glyph_id_start = 1,
        .unicode_list = NULL, .glyph_id_ofs_list = NULL, .list_length = 0, .type = LV_FONT_FMT_TXT_CMAP_FORMAT0_TINY
    },
    {
        .range_start = 183, .range_length = 54707, .glyph_id_start = 96,
        .unicode_list = unicode_list_1, .glyph_id_ofs_list = NULL, .list_length = 102, .type = LV_FONT_FMT_TXT_CMAP_SPARSE_TINY
    }
};

/*-----------------
 *    KERNING
 *----------------*/


/*Pair left and right glyphs for kerning*/
static const uint8_t kern_pair_glyph_ids[] =
{
    3, 7,
    3, 13,
    3, 15,
    3, 21,
    3, 34,
    3, 43,
    7, 3,
    7, 8,
    8, 7,
    8, 13,
    8, 15,
    8, 21,
    8, 34,
    8, 43,
    9, 68,
    9, 69,
    9, 70,
    9, 72,
    9, 75,
    9, 80,
    9, 82,
    11, 7,
    11, 13,
    11, 15,
    11, 21,
    11, 34,
    11, 43,
    11, 64,
    12, 19,
    12, 20,
    12, 24,
    12, 53,
    12, 55,
    12, 56,
    12, 57,
    12, 58,
    12, 61,
    12, 89,
    13, 1,
    13, 2,
    13, 3,
    13, 8,
    13, 17,
    13, 18,
    13, 20,
    13, 22,
    13, 23,
    13, 24,
    13, 25,
    13, 26,
    13, 32,
    13, 53,
    13, 58,
    13, 65,
    14, 19,
    14, 20,
    14, 24,
    14, 53,
    14, 55,
    14, 56,
    14, 57,
    14, 58,
    14, 61,
    14, 89,
    15, 1,
    15, 2,
    15, 3,
    15, 8,
    15, 17,
    15, 18,
    15, 20,
    15, 22,
    15, 23,
    15, 24,
    15, 25,
    15, 26,
    15, 32,
    15, 53,
    15, 58,
    15, 65,
    16, 13,
    16, 15,
    16, 43,
    16, 55,
    16, 56,
    16, 61,
    17, 13,
    17, 15,
    17, 24,
    17, 58,
    17, 64,
    18, 13,
    18, 15,
    19, 21,
    21, 13,
    21, 15,
    21, 18,
    22, 13,
    22, 15,
    23, 13,
    23, 15,
    23, 64,
    24, 4,
    24, 7,
    24, 13,
    24, 15,
    24, 17,
    24, 20,
    24, 21,
    24, 22,
    24, 23,
    24, 24,
    24, 25,
    24, 26,
    24, 27,
    24, 28,
    24, 29,
    24, 34,
    24, 43,
    24, 64,
    24, 66,
    24, 68,
    24, 69,
    24, 70,
    24, 72,
    24, 80,
    24, 82,
    24, 84,
    26, 13,
    26, 15,
    26, 24,
    26, 58,
    26, 64,
    27, 53,
    27, 55,
    27, 61,
    28, 53,
    28, 55,
    28, 61,
    31, 24,
    32, 34,
    60, 68,
    60, 69,
    60, 70,
    60, 72,
    60, 75,
    60, 80,
    60, 82,
    61, 13,
    61, 15,
    61, 53,
    61, 55,
    61, 56,
    61, 61,
    61, 87,
    61, 90,
    63, 7,
    63, 13,
    63, 15,
    63, 21,
    63, 34,
    63, 43,
    63, 64,
    64, 11,
    64, 17,
    64, 18,
    64, 20,
    64, 21,
    64, 22,
    64, 23,
    64, 25,
    64, 26,
    64, 36,
    64, 40,
    64, 48,
    64, 50,
    64, 53,
    64, 54,
    64, 55,
    64, 61,
    64, 63,
    64, 74,
    64, 75,
    64, 78,
    64, 79,
    64, 81,
    64, 83,
    64, 87,
    64, 90,
    92, 68,
    92, 69,
    92, 70,
    92, 72,
    92, 75,
    92, 80,
    92, 82,
    95, 19,
    95, 20,
    95, 24,
    95, 53,
    95, 55,
    95, 56,
    95, 57,
    95, 58,
    95, 61,
    95, 89,
    96, 19,
    96, 20,
    96, 24,
    96, 34,
    96, 43,
    96, 53,
    96, 55,
    96, 56,
    96, 57,
    96, 58,
    96, 61,
    96, 89
};

/* Kerning between the respective left and right glyphs
 * 4.4 format which needs to scaled with `kern_scale`*/
static const int8_t kern_pair_values[] =
{
    -11, -26, -26, -19, -25, -51, -11, -11,
    -11, -26, -26, -19, -25, -51, -3, -3,
    -3, -3, 9, -3, -3, -11, -42, -42,
    -14, -25, -30, -21, -10, -3, -7, -22,
    -15, -15, -19, -24, -15, -7, 0, 0,
    -26, -26, -8, -27, -8, -4, -8, -5,
    -7, -2, -28, -11, -11, -42, -10, -3,
    -7, -22, -15, -15, -19, -24, -15, -7,
    0, 0, -26, -26, -8, -27, -8, -4,
    -8, -5, -7, -2, -28, -11, -11, -42,
    -12, -12, -19, 0, 0, 0, -8, -8,
    -6, -11, -14, -13, -13, -5, -10, -10,
    -3, -8, -8, -11, -11, -14, -18, -14,
    -39, -39, -5, -5, -18, -3, -5, 6,
    -4, -3, -11, -11, -28, -34, -30, -50,
    -14, -16, -16, -16, -16, -16, -16, -12,
    -8, -8, -6, -11, -14, -11, -19, -19,
    -11, -19, -19, -23, -19, -3, -3, -3,
    -3, 9, -3, -3, 12, 12, -12, -16,
    -18, -16, -16, -16, -11, -42, -42, -14,
    -25, -30, -21, -21, -14, -34, -14, -18,
    -14, -14, -14, -14, -12, -12, -12, -12,
    -18, -12, -25, -25, -21, 11, 30, 14,
    14, 14, 14, -25, -25, -3, -3, -3,
    -3, 9, -3, -3, -10, -3, -7, -22,
    -15, -15, -19, -24, -15, -7, -10, -3,
    -7, -11, -14, -25, -12, -15, -14, -16,
    -12, -7
};

/*Collect the kern pair's data in one place*/
static const lv_font_fmt_txt_kern_pair_t kern_pairs =
{
    .glyph_ids = kern_pair_glyph_ids,
    .values = kern_pair_values,
    .pair_cnt = 218,
    .glyph_ids_size = 0
};

/*--------------------
 *  ALL CUSTOM DATA
 *--------------------*/

#if LVGL_VERSION_MAJOR == 8
/*Store all the custom data of the font*/
static  lv_font_fmt_txt_glyph_cache_t cache;
#endif

#if LVGL_VERSION_MAJOR >= 8
static const lv_font_fmt_txt_dsc_t font_dsc = {
#else
static lv_font_fmt_txt_dsc_t font_dsc = {
#endif
    .glyph_bitmap = glyph_bitmap,
    .glyph_dsc = glyph_dsc,
    .cmaps = cmaps,
    .kern_dsc = &kern_pairs,
    .kern_scale = 16,
    .cmap_num = 2,
    .bpp = 4,
    .kern_classes = 0,
    .bitmap_format = 0,
#if LVGL_VERSION_MAJOR == 8
    .cache = &cache
#endif
};



/*-----------------
 *  PUBLIC FONT
 *----------------*/

/*Initialize a public general font descriptor*/
#if LVGL_VERSION_MAJOR >= 8
const lv_font_t cg_font_20 = {
#else
lv_font_t cg_font_20 = {
#endif
    .get_glyph_dsc = lv_font_get_glyph_dsc_fmt_txt,    /*Function pointer to get glyph's data*/
    .get_glyph_bitmap = lv_font_get_bitmap_fmt_txt,    /*Function pointer to get glyph's bitmap*/
    .line_height = 21,          /*The maximum line height required by the font*/
    .base_line = 4,             /*Baseline measured from the bottom of the line*/
#if !(LVGL_VERSION_MAJOR == 6 && LVGL_VERSION_MINOR == 0)
    .subpx = LV_FONT_SUBPX_NONE,
#endif
#if LV_VERSION_CHECK(7, 4, 0) || LVGL_VERSION_MAJOR >= 8
    .underline_position = -3,
    .underline_thickness = 1,
#endif
    .dsc = &font_dsc,          /*The custom font data. Will be accessed by `get_glyph_bitmap/dsc` */
#if LV_VERSION_CHECK(8, 2, 0) || LVGL_VERSION_MAJOR >= 9
    .fallback = NULL,
#endif
    .user_data = NULL,
};



#endif /*#if CG_FONT_20*/
